nm_id;артикул;наша_цена_покупателя;цена_продающегося_родственника;отклонение_%;чистая_₽;маржа_%
964689648;23841;2800.0;1106.0;153;1468.64;44.16
209755861;15328;2140.0;1143.0;87;1334.34;52.48
964396202;348612;4188.0;2328.0;80;2251.38;42.57
964396336;348613;4188.0;2328.0;80;2251.38;42.57
964396519;34864;4188.0;2328.0;80;2251.38;42.57
967331080;348615;4188.0;2328.0;80;2251.38;42.57
967331154;34866;4188.0;2328.0;80;2251.38;42.57
199565709;35712;4679.0;2636.0;78;2153.14;36.44
199330772;3571;4679.0;2636.0;78;2153.14;36.44
209761526;34862;4140.0;2328.0;78;2026.21;41.2
209761562;34869;4140.0;2328.0;78;2026.21;41.2
209712572;12154;3871.0;2169.0;78;1582.79;34.42
215243848;348611;4140.0;2328.0;78;2026.21;41.2
209755246;12155;3871.0;2169.0;78;1582.79;34.42
209714647;34867;4140.0;2328.0;78;2026.21;41.2
199566065;00562;3953.0;2310.0;71;1588.09;33.82
199566119;00569;3953.0;2310.0;71;1588.09;33.82
216457905;239313;7088.0;4160.0;70;3346.47;37.39
216458370;23934;7088.0;4160.0;70;3346.47;37.39
216458517;23933;7088.0;4160.0;70;3346.47;37.39
216461235;239315;7088.0;4160.0;70;3346.47;37.39
327898199;239321;7088.0;4160.0;70;3346.47;37.39
216448724;239326;7088.0;4160.0;70;3346.47;37.39
858658268;53341;3132.0;1848.0;69;1437.02;38.63
858658430;53345;3132.0;1848.0;69;1437.02;38.63
216341532;53344;3132.0;1848.0;69;1437.02;38.63
199566691;33512;2430.0;1452.0;67;976.22;33.83
199569459;33511;2430.0;1452.0;67;976.22;33.83
200166878;027712;3002.0;1821.0;65;1211.52;33.98
200166892;02775;3002.0;1821.0;65;1211.52;33.98
200166910;027710;3002.0;1821.0;65;1211.52;33.98
200166925;02771;3002.0;1821.0;65;1211.52;33.98
199331160;3264;2369.0;1442.0;64;998.27;35.47
199566515;12103;4478.0;2761.0;62;2042.63;36.12
199331663;0012;2963.0;1834.0;62;1306.39;37.11
199571764;07451;3787.0;2346.0;61;1547.74;34.41
199572356;11522;6804.0;4219.0;61;3197.23;37.21
200165330;03083;3299.0;2068.0;60;1714.05;43.75
199570339;02423;3114.0;1957.0;59;1416.83;38.3
199333510;1430;6514.0;4103.0;59;3042.98;37.0
199572661;14302;6514.0;4103.0;59;3042.98;37.0
676792632;07774;7676.0;4916.0;56;2915.1;30.08
199571917;07773;7676.0;4916.0;56;2915.1;30.08
215241476;51902;2309.0;1484.0;56;1007.33;36.73
199571874;07458;3663.0;2346.0;56;1458.52;33.52
199565917;02792;3390.0;2182.0;55;1418.61;35.23
964246604;08661;2846.0;1846.0;54;1158.87;34.28
1002749362;18661;9628.0;6275.0;53;4337.0;36.12
1002749364;18662;9628.0;6275.0;53;4337.0;36.12
199569722;14381;2293.0;1512.0;52;855.85;31.42
199573228;22946;2804.0;1848.0;52;1038.8;31.19
967517066;45429;2584.0;1716.0;51;1169.7;38.11
216360999;4821;2358.0;1566.0;51;1092.15;38.98
199570276;02217;3980.0;2638.0;51;1911.53;40.43
199570277;022112;3980.0;2638.0;51;1911.53;40.43
199570284;022114;3980.0;2638.0;51;1911.53;40.43
199570297;02211;3980.0;2638.0;51;1911.53;40.43
209713490;2671;3198.0;2143.0;49;1361.61;35.84
256206130;55971;4123.0;2795.0;48;1752.43;35.78
964688172;14382;2216.0;1512.0;47;799.99;30.39
199566469;08662;2694.0;1846.0;46;1049.5;32.79
199566511;08664;2694.0;1846.0;46;1049.5;32.79
964246691;08663;2694.0;1846.0;46;1049.5;32.79
209714587;29493;3436.0;2367.0;45;1381.45;33.85
209664612;29491;3436.0;2367.0;45;1381.45;33.85
209714583;29492;3436.0;2367.0;45;1381.45;33.85
964707681;05612;3126.0;2203.0;42;1250.66;33.68
964707712;05614;3126.0;2203.0;42;1250.66;33.68
1002541530;05615;3126.0;2203.0;42;1250.66;33.68
1002541557;05616;3126.0;2203.0;42;1250.66;33.68
1002541568;05617;3126.0;2203.0;42;1250.66;33.68
216401425;12932;2024.0;1437.0;41;734.4;30.54
964332390;00881;2046.0;1450.0;41;799.31;32.88
964332601;008810;2046.0;1450.0;41;799.31;32.88
199331017;0255;3418.0;2419.0;41;1385.53;34.12
199564863;001831;4645.0;3310.0;40;2167.31;36.95
199565189;001832;4645.0;3310.0;40;2167.31;36.95
199565202;001822;4645.0;3310.0;40;2167.31;36.95
199565205;001813;4645.0;3310.0;40;2167.31;36.95
199565219;001830;4645.0;3310.0;40;2167.31;36.95
199565241;001847;4645.0;3310.0;40;2167.31;36.95
199565266;001849;4645.0;3310.0;40;2167.31;36.95
199565268;001833;4645.0;3310.0;40;2167.31;36.95
199565291;001855;4645.0;3310.0;40;2167.31;36.95
199565296;001839;4645.0;3310.0;40;2167.31;36.95
964871964;11052;2723.0;1956.0;39;862.94;26.68
199572520;13104;4343.0;3115.0;39;1773.49;32.34
964657443;436916;3967.0;2905.0;37;1629.72;34.59
964657572;436917;3967.0;2905.0;37;1629.72;34.59
964657626;436918;3967.0;2905.0;37;1629.72;34.59
964657719;436919;3967.0;2905.0;37;1629.72;34.59
964657947;43692;3967.0;2905.0;37;1629.72;34.59
964658056;436920;3967.0;2905.0;37;1629.72;34.59
964658294;436921;3967.0;2905.0;37;1629.72;34.59
964658438;436922;3967.0;2905.0;37;1629.72;34.59
964658546;436923;3967.0;2905.0;37;1629.72;34.59
964658727;436924;3967.0;2905.0;37;1629.72;34.59
964659373;436925;3967.0;2905.0;37;1629.72;34.59
964660135;436926;3967.0;2905.0;37;1629.72;34.59
964660641;436927;3967.0;2905.0;37;1629.72;34.59
964669321;436937;3967.0;2905.0;37;1629.72;34.59
964669437;436938;3967.0;2905.0;37;1629.72;34.59
964669555;436939;3967.0;2905.0;37;1629.72;34.59
964661454;436929;3967.0;2905.0;37;1629.72;34.59
964661687;43693;3967.0;2905.0;37;1629.72;34.59
964669895;43694;3967.0;2905.0;37;1629.72;34.59
964841953;21113;4400.0;3212.0;37;1880.86;33.85
964669998;436940;3967.0;2905.0;37;1629.72;34.59
964661892;436928;3967.0;2905.0;37;1629.72;34.59
964661893;436930;3967.0;2905.0;37;1629.72;34.59
964670216;436941;3967.0;2905.0;37;1629.72;34.59
964662082;436931;3967.0;2905.0;37;1629.72;34.59
964670495;436943;3967.0;2905.0;37;1629.72;34.59
964670531;436942;3967.0;2905.0;37;1629.72;34.59
964670682;436944;3967.0;2905.0;37;1629.72;34.59
964670755;436945;3967.0;2905.0;37;1629.72;34.59
964670939;436946;3967.0;2905.0;37;1629.72;34.59
964671042;436947;3967.0;2905.0;37;1629.72;34.59
964663178;436934;3967.0;2905.0;37;1629.72;34.59
964671375;436948;3967.0;2905.0;37;1629.72;34.59
964663425;436936;3967.0;2905.0;37;1629.72;34.59
964656064;43691;3967.0;2905.0;37;1629.72;34.59
964656247;436911;3967.0;2905.0;37;1629.72;34.59
964656333;436912;3967.0;2905.0;37;1629.72;34.59
964672756;43697;3967.0;2905.0;37;1629.72;34.59
964656573;436914;3967.0;2905.0;37;1629.72;34.59
964672960;43698;3967.0;2905.0;37;1629.72;34.59
964673054;43699;3967.0;2905.0;37;1629.72;34.59
964656693;436915;3967.0;2905.0;37;1629.72;34.59
200165721;08122;2576.0;1898.0;36;992.85;32.44
199331724;0110;2440.0;1801.0;35;1028.54;35.48
199570219;01103;2440.0;1801.0;35;1028.54;35.48
967374864;436910;3911.0;2905.0;35;1589.36;34.21
216425338;020081;3598.0;2708.0;33;1820.16;42.59
200164373;020017;3598.0;2708.0;33;1820.16;42.59
200164794;020076;3598.0;2708.0;33;1820.16;42.59
200164957;020040;3598.0;2708.0;33;1820.16;42.59
964784225;02322;1513.0;1136.0;33;633.0;38.98
400980510;4369;3855.0;2905.0;33;1548.99;33.83
199573344;23884;2380.0;1791.0;33;878.11;31.07
199566250;07379;3874.0;2926.0;32;1572.65;34.18
209663868;0275;2265.0;1716.0;32;691.36;25.69
199572538;13073;4241.0;3201.0;32;1955.14;36.51
964542738;019864;2343.0;1782.0;31;1057.69;38.0
964543081;01989;2343.0;1782.0;31;1057.69;38.0
967369658;019845;2343.0;1782.0;31;1057.69;38.0
967369690;019833;2343.0;1782.0;31;1057.69;38.0
964528258;019816;2343.0;1782.0;31;1057.69;38.0
964528323;019819;2343.0;1782.0;31;1057.69;38.0
964537261;019827;2343.0;1782.0;31;1057.69;38.0
964537262;019828;2343.0;1782.0;31;1057.69;38.0
964537344;019832;2343.0;1782.0;31;1057.69;38.0
964537348;019829;2343.0;1782.0;31;1057.69;38.0
964537524;019835;2343.0;1782.0;31;1057.69;38.0
964537828;019838;2343.0;1782.0;31;1057.69;38.0
964538068;019839;2343.0;1782.0;31;1057.69;38.0
964538430;019840;2343.0;1782.0;31;1057.69;38.0
964538458;019841;2343.0;1782.0;31;1057.69;38.0
964538664;019842;2343.0;1782.0;31;1057.69;38.0
964538794;019844;2343.0;1782.0;31;1057.69;38.0
964539302;019846;2343.0;1782.0;31;1057.69;38.0
964539351;019848;2343.0;1782.0;31;1057.69;38.0
964539952;019854;2343.0;1782.0;31;1057.69;38.0
964540283;019856;2343.0;1782.0;31;1057.69;38.0
199334012;2146;2744.0;2112.0;30;1130.12;34.68
209779262;43663;3169.0;2445.0;30;1271.68;33.78
209779265;43664;3169.0;2445.0;30;1271.68;33.78
209779269;43665;3169.0;2445.0;30;1271.68;33.78
199573055;21461;2744.0;2112.0;30;1130.12;34.68
199569492;32646;1862.0;1442.0;29;445.01;22.27
1001420974;01048;2493.0;1939.0;29;941.47;31.79
1001420984;01049;2493.0;1939.0;29;941.47;31.79
1001421046;010410;2493.0;1939.0;29;941.47;31.79
209780033;48372;5966.0;4622.0;29;2929.68;39.28
209780055;48377;5966.0;4622.0;29;2929.68;39.28
1002468181;02832;4039.0;3159.0;28;1766.17;36.81
1002468188;02833;4039.0;3159.0;28;1766.17;36.81
1002468267;02834;4039.0;3159.0;28;1766.17;36.81
967361261;01042;2458.0;1939.0;27;916.45;31.38
216401191;13253;3472.0;2739.0;27;1400.19;33.95
181081331;0816;3194.0;2512.0;27;1406.08;37.06
964483097;01043;2458.0;1939.0;27;916.45;31.38
964483199;01044;2458.0;1939.0;27;916.45;31.38
964673522;48373;5849.0;4622.0;27;2885.71;39.07
200164054;020030;3404.0;2708.0;26;1680.4;41.56
200164081;020027;3404.0;2708.0;26;1680.4;41.56
200164096;020025;3404.0;2708.0;26;1680.4;41.56
200164155;020020;3404.0;2708.0;26;1680.4;41.56
200164285;020016;3404.0;2708.0;26;1680.4;41.56
200164394;020032;3404.0;2708.0;26;1680.4;41.56
200164424;020028;3404.0;2708.0;26;1680.4;41.56
200164564;020011;3404.0;2708.0;26;1680.4;41.56
200164616;020010;3404.0;2708.0;26;1680.4;41.56
200164723;020077;3404.0;2708.0;26;1680.4;41.56
200164761;020072;3404.0;2708.0;26;1680.4;41.56
200164791;02007;3404.0;2708.0;26;1680.4;41.56
200164814;020051;3404.0;2708.0;26;1680.4;41.56
200164822;020099;3404.0;2708.0;26;1680.4;41.56
1002751533;19461;5557.0;4396.0;26;2265.04;32.28
1002751543;19462;5557.0;4396.0;26;2265.04;32.28
200164919;020042;3404.0;2708.0;26;1680.4;41.56
1002751546;19463;5557.0;4396.0;26;2265.04;32.28
200164920;020094;3404.0;2708.0;26;1680.4;41.56
200164963;020044;3404.0;2708.0;26;1680.4;41.56
200165013;020063;3404.0;2708.0;26;1680.4;41.56
200165032;020086;3404.0;2708.0;26;1680.4;41.56
200165040;020069;3404.0;2708.0;26;1680.4;41.56
200165057;020066;3404.0;2708.0;26;1680.4;41.56
200165091;020071;3404.0;2708.0;26;1680.4;41.56
1002672278;03204;1505.0;1195.0;26;718.06;44.46
964648078;03201;1505.0;1195.0;26;718.06;44.46
200163378;019458;1860.0;1488.0;25;794.13;39.78
200163745;019452;1860.0;1488.0;25;794.13;39.78
200163847;019475;1860.0;1488.0;25;794.13;39.78
200164025;019433;1860.0;1488.0;25;794.13;39.78
1040663754;436913;3631.0;2905.0;25;1387.52;32.17
859981325;00564;2887.0;2310.0;25;817.83;23.85
859981396;00567;2887.0;2310.0;25;817.83;23.85
565463453;41595;1809.0;1442.0;25;544.18;28.03
1040673692;436932;3631.0;2905.0;25;1387.52;32.17
967514277;55214;2380.0;1904.0;25;952.56;33.69
200163327;019431;1860.0;1488.0;25;794.13;39.78
964693606;12901;3043.0;2463.0;24;1132.39;31.33
964395288;018222;3723.0;3016.0;23;1584.82;35.84
964395752;01824;3723.0;3016.0;23;1584.82;35.84
964396214;01827;3723.0;3016.0;23;1584.82;35.84
967330042;018210;3723.0;3016.0;23;1584.82;35.84
967330151;018216;3723.0;3016.0;23;1584.82;35.84
967330758;01828;3723.0;3016.0;23;1584.82;35.84
967331099;01823;3723.0;3016.0;23;1584.82;35.84
199570121;006012;2169.0;1761.0;23;648.39;25.16
199570150;006010;2169.0;1761.0;23;648.39;25.16
1002452983;018228;3723.0;3016.0;23;1584.82;35.84
1002453008;018229;3723.0;3016.0;23;1584.82;35.84
964394833;018215;3723.0;3016.0;23;1584.82;35.84
964395005;018217;3723.0;3016.0;23;1584.82;35.84
964394673;018212;3723.0;3016.0;23;1584.82;35.84
1001406838;001913;2230.0;1834.0;22;776.82;29.32
1001406905;001915;2230.0;1834.0;22;776.82;29.32
199569632;114921;4913.0;4015.0;22;2200.61;35.47
478639733;55441;12869.0;10560.0;22;3147.82;19.62
478639880;55442;12869.0;10560.0;22;3147.82;19.62
199572338;114934;4913.0;4015.0;22;2200.61;35.47
199572349;114918;4913.0;4015.0;22;2200.61;35.47
199572402;11492;4913.0;4015.0;22;2200.61;35.47
199572415;11497;4913.0;4015.0;22;2200.61;35.47
1003667180;58771;1809.0;1480.0;22;472.84;24.36
1003667321;58779;1809.0;1480.0;22;472.84;24.36
860417007;00601;2138.0;1761.0;21;625.67;24.63
847847973;01987;2145.0;1782.0;20;914.61;35.89
199574603;53342;2223.0;1848.0;20;780.78;29.56
199574604;53343;2223.0;1848.0;20;780.78;29.56
199574612;53347;2223.0;1848.0;20;780.78;29.56
199574619;53349;2223.0;1848.0;20;780.78;29.56
200166011;08512;1689.0;1407.0;20;651.17;32.45
216422428;01971;2114.0;1755.0;20;948.25;37.76
967400046;02777;2192.0;1821.0;20;626.67;24.07
506657411;53552;1978.0;1642.0;20;719.79;30.63
199335591;5334;2223.0;1848.0;20;780.78;29.56
1003668097;58777;1754.0;1480.0;19;437.06;23.22
216458243;23935;4931.0;4160.0;19;1689.36;27.13
216460271;239312;4931.0;4160.0;19;1689.36;27.13
199333304;1287;3830.0;3217.0;19;1663.84;36.58
997760378;0501;2562.0;2162.0;19;683.85;22.47
1003667159;58772;1754.0;1480.0;19;437.06;23.22
1003667165;58775;1754.0;1480.0;19;437.06;23.22
1003667171;58773;1754.0;1480.0;19;437.06;23.22
1003667201;58774;1754.0;1480.0;19;437.06;23.22
1003667389;58778;1754.0;1480.0;19;437.06;23.22
1002464329;020214;4803.0;4085.0;18;2552.03;42.08
1002464339;020216;4803.0;4085.0;18;2552.03;42.08
1002464344;020215;4803.0;4085.0;18;2552.03;42.08
1002464426;020217;4803.0;4085.0;18;2552.03;42.08
1002464552;020218;4803.0;4085.0;18;2552.03;42.08
1002464555;020219;4803.0;4085.0;18;2552.03;42.08
1002464575;020221;4803.0;4085.0;18;2552.03;42.08
1002464594;020222;4803.0;4085.0;18;2552.03;42.08
1002464655;020223;4803.0;4085.0;18;2552.03;42.08
1002464662;020224;4803.0;4085.0;18;2552.03;42.08
1002464699;020226;4803.0;4085.0;18;2552.03;42.08
1002464706;020225;4803.0;4085.0;18;2552.03;42.08
200164833;02027;4803.0;4085.0;18;2552.03;42.08
1002464761;020227;4803.0;4085.0;18;2552.03;42.08
200164868;020213;4803.0;4085.0;18;2552.03;42.08
1002464778;020228;4803.0;4085.0;18;2552.03;42.08
1002464804;020229;4803.0;4085.0;18;2552.03;42.08
1002464816;020230;4803.0;4085.0;18;2552.03;42.08
1002464828;020231;4803.0;4085.0;18;2552.03;42.08
1002464871;020232;4803.0;4085.0;18;2552.03;42.08
1002464880;020233;4803.0;4085.0;18;2552.03;42.08
200164978;02026;4803.0;4085.0;18;2552.03;42.08
200164976;02024;4803.0;4085.0;18;2552.03;42.08
1002464928;020234;4803.0;4085.0;18;2552.03;42.08
1002464932;020235;4803.0;4085.0;18;2552.03;42.08
1002464966;020236;4803.0;4085.0;18;2552.03;42.08
1002464975;020237;4803.0;4085.0;18;2552.03;42.08
200165113;020211;4803.0;4085.0;18;2552.03;42.08
1002465106;020238;4803.0;4085.0;18;2552.03;42.08
1002465118;020239;4803.0;4085.0;18;2552.03;42.08
1002465277;020240;4803.0;4085.0;18;2552.03;42.08
1002465316;020241;4803.0;4085.0;18;2552.03;42.08
1002465390;020242;4803.0;4085.0;18;2552.03;42.08
1002465484;020244;4803.0;4085.0;18;2552.03;42.08
1002465507;020247;4803.0;4085.0;18;2552.03;42.08
1002465508;020245;4803.0;4085.0;18;2552.03;42.08
1002465513;020246;4803.0;4085.0;18;2552.03;42.08
1002465559;020248;4803.0;4085.0;18;2552.03;42.08
1002465583;020249;4803.0;4085.0;18;2552.03;42.08
1002465608;020251;4803.0;4085.0;18;2552.03;42.08
967403853;14347;3678.0;3129.0;18;1110.39;25.41
1002465641;020253;4803.0;4085.0;18;2552.03;42.08
1002465651;020252;4803.0;4085.0;18;2552.03;42.08
1002465715;020254;4803.0;4085.0;18;2552.03;42.08
1002465752;020255;4803.0;4085.0;18;2552.03;42.08
1002465973;020257;4803.0;4085.0;18;2552.03;42.08
1002465975;020256;4803.0;4085.0;18;2552.03;42.08
1002465981;020258;4803.0;4085.0;18;2552.03;42.08
1002466011;020260;4803.0;4085.0;18;2552.03;42.08
1002466014;020259;4803.0;4085.0;18;2552.03;42.08
1002466019;020261;4803.0;4085.0;18;2552.03;42.08
200167239;10425;1772.0;1499.0;18;403.27;21.21
964849573;14343;3678.0;3129.0;18;1110.39;25.41
964849694;14346;3678.0;3129.0;18;1110.39;25.41
964850059;14348;3678.0;3129.0;18;1110.39;25.41
964952670;45423;2006.0;1716.0;17;752.35;31.57
967421253;52871;2939.0;2502.0;17;903.02;25.87
967421352;52874;2939.0;2502.0;17;903.02;25.87
967421492;52877;2939.0;2502.0;17;903.02;25.87
964829242;02794;2532.0;2182.0;16;714.56;23.75
964829386;02796;2532.0;2182.0;16;714.56;23.75
964714717;21353;1856.0;1595.0;16;442.55;22.21
216424885;00814;1651.0;1422.0;16;451.91;25.5
860417299;00607;2044.0;1761.0;16;557.51;22.96
200166201;02745;1809.0;1555.0;16;485.19;24.99
200166413;027410;1809.0;1555.0;16;485.19;24.99
860417093;006014;2044.0;1761.0;16;557.51;22.96
860417160;006015;2044.0;1761.0;16;557.51;22.96
860417199;00603;2044.0;1761.0;16;557.51;22.96
200166657;07344;1332.0;1152.0;16;228.11;17.12
200166695;07342;1332.0;1152.0;16;228.11;17.12
860417325;00608;2044.0;1761.0;16;557.51;22.96
860417463;00609;2044.0;1761.0;16;557.51;22.96
199569934;00259;3339.0;2869.0;16;1070.1;26.98
181097513;0274;1809.0;1555.0;16;401.7;20.69
964236329;00023;1635.0;1405.0;16;418.62;23.85
216425288;04247;2868.0;2498.0;15;985.17;28.92
1002554205;028013;1763.0;1537.0;15;458.55;21.9
1002554248;028014;1763.0;1537.0;15;458.55;21.9
181052383;0194;1711.0;1488.0;15;696.97;37.94
967519220;57674;3839.0;3327.0;15;1108.52;24.31
862931960;23195;1781.0;1555.0;15;473.78;24.79
964498281;04112;7661.0;6679.0;15;2834.15;29.3
216341573;042410;2868.0;2498.0;15;985.17;28.92
209753854;04248;2868.0;2498.0;15;985.17;28.92
967514176;55212;2190.0;1904.0;15;814.96;31.33
967514218;55213;2190.0;1904.0;15;814.96;31.33
216341580;042412;2868.0;2498.0;15;985.17;28.92
209664624;042413;2868.0;2498.0;15;985.17;28.92
964455098;44433;1292.0;1130.0;14;521.58;40.37
964455142;44438;1292.0;1130.0;14;521.58;40.37
860417204;00604;2012.0;1761.0;14;534.79;22.37
967421276;528711;2859.0;2502.0;14;845.63;24.9
967405161;062111;3287.0;2882.0;14;916.81;23.48
967421583;52879;2859.0;2502.0;14;845.63;24.9
216428987;0306;4031.0;3535.0;14;1445.62;30.19
964810273;18351;2539.0;2231.0;14;728.02;24.14
964714422;27701;3486.0;3050.0;14;980.14;23.67
967294912;34262;1986.0;1745.0;14;517.85;21.95
1003268783;33671;1677.0;1482.0;13;471.93;26.22
1003268809;33672;1677.0;1482.0;13;471.93;26.22
1003268852;33675;1677.0;1482.0;13;471.93;26.22
1003268882;33674;1677.0;1482.0;13;471.93;26.22
1003268935;33676;1677.0;1482.0;13;471.93;26.22
1003268977;33673;1677.0;1482.0;13;471.93;26.22
1003269019;33677;1677.0;1482.0;13;471.93;26.22
1003269097;33678;1677.0;1482.0;13;471.93;26.22
1003269108;33679;1677.0;1482.0;13;471.93;26.22
200166462;027611;2857.0;2519.0;13;1178.85;34.74
1003269190;336710;1677.0;1482.0;13;471.93;26.22
1003269409;336712;1677.0;1482.0;13;471.93;26.22
1003269436;336713;1677.0;1482.0;13;471.93;26.22
1003269496;336714;1677.0;1482.0;13;471.93;26.22
1003269548;336715;1677.0;1482.0;13;471.93;26.22
209752517;00509;3146.0;2793.0;13;1310.83;35.08
566802286;0424;2821.0;2498.0;13;951.75;28.4
199333895;2018;4197.0;3706.0;13;1695.95;34.02
967514357;55215;2158.0;1904.0;13;792.03;30.89
860502572;02401;1586.0;1399.0;13;416.48;24.47
860502585;02402;1586.0;1399.0;13;416.48;24.47
860502623;02403;1586.0;1399.0;13;416.48;24.47
199572306;10784;3032.0;2673.0;13;715.74;19.87
199572864;20181;4197.0;3706.0;13;1695.95;34.02
964829070;104212;1697.0;1499.0;13;354.4;19.46
199569578;00316;4424.0;3953.0;12;1292.95;23.14
964875006;10781;2981.0;2673.0;12;678.6;19.16
964875043;10782;2981.0;2673.0;12;678.6;19.16
964875362;10783;2981.0;2673.0;12;678.6;19.16
964548005;23121;3266.0;2908.0;12;1304.31;33.62
199333789;1973;2646.0;2365.0;12;743.51;23.66
209714357;23127;3266.0;2908.0;12;1304.31;33.62
1003658424;58071;4084.0;3653.0;12;1386.13;26.87
199572786;19731;2646.0;2365.0;12;743.51;23.66
199572792;19733;2646.0;2365.0;12;743.51;23.66
199565712;35711;2935.0;2636.0;11;679.39;19.49
964518797;032815;899.0;809.0;11;321.97;35.81
964519205;032822;899.0;809.0;11;321.97;35.81
964519598;032827;899.0;809.0;11;321.97;35.81
964519848;03289;899.0;809.0;11;321.97;35.81
200165388;032811;899.0;809.0;11;321.97;35.81
200165458;03287;899.0;809.0;11;321.97;35.81
200165488;032813;899.0;809.0;11;321.97;35.81
200165509;03283;899.0;809.0;11;321.97;35.81
200165543;032810;899.0;809.0;11;321.97;35.81
200165544;03288;899.0;809.0;11;321.97;35.81
200165547;032819;899.0;809.0;11;321.97;35.81
964446421;01461;579.0;521.0;11;207.85;35.9
215239472;03291;926.0;833.0;11;326.39;35.25
964447500;01465;579.0;521.0;11;207.85;35.9
1002527926;032832;899.0;809.0;11;321.97;35.81
967366276;032812;899.0;809.0;11;321.97;35.81
967366319;032823;899.0;809.0;11;321.97;35.81
1002527857;032828;899.0;809.0;11;321.97;35.81
1002527922;032829;899.0;809.0;11;321.97;35.81
1002527924;032830;899.0;809.0;11;321.97;35.81
1002527929;032831;899.0;809.0;11;321.97;35.81
967351728;01462;579.0;521.0;11;207.85;35.9
967351773;01464;579.0;521.0;11;207.85;35.9
199573309;23194;1724.0;1555.0;11;436.87;23.6
199573333;23197;1724.0;1555.0;11;436.87;23.6
209732180;4600;1623.0;1477.0;10;642.16;36.87
1002554286;00981;1727.0;1564.0;10;746.85;36.4
1003383296;42132;2011.0;1834.0;10;605.76;25.36
181094926;0825;1738.0;1580.0;10;539.93;28.94
859943729;00258;3151.0;2869.0;10;934.18;24.96
964333448;34483;2336.0;2121.0;10;627.0;22.59
200167532;32625;1820.0;1662.0;10;551.99;25.54
964251977;34261;1923.0;1745.0;10;472.29;20.67
964252069;34263;1923.0;1745.0;10;472.29;20.67
859943592;00251;3151.0;2869.0;10;934.18;24.96
859943593;00252;3151.0;2869.0;10;934.18;24.96
859943601;00253;3151.0;2869.0;10;934.18;24.96
859943674;00254;3151.0;2869.0;10;934.18;24.96
859943678;00255;3151.0;2869.0;10;934.18;24.96
859943711;00257;3151.0;2869.0;10;934.18;24.96
860502702;02404;1539.0;1399.0;10;386.02;23.37
209779894;46002;1623.0;1477.0;10;642.16;36.87
209779896;46003;1623.0;1477.0;10;642.16;36.87
209779903;46004;1623.0;1477.0;10;642.16;36.87
209779910;46005;1623.0;1477.0;10;642.16;36.87
209779919;46006;1623.0;1477.0;10;642.16;36.87
200164109;019831;1947.0;1782.0;9;771.54;33.36
200164395;019834;1947.0;1782.0;9;771.54;33.36
200164396;019861;1947.0;1782.0;9;771.54;33.36
200164534;019859;1947.0;1782.0;9;771.54;33.36
199566551;35471;1955.0;1792.0;9;453.13;19.51
200164567;019817;1947.0;1782.0;9;771.54;33.36
964709476;08632;1780.0;1632.0;9;427.95;20.24
1001410557;00273;1788.0;1639.0;9;452.84;21.32
1001410614;00274;1788.0;1639.0;9;452.84;21.32
199569486;32641;1573.0;1442.0;9;256.71;15.2
964489679;00317;4296.0;3953.0;9;1194.45;22.02
199569917;41592;1573.0;1442.0;9;390.12;23.11
199570158;01172;1480.0;1360.0;9;495.99;33.51
181116136;1168;1601.0;1465.0;9;310.93;18.09
199573336;23882;1952.0;1791.0;9;568.99;24.54
859987977;53522;1563.0;1450.0;8;340.88;20.32
964616235;019434;1612.0;1488.0;8;632.2;36.54
964641344;01947;1612.0;1488.0;8;632.2;36.54
964641416;019470;1612.0;1488.0;8;632.2;36.54
964634843;019436;1612.0;1488.0;8;632.2;36.54
964635001;019440;1612.0;1488.0;8;632.2;36.54
964635240;019445;1612.0;1488.0;8;632.2;36.54
964635261;019446;1612.0;1488.0;8;632.2;36.54
964390183;239515;3856.0;3573.0;8;1481.99;32.35
964390351;23955;3856.0;3573.0;8;1481.99;32.35
199573709;28944;3965.0;3663.0;8;1932.46;41.03
964260403;08566;1613.0;1495.0;8;440.14;25.42
216429550;02274;1855.0;1716.0;8;632.74;28.71
964637690;01945;1612.0;1488.0;8;632.2;36.54
964260907;08567;1613.0;1495.0;8;440.14;25.42
860493520;02372;1472.0;1359.0;8;408.57;27.74
964614137;019420;1612.0;1488.0;8;632.2;36.54
964614690;019424;1612.0;1488.0;8;632.2;36.54
199571935;08631;1755.0;1632.0;8;287.26;15.25
964637579;019447;1612.0;1488.0;8;632.2;36.54
967326739;239511;3856.0;3573.0;8;1481.99;32.35
964639854;019453;1612.0;1488.0;8;632.2;36.54
964640092;019454;1612.0;1488.0;8;632.2;36.54
964615923;019432;1612.0;1488.0;8;632.2;36.54
964640693;019463;1612.0;1488.0;8;632.2;36.54
964640762;019466;1612.0;1488.0;8;632.2;36.54
967393446;02323;1218.0;1136.0;7;386.03;31.69
967508188;53707;1662.0;1553.0;7;301.02;16.87
199565669;08253;1693.0;1580.0;7;510.45;28.09
967360913;52762;1450.0;1359.0;7;523.83;36.12
200164082;019851;1914.0;1782.0;7;747.69;32.89
200164222;01981;1914.0;1782.0;7;747.69;32.89
200164538;019810;1914.0;1782.0;7;747.69;32.89
860432315;02214;2817.0;2638.0;7;1071.38;32.01
860432554;02219;2817.0;2638.0;7;1071.38;32.01
199331161;1322;6619.0;6201.0;7;2917.95;34.91
964702660;24001;2272.0;2128.0;7;624.42;23.14
181097419;0851;1508.0;1407.0;7;441.6;27.28
964596761;03253;1162.0;1090.0;7;439.99;37.86
181097526;0279;2338.0;2182.0;7;573.79;20.66
967308508;001829;3527.0;3310.0;7;1147.8;27.39
967308811;001854;3527.0;3310.0;7;1147.8;27.39
216422340;00027;1507.0;1405.0;7;335.22;20.72
199334116;2319;1668.0;1555.0;7;399.96;22.34
860429626;022110;2817.0;2638.0;7;1071.38;32.01
860429670;022111;2817.0;2638.0;7;1071.38;32.01
860429680;022113;2817.0;2638.0;7;1071.38;32.01
860429685;022115;2817.0;2638.0;7;1071.38;32.01
860429717;022117;2817.0;2638.0;7;1071.38;32.01
860429724;02212;2817.0;2638.0;7;1071.38;32.01
860429778;02213;2817.0;2638.0;7;1071.38;32.01
860429867;02215;2817.0;2638.0;7;1071.38;32.01
860429942;02216;2817.0;2638.0;7;1071.38;32.01
199573326;23198;1668.0;1555.0;7;399.96;22.34
860430199;02218;2817.0;2638.0;7;1071.38;32.01
967376869;12102;2952.0;2761.0;7;735.43;20.98
199565550;08258;1671.0;1580.0;6;495.71;27.65
199565673;08257;1671.0;1580.0;6;495.71;27.65
967312455;11683;1554.0;1465.0;6;280.19;16.8
199566595;02329;1201.0;1136.0;6;376.15;31.3
199566605;02325;1201.0;1136.0;6;376.15;31.3
216356993;459910;1487.0;1402.0;6;559.96;37.64
216356994;459911;1487.0;1402.0;6;559.96;37.64
199331787;0278;1938.0;1834.0;6;384.11;16.68
964785152;02326;1201.0;1136.0;6;376.15;31.3
216355875;4599;1487.0;1402.0;6;559.96;37.64
964785607;02328;1201.0;1136.0;6;376.15;31.3
216356769;45993;1487.0;1402.0;6;559.96;37.64
216356800;45998;1487.0;1402.0;6;559.96;37.64
216356999;459912;1487.0;1402.0;6;559.96;37.64
199334121;2371;2640.0;2495.0;6;1030.21;32.85
964344296;11681;1554.0;1465.0;6;280.19;16.8
964344503;116813;1554.0;1465.0;6;280.19;16.8
964344712;11686;1554.0;1465.0;6;280.19;16.8
209665436;018218;3204.0;3016.0;6;1210.3;31.8
209714731;018223;3204.0;3016.0;6;1210.3;31.8
967508077;53703;1635.0;1553.0;5;283.22;16.14
964485261;00302;4028.0;3821.0;5;1175.2;23.11
967508143;53705;1635.0;1553.0;5;283.22;16.14
964485347;00303;4028.0;3821.0;5;1175.2;23.11
199565580;21838;1401.0;1335.0;5;450.8;32.16
199565595;21837;1401.0;1335.0;5;450.8;32.16
964485434;00304;4028.0;3821.0;5;1175.2;23.11
964485484;00305;4028.0;3821.0;5;1175.2;23.11
964485499;00307;4028.0;3821.0;5;1175.2;23.11
964485543;00308;4028.0;3821.0;5;1175.2;23.11
964485605;00309;4028.0;3821.0;5;1175.2;23.11
967295582;00816;1498.0;1422.0;5;352.42;21.91
200164182;01985;1863.0;1782.0;5;580.77;29.05
199572144;09823;2060.0;1968.0;5;1008.94;41.22
200166350;079217;1779.0;1693.0;5;332.89;17.44
1001410478;002510;3010.0;2869.0;5;832.24;23.28
199569684;06213;3034.0;2882.0;5;734.11;20.37
199569713;06217;3034.0;2882.0;5;734.11;20.37
964481329;52763;1427.0;1359.0;5;510.05;35.73
964915587;53692;1547.0;1480.0;5;290.94;17.52
181105141;0621;3034.0;2882.0;5;734.11;20.37
199569936;00182;3473.0;3310.0;5;1108.59;26.87
1002607820;10328;4254.0;4050.0;5;1346.11;25.06
199570645;06218;3034.0;2882.0;5;734.11;20.37
199570653;06211;3034.0;2882.0;5;734.11;20.37
199570658;062110;3034.0;2882.0;5;734.11;20.37
1002927403;23199;1640.0;1555.0;5;381.5;21.68
1002927556;231910;1640.0;1555.0;5;381.5;21.68
1002927574;231911;1640.0;1555.0;5;381.5;21.68
1002927598;231912;1640.0;1555.0;5;381.5;21.68
1002927618;231913;1640.0;1555.0;5;381.5;21.68
1002927681;231914;1640.0;1555.0;5;381.5;21.68
967497860;459916;1470.0;1402.0;5;549.31;37.37
964483695;00301;4028.0;3821.0;5;1175.2;23.11
964549586;030616;3721.0;3535.0;5;1221.58;27.64
200163086;23551;2136.0;2030.0;5;488.53;19.25
199565232;001826;3473.0;3310.0;5;1108.59;26.87
964673622;48376;4815.0;4622.0;4;2091.31;34.39
199565906;12855;1830.0;1767.0;4;458.7;23.36
199566489;07811;1211.0;1165.0;4;407.33;33.63
964864490;51901;1539.0;1484.0;4;343.59;20.81
200166213;07925;1762.0;1693.0;4;445.27;21.27
200166404;079212;1762.0;1693.0;4;445.27;21.27
964702962;01171;1420.0;1360.0;4;459.49;32.36
1001403606;53533;1482.0;1427.0;4;222.58;15.01
1001403653;53534;1482.0;1427.0;4;222.58;15.01
964253014;008111;1473.0;1422.0;4;335.84;21.24
199333317;1279;1843.0;1768.0;4;403.47;18.43
1001403937;53535;1482.0;1427.0;4;222.58;15.01
1001403942;53536;1482.0;1427.0;4;222.58;15.01
964253380;00813;1473.0;1422.0;4;335.84;21.24
327898987;32643;1494.0;1442.0;4;292.41;18.23
216422465;00271;1701.0;1639.0;4;271.13;14.85
435739525;32013;1263.0;1219.0;4;191.08;15.13
209763484;43523;2169.0;2094.0;4;592.69;23.0
964673436;48371;4815.0;4622.0;4;2091.31;34.39
199565385;29702;1478.0;1441.0;3;209.18;14.15
199565390;29706;1478.0;1441.0;3;209.18;14.15
199565399;29701;1478.0;1441.0;3;209.18;14.15
964821085;07927;1750.0;1693.0;3;314.16;16.73
964821181;07928;1750.0;1693.0;3;314.16;16.73
199574406;43331;1755.0;1697.0;3;420.67;22.34
964731952;13111;3981.0;3854.0;3;1101.82;23.3
860505835;02425;2012.0;1957.0;3;620.56;25.96
964683587;26383;3159.0;3060.0;3;849.21;22.63
967519468;09681;2691.0;2610.0;3;1094.43;34.23
1002466651;02427;2012.0;1957.0;3;620.56;25.96
860491930;02362;1474.0;1436.0;3;367.84;24.95
967381207;13112;3981.0;3854.0;3;1101.82;23.3
199569631;10352;2810.0;2725.0;3;777.35;23.29
209761060;31691;3935.0;3803.0;3;1558.05;33.33
967399314;079224;1750.0;1693.0;3;314.16;16.73
1002928928;24004;2200.0;2128.0;3;572.3;21.9
432503653;39582;2836.0;2751.0;3;972.3;28.86
859848032;00194;1880.0;1834.0;3;523.56;23.44
199572865;20492;1868.0;1806.0;3;414.72;18.69
859848097;00195;1880.0;1834.0;3;523.56;23.44
859848107;00196;1880.0;1834.0;3;523.56;23.44
859848144;00197;1880.0;1834.0;3;523.56;23.44
859848157;00198;1880.0;1834.0;3;523.56;23.44
859848234;00199;1880.0;1834.0;3;523.56;23.44
1002610368;11707;1343.0;1309.0;3;329.01;24.5
1002610532;117010;1343.0;1309.0;3;329.01;24.5
964820969;079223;1750.0;1693.0;3;314.16;16.73
199565737;38983;1635.0;1608.0;2;565.68;32.23
964297157;001851;3365.0;3310.0;2;1030.17;25.78
964485689;02072;3783.0;3718.0;2;936.33;20.84
964297277;001852;3365.0;3310.0;2;1030.17;25.78
964485752;02073;3783.0;3718.0;2;936.33;20.84
964485964;02075;3783.0;3718.0;2;936.33;20.84
967361437;02077;3783.0;3718.0;2;936.33;20.84
199574819;53704;1581.0;1553.0;2;247.64;14.6
199574821;53706;1581.0;1553.0;2;247.64;14.6
964315742;00188;3365.0;3310.0;2;1030.17;25.78
200166200;079222;1721.0;1693.0;2;295.43;15.99
200166241;07926;1721.0;1693.0;2;295.43;15.99
200166242;079225;1721.0;1693.0;2;295.43;15.99
200166258;079226;1721.0;1693.0;2;295.43;15.99
200166260;07922;1721.0;1693.0;2;295.43;15.99
964316022;00189;3365.0;3310.0;2;1030.17;25.78
200166272;079221;1721.0;1693.0;2;295.43;15.99
200166273;079215;1721.0;1693.0;2;295.43;15.99
200166310;079210;1721.0;1693.0;2;295.43;15.99
200166326;07929;1721.0;1693.0;2;295.43;15.99
200166353;079219;1721.0;1693.0;2;295.43;15.99
200166355;079214;1721.0;1693.0;2;295.43;15.99
200166380;07923;1721.0;1693.0;2;295.43;15.99
200166394;079216;1721.0;1693.0;2;295.43;15.99
200166486;079211;1721.0;1693.0;2;295.43;15.99
964783248;13232;1805.0;1776.0;2;337.15;17.4
964783257;13235;1805.0;1776.0;2;337.15;17.4
964783265;13236;1805.0;1776.0;2;337.15;17.4
216403601;53701;1581.0;1553.0;2;247.64;14.6
199569619;12792;1812.0;1768.0;2;381.27;17.71
199569649;12796;1812.0;1768.0;2;381.27;17.71
199569651;12795;1812.0;1768.0;2;381.27;17.71
199569712;12791;1812.0;1768.0;2;381.27;17.71
964702791;24003;2164.0;2128.0;2;546.24;21.25
964702802;24002;2164.0;2128.0;2;546.24;21.25
216429285;0283;3211.0;3159.0;2;1167.5;30.61
964867006;13338;3078.0;3032.0;2;846.86;23.16
964875361;35472;1824.0;1792.0;2;358.97;16.56
199333796;2049;1837.0;1806.0;2;392.22;17.97
256203033;5597;2840.0;2795.0;2;825.51;24.47
964295266;001810;3365.0;3310.0;2;1030.17;25.78
209714348;23124;2953.0;2908.0;2;1077.99;30.73
967392823;02302;1505.0;1469.0;2;499.53;30.93
199335612;5348;1919.0;1885.0;2;430.29;18.88
199569701;12793;1812.0;1768.0;2;381.27;17.71
964296550;001846;3365.0;3310.0;2;1030.17;25.78
964255970;11702;1326.0;1309.0;1;318.67;24.03
967508982;54061;1715.0;1702.0;1;465.56;22.85
967509062;54062;1715.0;1702.0;1;465.56;22.85
860497967;02391;1267.0;1249.0;1;271.96;21.46
860497979;02392;1267.0;1249.0;1;271.96;21.46
860498009;02393;1267.0;1249.0;1;271.96;21.46
1002744523;16665;1715.0;1691.0;1;467.13;22.93
1002744606;16667;1715.0;1691.0;1;467.13;22.93
181104941;0004;2859.0;2829.0;1;1255.06;36.95
181049971;001912;1848.0;1834.0;1;500.53;22.8
199565288;001911;1848.0;1834.0;1;500.53;22.8
199565338;07292;2534.0;2534.0;0;886.89;29.46
967347206;029713;899.0;899.0;0;321.97;35.81
199565488;01046;1939.0;1939.0;0;541.16;23.49
964288749;058722;799.0;799.0;0;319.68;40.01
200163703;019457;1490.0;1488.0;0;486.46;32.63
964288920;05873;799.0;799.0;0;319.68;40.01
199565741;08381;639.0;639.0;0;189.81;29.7
199565739;08389;639.0;639.0;0;189.81;29.7
199565754;08388;639.0;639.0;0;189.81;29.7
199565751;01889;789.0;789.0;0;266.06;33.72
199565759;08385;639.0;639.0;0;189.81;29.7
199565760;01881;789.0;789.0;0;266.06;33.72
964288964;05874;799.0;799.0;0;319.68;40.01
199565772;01884;789.0;789.0;0;266.06;33.72
199565794;09012;1280.0;1280.0;0;471.75;36.85
199565793;083812;639.0;639.0;0;189.81;29.7
216424934;02371;1359.0;1359.0;0;339.65;24.98
199565798;007415;2476.0;2476.0;0;1136.09;38.63
199565800;007414;2476.0;2476.0;0;1136.09;38.63
199565827;09013;1280.0;1280.0;0;471.75;36.85
964289060;05875;799.0;799.0;0;319.68;40.01
199565870;00747;2476.0;2476.0;0;1136.09;38.63
967303725;059123;819.0;819.0;0;281.31;34.35
199565893;090110;1280.0;1280.0;0;471.75;36.85
860496466;02381;1232.0;1232.0;0;340.03;27.6
860496470;02382;1232.0;1232.0;0;340.03;27.6
860496478;02383;1232.0;1232.0;0;340.03;27.6
964387450;08181;779.0;779.0;0;309.51;39.73
1003684496;60351;1918.0;1918.0;0;753.97;33.08
199574166;34487;2121.0;2121.0;0;471.15;18.7
964289269;05877;799.0;799.0;0;319.68;40.01
200164137;019847;1782.0;1782.0;0;652.31;30.82
964289332;05878;799.0;799.0;0;319.68;40.01
964379491;012817;1125.0;1125.0;0;473.99;42.13
199574378;41593;1442.0;1442.0;0;304.53;19.68
200164249;01982;1782.0;1782.0;0;652.31;30.82
1002906570;21932;1464.0;1470.0;0;473.77;30.14
964387800;081810;779.0;779.0;0;309.51;39.73
181052382;0188;789.0;789.0;0;266.06;33.72
964379696;012819;1125.0;1125.0;0;473.99;42.13
967304244;05914;819.0;819.0;0;281.31;34.35
209724471;2125;2945.0;2945.0;0;872.69;24.95
200164425;01983;1782.0;1782.0;0;652.31;30.82
964379762;01282;1125.0;1125.0;0;473.99;42.13
964281475;059511;769.0;769.0;0;255.89;33.28
199566474;23656;1401.0;1401.0;0;145.05;10.35
199574698;53514;1504.0;1504.0;0;309.29;19.16
216450271;38503;917.0;917.0;0;344.69;37.59
199566562;36691;2998.0;2998.0;0;920.05;25.83
964420920;029711;899.0;899.0;0;321.97;35.81
967304539;05917;819.0;819.0;0;281.31;34.35
964388199;08182;779.0;779.0;0;309.51;39.73
967353721;09225;979.0;979.0;0;362.63;37.04
964421008;029712;899.0;899.0;0;321.97;35.81
967304604;059515;769.0;769.0;0;255.89;33.28
967517598;012853;1125.0;1125.0;0;473.99;42.13
964380088;012823;1125.0;1125.0;0;473.99;42.13
967350730;15321;1143.0;1143.0;0;482.94;42.25
964388365;08184;779.0;779.0;0;309.51;39.73
964371987;01301;709.0;709.0;0;273.93;38.64
964421157;029714;899.0;899.0;0;321.97;35.81
964281898;059513;769.0;769.0;0;255.89;33.28
964372080;013011;709.0;709.0;0;273.93;38.64
967304870;059512;769.0;769.0;0;255.89;33.28
964380339;012826;1125.0;1125.0;0;473.99;42.13
964282046;059514;769.0;769.0;0;255.89;33.28
964421347;029715;899.0;899.0;0;321.97;35.81
964388588;08185;779.0;779.0;0;309.51;39.73
964429550;015130;809.0;809.0;0;324.76;40.14
964388602;08187;779.0;779.0;0;309.51;39.73
964953852;012854;1125.0;1125.0;0;473.99;42.13
967305030;059522;769.0;769.0;0;255.89;33.28
967321422;012810;1125.0;1125.0;0;473.99;42.13
964372311;013012;709.0;709.0;0;273.93;38.64
964429659;015132;809.0;809.0;0;324.76;40.14
964388725;08188;779.0;779.0;0;309.51;39.73
964421538;029716;899.0;899.0;0;321.97;35.81
967321571;012814;1125.0;1125.0;0;473.99;42.13
964372492;01302;709.0;709.0;0;273.93;38.64
964429856;015135;809.0;809.0;0;324.76;40.14
967305254;059525;769.0;769.0;0;255.89;33.28
964388930;01841;569.0;569.0;0;154.23;27.1
964388975;01842;569.0;569.0;0;154.23;27.1
964282480;059516;769.0;769.0;0;255.89;33.28
216352885;33831;11623.0;11623.0;0;5321.86;36.72
964954233;012857;1125.0;1125.0;0;473.99;42.13
964372641;01303;709.0;709.0;0;273.93;38.64
964282529;059517;769.0;769.0;0;255.89;33.28
967518399;012860;1125.0;1125.0;0;473.99;42.13
681322692;015111;809.0;809.0;0;324.76;40.14
200165574;08944;969.0;969.0;0;357.55;36.9
967518425;012863;1125.0;1125.0;0;473.99;42.13
964421875;02972;899.0;899.0;0;321.97;35.81
967305472;05958;769.0;769.0;0;255.89;33.28
964430107;015136;809.0;809.0;0;324.76;40.14
964372779;01305;709.0;709.0;0;273.93;38.64
200165680;08942;969.0;969.0;0;357.55;36.9
967321918;012820;1125.0;1125.0;0;473.99;42.13
964282689;059518;769.0;769.0;0;255.89;33.28
964421993;02973;899.0;899.0;0;321.97;35.81
964372843;01306;709.0;709.0;0;273.93;38.64
964389235;01844;569.0;569.0;0;154.23;27.1
200165808;08943;969.0;969.0;0;357.55;36.9
964954552;012859;1125.0;1125.0;0;473.99;42.13
200165827;32323;1832.0;1832.0;0;459.84;21.12
964372950;01308;709.0;709.0;0;273.93;38.64
967305709;05871;799.0;799.0;0;319.68;40.01
200165870;21952;1608.0;1608.0;0;277.76;16.09
964430356;015137;809.0;809.0;0;324.76;40.14
200165912;02916;1007.0;1007.0;0;366.67;36.41
964282913;059519;769.0;769.0;0;255.89;33.28
964422181;02975;899.0;899.0;0;321.97;35.81
200165935;02914;1007.0;1007.0;0;366.67;36.41
964373051;01309;709.0;709.0;0;273.93;38.64
200165972;029110;1007.0;1007.0;0;366.67;36.41
964389479;01847;569.0;569.0;0;154.23;27.1
967305836;058712;799.0;799.0;0;319.68;40.01
964389535;01848;569.0;569.0;0;154.23;27.1
199330542;0230;1469.0;1469.0;0;411.11;27.97
964430581;015139;809.0;809.0;0;324.76;40.14
215239429;3369;1493.0;1491.0;0;295.16;19.76
200166151;12321;1220.0;1220.0;0;445.3;36.5
964422411;02976;899.0;899.0;0;321.97;35.81
964422420;02978;899.0;899.0;0;321.97;35.81
200166170;12183;989.0;989.0;0;357.72;36.17
967306038;058715;799.0;799.0;0;319.68;40.01
964283213;059520;769.0;769.0;0;255.89;33.28
967347034;029710;899.0;899.0;0;321.97;35.81
199330662;0104;1939.0;1939.0;0;541.16;23.49
200166264;02805;1537.0;1537.0;0;188.33;11.41
216451964;3850;917.0;917.0;0;344.69;37.59
964430717;01514;809.0;809.0;0;324.76;40.14
967306124;058718;799.0;799.0;0;319.68;40.01
964955028;326210;1662.0;1662.0;0;322.41;18.07
967306157;058721;799.0;799.0;0;319.68;40.01
964422584;02979;899.0;899.0;0;321.97;35.81
215239654;015110;809.0;809.0;0;324.76;40.14
964447208;01463;521.0;521.0;0;172.63;33.13
964283405;059521;769.0;769.0;0;255.89;33.28
215239723;015129;809.0;809.0;0;324.76;40.14
215239727;092212;979.0;979.0;0;362.63;37.04
967347283;02974;899.0;899.0;0;321.97;35.81
439970908;10323;4050.0;4050.0;0;1004.73;20.89
215239921;09223;979.0;979.0;0;362.63;37.04
967306489;05879;799.0;799.0;0;319.68;40.01
327912743;07103;3538.0;3538.0;0;782.24;18.61
964283695;059523;769.0;769.0;0;255.89;33.28
215239984;015123;809.0;809.0;0;324.76;40.14
967421266;528710;2502.0;2502.0;0;587.39;19.77
964283748;059524;769.0;769.0;0;255.89;33.28
215240053;08564;1491.0;1495.0;0;360.36;22.52
216452476;38501;917.0;917.0;0;344.69;37.59
215240062;09222;979.0;979.0;0;362.63;37.04
967421367;52875;2502.0;2502.0;0;587.39;19.77
964283891;05953;769.0;769.0;0;255.89;33.28
967421586;52878;2502.0;2502.0;0;587.39;19.77
964382413;01283;1125.0;1125.0;0;473.99;42.13
200167187;10423;1497.0;1499.0;0;224.07;13.94
200167188;10429;1499.0;1499.0;0;158.91;10.6
215240472;08565;1491.0;1495.0;0;360.36;22.52
200167219;10424;1497.0;1499.0;0;224.07;13.94
200167220;104213;1497.0;1499.0;0;224.07;13.94
200167221;104210;1497.0;1499.0;0;224.07;13.94
200167222;10426;1497.0;1499.0;0;224.07;13.94
215240511;09227;979.0;979.0;0;362.63;37.04
215240509;09226;979.0;979.0;0;362.63;37.04
215240526;09228;979.0;979.0;0;362.63;37.04
181096296;0291;1007.0;1007.0;0;366.67;36.41
200167389;21672;1335.0;1335.0;0;127.73;9.57
964284475;05959;769.0;769.0;0;255.89;33.28
199569474;32642;1442.0;1442.0;0;171.12;11.06
215240774;26382;3060.0;3060.0;0;777.88;21.4
199569493;32645;1442.0;1442.0;0;171.12;11.06
964382815;012833;1125.0;1125.0;0;473.99;42.13
199569503;32648;1442.0;1442.0;0;171.12;11.06
199569507;07101;3538.0;3538.0;0;782.24;18.61
200167518;32624;1662.0;1662.0;0;322.41;18.07
199569533;07102;3538.0;3538.0;0;782.24;18.61
200167560;35543;1215.0;1215.0;0;509.05;41.88
200167561;35542;1215.0;1215.0;0;509.05;41.88
967323786;012848;1125.0;1125.0;0;473.99;42.13
199569550;05021;3966.0;3966.0;0;1705.38;36.2
199569554;05025;3966.0;3966.0;0;1705.38;36.2
199569560;05022;3966.0;3966.0;0;1705.38;36.2
199569565;05024;3966.0;3966.0;0;1705.38;36.2
967348401;01511;809.0;809.0;0;324.76;40.14
199569622;10354;2725.0;2725.0;0;715.81;22.11
199569640;10355;2725.0;2725.0;0;715.81;22.11
199569700;10351;2725.0;2725.0;0;715.81;22.11
967323941;012850;1125.0;1125.0;0;473.99;42.13
964284729;09019;1280.0;1280.0;0;471.75;36.85
964383041;012836;1125.0;1125.0;0;473.99;42.13
964276565;059111;819.0;819.0;0;281.31;34.35
199569777;14345;3129.0;3129.0;0;713.71;19.2
967348607;015126;809.0;809.0;0;324.76;40.14
199565753;01885;789.0;789.0;0;266.06;33.72
967324170;01288;1125.0;1125.0;0;473.99;42.13
967348765;015133;809.0;809.0;0;324.76;40.14
964383304;012839;1125.0;1125.0;0;473.99;42.13
967348858;015141;809.0;809.0;0;324.76;40.14
964285082;058710;799.0;799.0;0;319.68;40.01
967348921;01518;809.0;809.0;0;324.76;40.14
964285174;058711;799.0;799.0;0;319.68;40.01
964252439;007413;2476.0;2476.0;0;1136.09;38.63
199570291;02076;3718.0;3718.0;0;889.2;20.13
964383630;012840;1125.0;1125.0;0;473.99;42.13
257807249;0151;809.0;809.0;0;324.76;40.14
964285409;058713;799.0;799.0;0;319.68;40.01
967324665;081811;779.0;779.0;0;309.51;39.73
1002443797;01092;5987.0;5987.0;0;2782.97;36.81
1002443819;01093;5987.0;5987.0;0;2782.97;36.81
327898200;01047;1939.0;1939.0;0;541.16;23.49
964285536;058714;799.0;799.0;0;319.68;40.01
967300196;059110;819.0;819.0;0;281.31;34.35
964277362;059114;819.0;819.0;0;281.31;34.35
1002443895;01094;5987.0;5987.0;0;2782.97;36.81
263820513;0595;769.0;769.0;0;255.89;33.28
847860973;01391;926.0;926.0;0;374.93;40.49
215241963;015113;809.0;809.0;0;324.76;40.14
967300349;059115;819.0;819.0;0;281.31;34.35
215241982;015118;809.0;809.0;0;324.76;40.14
215242037;015128;809.0;809.0;0;324.76;40.14
964285824;058716;799.0;799.0;0;319.68;40.01
215242252;015143;809.0;809.0;0;324.76;40.14
199333140;1035;2725.0;2725.0;0;715.81;22.11
1003656723;57151;10597.0;10597.0;0;4346.44;32.89
964277860;059116;819.0;819.0;0;281.31;34.35
964277863;059117;819.0;819.0;0;281.31;34.35
199333511;1434;3129.0;3129.0;0;713.71;19.2
964384414;012845;1125.0;1125.0;0;473.99;42.13
209753849;03185;1171.0;1171.0;0;496.97;42.44
967325460;08186;779.0;779.0;0;309.51;39.73
964278051;059119;819.0;819.0;0;281.31;34.35
964384549;012846;1125.0;1125.0;0;473.99;42.13
216422208;000214;1405.0;1405.0;0;91.5;6.07
967350087;08386;639.0;639.0;0;189.81;29.7
964598299;03186;1171.0;1171.0;0;496.97;42.44
967325539;08189;779.0;779.0;0;309.51;39.73
964278136;05912;819.0;819.0;0;281.31;34.35
209663926;14602;998.0;998.0;0;410.73;41.15
964286400;058717;799.0;799.0;0;319.68;40.01
964286432;058719;799.0;799.0;0;319.68;40.01
216356943;030611;3535.0;3535.0;0;1087.16;25.89
964286652;058720;799.0;799.0;0;319.68;40.01
216422590;00812;1422.0;1422.0;0;302.67;19.83
1002453187;019712;1755.0;1755.0;0;566.35;30.07
216422614;00742;2476.0;2476.0;0;1136.09;38.63
199334157;2354;2838.0;2838.0;0;1183.25;35.1
216430952;38556;935.0;935.0;0;354.08;37.87
964278655;059122;819.0;819.0;0;281.31;34.35
964442583;02917;1007.0;1007.0;0;366.67;36.41
964598234;03182;1171.0;1171.0;0;496.97;42.44
209664474;14603;998.0;998.0;0;410.73;41.15
967350796;15326;1143.0;1143.0;0;482.94;42.25
964246032;02343;1315.0;1315.0;0;514.15;39.09
964442643;02918;1007.0;1007.0;0;366.67;36.41
209762880;41812;12242.0;12242.0;0;5367.48;35.16
964442703;02919;1007.0;1007.0;0;366.67;36.41
209762901;41815;12242.0;12242.0;0;5367.48;35.16
967350947;09276;859.0;859.0;0;301.64;35.11
209779373;44282;899.0;899.0;0;392.83;43.69
964598444;03187;1171.0;1171.0;0;496.97;42.44
964385459;01286;1125.0;1125.0;0;473.99;42.13
964278986;059124;819.0;819.0;0;281.31;34.35
209779429;44332;917.0;917.0;0;393.23;42.88
209779442;44334;917.0;917.0;0;393.23;42.88
209779448;44335;917.0;917.0;0;393.23;42.88
209779455;44336;917.0;917.0;0;393.23;42.88
209779465;44337;917.0;917.0;0;393.23;42.88
209779490;44339;917.0;917.0;0;393.23;42.88
964442923;15325;1143.0;1143.0;0;482.94;42.25
964385616;01287;1125.0;1125.0;0;473.99;42.13
964442990;15327;1143.0;1143.0;0;482.94;42.25
964279192;059125;819.0;819.0;0;281.31;34.35
964598764;03189;1171.0;1171.0;0;496.97;42.44
199572546;13101;3115.0;3115.0;0;688.33;18.6
199572552;13102;3115.0;3115.0;0;688.33;18.6
199572551;13103;3115.0;3115.0;0;688.33;18.6
964443223;09273;859.0;859.0;0;301.64;35.11
215243926;443310;917.0;917.0;0;393.23;42.88
209665196;1532;1143.0;1143.0;0;482.94;42.25
199572657;14342;3129.0;3129.0;0;713.71;19.2
964443328;09275;859.0;859.0;0;301.64;35.11
964648182;019711;1755.0;1755.0;0;566.35;30.07
964443388;09277;859.0;859.0;0;301.64;35.11
216423713;00745;2476.0;2476.0;0;1136.09;38.63
964443459;09278;859.0;859.0;0;301.64;35.11
964648356;01973;1755.0;1755.0;0;566.35;30.07
964279750;059127;819.0;819.0;0;281.31;34.35
216432076;00122;1834.0;1834.0;0;362.38;18.41
964648411;01977;1755.0;1755.0;0;566.35;30.07
216448559;38506;917.0;917.0;0;344.69;37.59
209755734;14601;998.0;998.0;0;410.73;41.15
967319235;013010;709.0;709.0;0;273.93;38.64
200163034;14832;1333.0;1333.0;0;566.89;42.51
200167240;104211;1497.0;1499.0;0;224.07;13.94
200163047;14834;1333.0;1333.0;0;566.89;42.51
964706044;12101;2761.0;2761.0;0;597.83;18.23
209665801;03184;1171.0;1171.0;0;496.97;42.44
967319411;013013;709.0;709.0;0;273.93;38.64
199573372;23541;2838.0;2838.0;0;1183.25;35.1
236322704;5353;1427.0;1427.0;0;252.15;16.46
964280222;05915;819.0;819.0;0;281.31;34.35
216448938;38505;917.0;917.0;0;344.69;37.59
967319486;01307;709.0;709.0;0;273.93;38.64
964280294;05916;819.0;819.0;0;281.31;34.35
199565496;02083;1477.0;1498.0;-1;300.12;18.93
199574183;34921;3452.0;3497.0;-1;1141.83;27.85
200164615;020031;2669.0;2708.0;-1;1149.31;36.25
967313157;34923;3452.0;3497.0;-1;1141.83;27.85
967298048;024910;1516.0;1539.0;-1;297.75;18.29
967298092;02496;1516.0;1539.0;-1;297.75;18.29
199333335;1319;2532.0;2570.0;-1;704.21;23.41
199334855;3492;3452.0;3497.0;-1;1141.83;27.85
199572523;13191;2532.0;2570.0;-1;704.21;23.41
964262970;02491;1516.0;1539.0;-1;297.75;18.29
199572554;13196;2532.0;2570.0;-1;704.21;23.41
199572573;13195;2532.0;2570.0;-1;704.21;23.41
964263091;02492;1516.0;1539.0;-1;297.75;18.29
1005788375;52902;4175.0;4222.0;-1;1616.13;32.59
964263488;02499;1516.0;1539.0;-1;297.75;18.29
967475418;46008;1451.0;1477.0;-2;529.78;34.03
199565892;12311;1102.0;1125.0;-2;411.76;37.35
199574157;34482;2085.0;2121.0;-2;445.18;17.98
199574616;53348;1816.0;1848.0;-2;486.6;22.55
199566538;10951;1544.0;1576.0;-2;387.72;23.4
989784702;42432;12116.0;12377.0;-2;5436.35;35.98
215239932;26381;3011.0;3060.0;-2;742.21;20.75
200166698;11441;1654.0;1681.0;-2;297.45;16.76
860384625;53555;1617.0;1642.0;-2;346.23;19.95
860384661;53556;1617.0;1642.0;-2;346.23;19.95
215240647;13844;2000.0;2034.0;-2;463.94;19.53
215240676;22941;1816.0;1848.0;-2;365.04;16.92
681300128;0018;3256.0;3310.0;-2;951.75;24.61
1002674325;153017;1459.0;1483.0;-2;707.65;48.5
1002674328;153018;1459.0;1483.0;-2;707.65;48.5
1002674338;153019;1459.0;1483.0;-2;707.65;48.5
1002674340;153020;1459.0;1483.0;-2;707.65;48.5
199334562;2969;1689.0;1720.0;-2;324.59;17.9
209664869;1311;3791.0;3854.0;-2;964.86;21.43
964344809;11687;1436.0;1465.0;-2;203.33;13.19
209755368;13113;3791.0;3854.0;-2;964.86;21.43
209755388;13115;3791.0;3854.0;-2;964.86;21.43
199573069;21451;2319.0;2358.0;-2;534.29;19.4
199573263;22943;1816.0;1848.0;-2;365.04;16.92
199573273;22947;1816.0;1848.0;-2;365.04;16.92
967474991;46007;1451.0;1477.0;-2;529.78;34.03
199573311;22942;1816.0;1848.0;-2;325.04;15.07
199573744;30554;6201.0;6386.0;-3;1864.47;23.81
199573746;30553;6201.0;6386.0;-3;1864.47;23.81
199573747;30551;6201.0;6386.0;-3;1864.47;23.81
964551106;020013;2630.0;2708.0;-3;1121.36;35.89
964551167;020014;2630.0;2708.0;-3;1121.36;35.89
964551470;020018;2630.0;2708.0;-3;1121.36;35.89
964593186;020089;2630.0;2708.0;-3;1121.36;35.89
216360600;0411;6482.0;6679.0;-3;1928.84;23.56
964552445;020019;2630.0;2708.0;-3;1121.36;35.89
964552589;020022;2630.0;2708.0;-3;1121.36;35.89
964552694;020023;2630.0;2708.0;-3;1121.36;35.89
964552752;02003;2630.0;2708.0;-3;1121.36;35.89
216361129;04113;6482.0;6679.0;-3;1928.84;23.56
964593911;020090;2630.0;2708.0;-3;1121.36;35.89
964552960;020034;2630.0;2708.0;-3;1121.36;35.89
964249883;00873;1540.0;1585.0;-3;326.09;19.73
200165789;08941;939.0;969.0;-3;339.87;36.16
216361395;31925;2039.0;2103.0;-3;526.21;21.72
200165824;21951;1556.0;1608.0;-3;243.33;14.57
200165875;21954;1556.0;1608.0;-3;243.33;14.57
216361466;31927;2039.0;2103.0;-3;526.21;21.72
967314055;02086;1451.0;1498.0;-3;218.62;15.06
200166046;11706;1275.0;1309.0;-3;287.64;22.56
200166066;11705;1275.0;1309.0;-3;287.64;22.56
964587889;020075;2630.0;2708.0;-3;1121.36;35.89
964553435;020035;2630.0;2708.0;-3;1121.36;35.89
200166171;31142;1409.0;1452.0;-3;562.93;37.21
200166174;31141;1409.0;1452.0;-3;562.93;37.21
964594531;020091;2630.0;2708.0;-3;1121.36;35.89
1002539896;052512;1415.0;1461.0;-3;326.47;21.5
1002539920;052513;1415.0;1461.0;-3;326.47;21.5
967372137;0200100;2630.0;2708.0;-3;1121.36;35.89
964595060;020092;2630.0;2708.0;-3;1121.36;35.89
199331268;1301;2497.0;2582.0;-3;594.2;20.03
967372365;020033;2630.0;2708.0;-3;1121.36;35.89
967372392;020015;2630.0;2708.0;-3;1121.36;35.89
967372430;020036;2630.0;2708.0;-3;1121.36;35.89
964595365;020096;2630.0;2708.0;-3;1121.36;35.89
967372458;020041;2630.0;2708.0;-3;1121.36;35.89
967372494;020050;2630.0;2708.0;-3;1121.36;35.89
964554512;020037;2630.0;2708.0;-3;1121.36;35.89
964579170;020062;2630.0;2708.0;-3;1121.36;35.89
209727372;2895;4948.0;5108.0;-3;2168.76;34.71
199331737;0221;2549.0;2638.0;-3;877.5;28.98
964268002;267114;2079.0;2143.0;-3;552.77;22.38
964554746;020038;2630.0;2708.0;-3;1121.36;35.89
964587525;020073;2630.0;2708.0;-3;1121.36;35.89
199569472;32644;1442.0;1494.0;-3;171.12;11.06
964579461;020064;2630.0;2708.0;-3;1121.36;35.89
964587695;020074;2630.0;2708.0;-3;1121.36;35.89
964555190;020046;2630.0;2708.0;-3;1121.36;35.89
964596264;020098;2630.0;2708.0;-3;1121.36;35.89
209760839;28954;4948.0;5108.0;-3;2168.76;34.71
964555388;020049;2630.0;2708.0;-3;1121.36;35.89
199570166;01215;3039.0;3145.0;-3;1058.83;29.33
964555519;02005;2630.0;2708.0;-3;1121.36;35.89
964588315;020078;2630.0;2708.0;-3;1121.36;35.89
964550867;020012;2630.0;2708.0;-3;1121.36;35.89
964580168;020065;2630.0;2708.0;-3;1121.36;35.89
964555764;020055;2630.0;2708.0;-3;1121.36;35.89
964252792;23885;1746.0;1791.0;-3;298.51;15.93
199570587;05257;1415.0;1461.0;-3;326.47;21.5
199570594;05251;1415.0;1461.0;-3;326.47;21.5
199570611;05259;1415.0;1461.0;-3;326.47;21.5
964580534;020070;2630.0;2708.0;-3;1121.36;35.89
964588762;02008;2630.0;2708.0;-3;1121.36;35.89
964556148;020057;2630.0;2708.0;-3;1121.36;35.89
964589179;020080;2630.0;2708.0;-3;1121.36;35.89
964589362;020082;2630.0;2708.0;-3;1121.36;35.89
964589578;020083;2630.0;2708.0;-3;1121.36;35.89
964647174;03084;1997.0;2068.0;-3;774.1;32.62
964647217;03088;1997.0;2068.0;-3;774.1;32.62
964573528;020058;2630.0;2708.0;-3;1121.36;35.89
724736407;11704;1275.0;1309.0;-3;287.64;22.56
199334715;3055;6201.0;6386.0;-3;1864.47;23.81
964574519;02006;2630.0;2708.0;-3;1121.36;35.89
964271461;26719;2079.0;2143.0;-3;552.77;22.38
964591118;020088;2630.0;2708.0;-3;1121.36;35.89
199573042;21772;4097.0;4235.0;-3;1084.5;20.96
199573058;21452;2280.0;2358.0;-3;506.36;18.69
964345478;02081;1456.0;1498.0;-3;286.54;18.33
964550470;02001;2630.0;2708.0;-3;1121.36;35.89
964345679;02084;1451.0;1498.0;-3;218.62;15.06
967311355;31922;2039.0;2103.0;-3;526.21;21.72
506175691;02497;1479.0;1539.0;-4;207.74;14.04
200165575;08124;1830.0;1898.0;-4;453.93;20.87
200165657;08123;1830.0;1898.0;-4;453.93;20.87
200165805;08121;1830.0;1898.0;-4;453.93;20.87
964332968;52371;1962.0;2052.0;-4;700.1;30.04
208142407;13238;1687.0;1776.0;-5;259.87;14.35
208142438;13239;1687.0;1776.0;-5;259.87;14.35
208142471;132312;1687.0;1776.0;-5;259.87;14.35
208142500;13237;1687.0;1776.0;-5;259.87;14.35
199565499;07401;3686.0;3877.0;-5;767.14;17.52
199565506;07404;3686.0;3877.0;-5;767.14;17.52
199565508;07403;3686.0;3877.0;-5;767.14;17.52
199565513;07405;3686.0;3877.0;-5;767.14;17.52
199565522;07402;3686.0;3877.0;-5;767.14;17.52
199565527;07406;3686.0;3877.0;-5;767.14;17.52
208142558;132311;1687.0;1776.0;-5;259.87;14.35
199565546;07407;3686.0;3877.0;-5;767.14;17.52
964486093;11901;1839.0;1938.0;-5;344.08;17.44
208143429;1323;1687.0;1776.0;-5;259.87;14.35
967361656;11525;4014.0;4219.0;-5;1054.33;20.8
967509910;54471;4768.0;5045.0;-5;1720.7;28.58
967509976;54472;4768.0;5045.0;-5;1720.7;28.58
964487288;11521;4014.0;4219.0;-5;1054.33;20.8
181097494;0734;1092.0;1152.0;-5;82.41;7.54
964294227;022714;1631.0;1716.0;-5;357.27;20.4
199571939;07832;1477.0;1560.0;-5;279.07;17.6
964714006;13011;2455.0;2582.0;-5;563.62;19.33
964714089;13013;2455.0;2582.0;-5;563.62;19.33
964354136;29692;1582.0;1689.0;-6;254.56;14.99
216425080;01822;2827.0;3016.0;-6;937.92;27.93
216425122;01829;2827.0;3016.0;-6;937.92;27.93
964355231;29694;1582.0;1689.0;-6;254.56;14.99
199574756;53511;1415.0;1504.0;-6;188.46;13.32
199330533;0236;1343.0;1436.0;-6;288.39;21.46
209759255;23951;3346.0;3573.0;-6;1113.21;28.01
209759264;23953;3346.0;3573.0;-6;1113.21;28.01
209759270;23954;3346.0;3573.0;-6;1113.21;28.01
209759286;23956;3346.0;3573.0;-6;1113.21;28.01
209759304;23958;3346.0;3573.0;-6;1113.21;28.01
199330932;0251;1810.0;1925.0;-6;504.67;25.98
200166894;02774;1720.0;1821.0;-6;285.5;13.97
967324277;35592;4179.0;4440.0;-6;1921.29;38.7
199570347;02621;1562.0;1661.0;-6;409.23;24.42
371184737;5446;2456.0;2620.0;-6;716.92;24.57
216405744;13333;2845.0;3032.0;-6;678.36;20.07
216405813;13334;2845.0;3032.0;-6;678.36;20.07
216405939;13331;2845.0;3032.0;-6;678.36;20.07
216405947;13332;2845.0;3032.0;-6;678.36;20.07
216405961;13335;2845.0;3032.0;-6;678.36;20.07
216405997;13337;2845.0;3032.0;-6;678.36;20.07
964353075;29691;1582.0;1689.0;-6;254.56;14.99
1002445964;53558;1542.0;1642.0;-6;297.5;17.97
1002445980;53559;1542.0;1642.0;-6;297.5;17.97
209714363;23952;3346.0;3573.0;-6;1113.21;28.01
1002446095;535512;1542.0;1642.0;-6;297.5;17.97
1002446106;535510;1542.0;1642.0;-6;297.5;17.97
1002446124;535513;1542.0;1642.0;-6;297.5;17.97
1002446185;535514;1542.0;1642.0;-6;297.5;17.97
1002569293;08521;1731.0;1841.0;-6;476.21;25.63
1002569297;08522;1731.0;1841.0;-6;476.21;25.63
1002569352;08523;1731.0;1841.0;-6;476.21;25.63
1002569468;08524;1731.0;1841.0;-6;476.21;25.63
1002569480;08525;1731.0;1841.0;-6;476.21;25.63
199565894;12854;1640.0;1767.0;-7;335.11;19.03
199565909;12853;1640.0;1767.0;-7;335.11;19.03
216361930;48211;1566.0;1688.0;-7;361.53;21.51
967356490;01441;1089.0;1171.0;-7;447.11;41.05
199569528;07106;3538.0;3791.0;-7;782.24;18.61
209712598;13116;3854.0;4160.0;-7;1010.51;22.07
964441893;08421;1139.0;1224.0;-7;449.63;39.47
964466744;01442;1089.0;1171.0;-7;447.11;41.05
964442361;08425;1139.0;1224.0;-7;449.63;39.47
964442365;08428;1139.0;1224.0;-7;449.63;39.47
967350557;08427;1139.0;1224.0;-7;449.63;39.47
964442418;08426;1139.0;1224.0;-7;449.63;39.47
1002610537;11891;1761.0;1899.0;-7;325.58;17.22
1001406547;53395;2071.0;2262.0;-8;661.7;26.9
1001406699;53397;2071.0;2262.0;-8;661.7;26.9
964707336;01221;2147.0;2326.0;-8;461.34;18.09
964707491;01222;2147.0;2326.0;-8;461.34;18.09
215239881;13846;1864.0;2034.0;-8;365.95;16.52
199573717;29696;1555.0;1689.0;-8;237.05;14.2
215240635;13841;1864.0;2034.0;-8;365.95;16.52
215240640;13842;1864.0;2034.0;-8;365.95;16.52
1001406453;53394;2071.0;2262.0;-8;661.7;26.9
1003981233;02519;1751.0;1925.0;-9;466.55;24.82
1003981251;025110;1751.0;1925.0;-9;466.55;24.82
1003981264;025111;1751.0;1925.0;-9;466.55;24.82
1003981278;025112;1751.0;1925.0;-9;466.55;24.82
200166134;31093;1681.0;1848.0;-9;724.81;40.17
1002466450;02347;1191.0;1315.0;-9;439.14;36.84
1002466509;023411;1191.0;1315.0;-9;439.14;36.84
1002466510;023410;1191.0;1315.0;-9;439.14;36.84
1002466519;02349;1191.0;1315.0;-9;439.14;36.84
964332797;31921;1912.0;2103.0;-9;434.11;19.12
860384586;53553;1493.0;1642.0;-9;265.02;16.54
860384589;53554;1493.0;1642.0;-9;265.02;16.54
964332901;31929;1912.0;2103.0;-9;434.11;19.12
1002450757;019222;3370.0;3707.0;-9;1192.46;29.79
209759705;26718;1951.0;2143.0;-9;460.33;19.86
1002450756;019220;3370.0;3707.0;-9;1192.46;29.79
1002450865;019223;3370.0;3707.0;-9;1192.46;29.79
1002450895;019226;3370.0;3707.0;-9;1192.46;29.79
1002450899;019224;3370.0;3707.0;-9;1192.46;29.79
1002452600;019239;3370.0;3707.0;-9;1192.46;29.79
1002558451;03401;1861.0;2042.0;-9;848.68;38.38
1002558465;03402;1861.0;2042.0;-9;848.68;38.38
1002558471;03403;1861.0;2042.0;-9;848.68;38.38
1002452240;019228;3370.0;3707.0;-9;1192.46;29.79
1002452242;019229;3370.0;3707.0;-9;1192.46;29.79
1002452336;019233;3370.0;3707.0;-9;1192.46;29.79
1002452429;019235;3370.0;3707.0;-9;1192.46;29.79
1002452582;019238;3370.0;3707.0;-9;1192.46;29.79
1002452768;019241;3370.0;3707.0;-9;1192.46;29.79
1002452889;019243;3370.0;3707.0;-9;1192.46;29.79
964859879;21253;2689.0;2945.0;-9;687.64;21.53
964917523;459914;1277.0;1402.0;-9;432.21;33.83
964917606;459913;1277.0;1402.0;-9;432.21;33.83
964917787;45996;1277.0;1402.0;-9;432.21;33.83
181116020;1366;1448.0;1588.0;-9;268.81;17.3
199565435;008733;1427.0;1585.0;-10;252.15;16.46
199565451;008724;1427.0;1585.0;-10;252.15;16.46
199565461;008732;1427.0;1585.0;-10;259.15;16.92
199565463;008727;1427.0;1585.0;-10;252.15;16.46
199565780;01888;710.0;789.0;-10;218.06;30.71
199566436;07377;2637.0;2926.0;-10;679.35;21.68
964372387;013015;638.0;709.0;-10;230.8;36.17
964406427;14835;1204.0;1333.0;-10;488.38;40.54
199331196;2163;1441.0;1604.0;-10;210.63;13.62
199573710;29792;3532.0;3924.0;-10;980.6;23.37
967364511;11941;7691.0;8590.0;-10;2457.98;25.31
216422256;00874;1434.0;1585.0;-10;200.0;13.94
964859828;21252;2646.0;2945.0;-10;656.8;20.89
964778237;02301;1324.0;1469.0;-10;322.69;24.37
216431034;38555;841.0;935.0;-10;294.89;35.04
964778502;02303;1324.0;1469.0;-10;322.69;24.37
964778608;02304;1324.0;1469.0;-10;322.69;24.37
199572129;09824;1768.0;1968.0;-10;674.37;35.54
964778779;02305;1324.0;1469.0;-10;322.69;24.37
216341534;008729;1434.0;1585.0;-10;200.0;13.94
964779154;02308;1324.0;1469.0;-10;322.69;24.37
964264033;02514;1722.0;1925.0;-11;447.49;24.21
964780181;052510;1306.0;1461.0;-11;197.33;15.1
199573731;29793;3476.0;3924.0;-11;940.09;22.77
964780412;052511;1306.0;1461.0;-11;197.33;15.1
964780592;05253;1306.0;1461.0;-11;197.33;15.1
199574333;41301;1742.0;1967.0;-11;437.34;23.39
1002562375;082510;1400.0;1580.0;-11;318.84;21.22
1002562376;08259;1400.0;1580.0;-11;318.84;21.22
199574590;53402;1847.0;2086.0;-11;460.75;21.0
1003603185;52481;1730.0;1942.0;-11;612.45;29.81
1003603204;52482;1730.0;1942.0;-11;612.45;29.81
1003603220;52483;1730.0;1942.0;-11;612.45;29.81
964520188;01922;3314.0;3707.0;-11;1151.88;29.27
192227748;0192;3314.0;3707.0;-11;1151.88;29.27
964520439;01926;3314.0;3707.0;-11;1151.88;29.27
1002452245;019230;3314.0;3707.0;-11;1151.88;29.27
964783087;05254;1306.0;1461.0;-11;197.33;15.1
964783112;05255;1306.0;1461.0;-11;197.33;15.1
964783154;05256;1306.0;1461.0;-11;197.33;15.1
964783191;05258;1306.0;1461.0;-11;197.33;15.1
200166671;13664;1407.0;1588.0;-11;242.55;16.06
964267430;02516;1722.0;1925.0;-11;447.49;24.21
1002450761;019221;3314.0;3707.0;-11;1151.88;29.27
1002450718;019219;3314.0;3707.0;-11;1151.88;29.27
967520068;54955;1167.0;1310.0;-11;466.95;39.99
1002450903;019225;3314.0;3707.0;-11;1151.88;29.27
1002450980;019227;3314.0;3707.0;-11;1151.88;29.27
1001287951;533514;1490.0;1671.0;-11;363.91;22.76
1001288340;533515;1490.0;1671.0;-11;363.91;22.76
967512807;54954;1167.0;1310.0;-11;466.95;39.99
1001288967;533517;1490.0;1671.0;-11;363.91;22.76
1002452327;019231;3314.0;3707.0;-11;1151.88;29.27
1002452371;019232;3314.0;3707.0;-11;1151.88;29.27
1002452412;019234;3314.0;3707.0;-11;1151.88;29.27
327898619;019213;3314.0;3707.0;-11;1151.88;29.27
1002452481;019236;3314.0;3707.0;-11;1151.88;29.27
1002452522;019237;3314.0;3707.0;-11;1151.88;29.27
439973518;13762;1720.0;1922.0;-11;448.66;21.96
1002452764;019240;3314.0;3707.0;-11;1151.88;29.27
1002452797;019242;3314.0;3707.0;-11;1151.88;29.27
1002452895;019244;3314.0;3707.0;-11;1151.88;29.27
1001288708;533516;1490.0;1671.0;-11;363.91;22.76
1002452986;019245;3314.0;3707.0;-11;1151.88;29.27
199571716;07092;3188.0;3587.0;-11;714.48;18.86
964246237;02345;1164.0;1315.0;-11;422.48;36.28
964246397;02346;1164.0;1315.0;-11;422.48;36.28
967294013;02344;1164.0;1315.0;-11;422.48;36.28
200163119;019217;3314.0;3707.0;-11;1151.88;29.27
200163177;01924;3314.0;3707.0;-11;1151.88;29.27
200163178;01923;3314.0;3707.0;-11;1151.88;29.27
200163179;019212;3314.0;3707.0;-11;1151.88;29.27
200163196;019216;3314.0;3707.0;-11;1151.88;29.27
200163215;01929;3314.0;3707.0;-11;1151.88;29.27
967393277;05252;1306.0;1461.0;-11;197.33;15.1
199565585;13802;1489.0;1697.0;-12;225.95;15.17
199566269;08264;2223.0;2515.0;-12;669.78;25.36
199570267;022116;2325.0;2638.0;-12;715.94;25.92
199570334;02622;1462.0;1661.0;-12;344.15;21.93
199330753;1190;1938.0;2215.0;-13;544.15;23.63
216431892;02763;2181.0;2519.0;-13;690.51;26.65
181123616;1325;2353.0;2739.0;-14;591.88;21.18
859071412;533510;1445.0;1671.0;-14;334.43;21.57
859071420;533511;1445.0;1671.0;-14;334.43;21.57
859071503;533512;1445.0;1671.0;-14;334.43;21.57
216360254;319210;1816.0;2103.0;-14;365.04;16.92
216361294;31923;1816.0;2103.0;-14;365.04;16.92
859073653;53359;1445.0;1671.0;-14;334.43;21.57
859076432;53358;1445.0;1671.0;-14;334.43;21.57
964705050;24102;2852.0;3335.0;-14;648.46;19.14
199572529;13072;2750.0;3201.0;-14;684.71;20.96
964878412;114922;3426.0;4015.0;-15;902.04;22.17
200163480;019512;2732.0;3217.0;-15;1022.65;31.51
964878646;114927;3426.0;4015.0;-15;902.04;22.17
200163806;01959;2732.0;3217.0;-15;1022.65;31.51
964879005;114930;3426.0;4015.0;-15;902.04;22.17
859071314;53351;1422.0;1671.0;-15;319.69;20.94
859071586;533513;1422.0;1671.0;-15;319.69;20.94
964879532;114933;3426.0;4015.0;-15;902.04;22.17
199566560;07873;1391.0;1639.0;-15;197.26;14.17
859071715;53352;1422.0;1671.0;-15;319.69;20.94
967410946;10733;2786.0;3285.0;-15;816.61;24.68
859071880;53353;1422.0;1671.0;-15;319.69;20.94
964880171;11499;3426.0;4015.0;-15;902.04;22.17
859073292;53357;1422.0;1671.0;-15;319.69;20.94
199330855;0729;2154.0;2534.0;-15;612.21;23.92
199331172;1324;2115.0;2481.0;-15;349.1;13.89
257806941;1191;2019.0;2380.0;-15;442.0;18.42
209761508;34412;1992.0;2330.0;-15;600.31;25.37
964875549;114910;3426.0;4015.0;-15;902.04;22.17
964875655;114914;3426.0;4015.0;-15;902.04;22.17
964875694;114912;3426.0;4015.0;-15;902.04;22.17
964875870;114915;3426.0;4015.0;-15;902.04;22.17
859076299;53355;1422.0;1671.0;-15;319.69;20.94
964877217;114916;3426.0;4015.0;-15;902.04;22.17
181115998;1367;1591.0;1871.0;-15;191.1;11.19
964877431;114917;3426.0;4015.0;-15;902.04;22.17
964877504;114919;3426.0;4015.0;-15;902.04;22.17
964878116;114920;3426.0;4015.0;-15;902.04;22.17
199332691;0746;1827.0;2176.0;-16;476.6;21.96
209712726;018221;2544.0;3016.0;-16;733.64;24.27
199571810;07464;1827.0;2176.0;-16;476.6;21.96
215243523;239510;3006.0;3573.0;-16;867.35;24.29
1001414434;005012;2333.0;2793.0;-16;723.34;26.1
1001414483;005013;2333.0;2793.0;-16;723.34;26.1
1001414552;005014;2333.0;2793.0;-16;723.34;26.1
200167300;13202;2214.0;2672.0;-17;498.68;18.96
1002608372;10532;10242.0;12340.0;-17;3191.07;24.99
199572541;13074;2660.0;3201.0;-17;619.56;19.61
1002608511;10533;10242.0;12340.0;-17;3191.07;24.99
964245557;11911;1983.0;2380.0;-17;415.94;17.65
964245593;11913;1983.0;2380.0;-17;415.94;17.65
964245596;11912;1983.0;2380.0;-17;415.94;17.65
964245611;11914;1983.0;2380.0;-17;415.94;17.65
964245639;11915;1983.0;2380.0;-17;415.94;17.65
181116167;1216;2608.0;3150.0;-17;454.41;14.67
967294419;02766;2089.0;2519.0;-17;623.92;25.14
1002888907;20183;3080.0;3706.0;-17;889.49;24.31
964386876;35594;3638.0;4440.0;-18;1530.51;35.41
199565454;00282;2172.0;2648.0;-18;565.42;21.91
964544953;43541;3513.0;4301.0;-18;1304.19;31.25
964250114;02764;2058.0;2519.0;-18;601.72;24.61
1002558478;03411;2568.0;3113.0;-18;1072.3;35.15
1002558568;03413;2568.0;3113.0;-18;1072.3;35.15
1002558564;03412;2568.0;3113.0;-18;1072.3;35.15
199333271;1157;1818.0;2208.0;-18;342.69;17.56
964386188;35591;3638.0;4440.0;-18;1530.51;35.41
964386554;35593;3638.0;4440.0;-18;1530.51;35.41
1002537172;05068;2881.0;3569.0;-19;820.09;23.97
199565923;003310;1851.0;2289.0;-19;381.64;17.35
964731859;05067;2881.0;3569.0;-19;820.09;23.97
199574633;53391;1834.0;2262.0;-19;362.38;18.41
964495229;07461;1773.0;2176.0;-19;437.78;20.79
964495460;07463;1773.0;2176.0;-19;437.78;20.79
967362762;07462;1773.0;2176.0;-19;437.78;20.79
964495620;07465;1773.0;2176.0;-19;437.78;20.79
859991134;00624;2115.0;2606.0;-19;644.18;25.63
859991139;00626;2115.0;2606.0;-19;644.18;25.63
859991144;00625;2115.0;2606.0;-19;644.18;25.63
859991176;00627;2115.0;2606.0;-19;644.18;25.63
199331123;0033;1851.0;2289.0;-19;381.64;17.35
964497369;00044;2281.0;2829.0;-19;837.48;30.91
964497640;00046;2281.0;2829.0;-19;837.48;30.91
1003684499;59695;1872.0;2347.0;-20;720.71;32.4
1003684509;59693;1872.0;2347.0;-20;720.71;32.4
1003684879;59697;1872.0;2347.0;-20;720.71;32.4
1003684884;59699;1872.0;2347.0;-20;720.71;32.4
1003684894;596911;1872.0;2347.0;-20;720.71;32.4
1003684923;596914;1872.0;2347.0;-20;720.71;32.4
1003685064;59696;1872.0;2347.0;-20;720.71;32.4
199331865;0417;4219.0;5257.0;-20;1341.35;25.18
199570517;04173;4219.0;5257.0;-20;1341.35;25.18
964491339;43131;1663.0;2084.0;-20;509.03;28.53
1003224514;30543;1825.0;2268.0;-20;390.34;19.92
967409498;43591;10162.0;12767.0;-20;3954.06;31.2
967409625;43592;10162.0;12767.0;-20;3954.06;31.2
200163520;01957;2556.0;3217.0;-21;895.3;29.49
200163529;01956;2556.0;3217.0;-21;895.3;29.49
200163706;01955;2556.0;3217.0;-21;895.3;29.49
200163747;01958;2556.0;3217.0;-21;895.3;29.49
199565806;02511;1518.0;1925.0;-21;314.08;19.28
967408819;42433;9771.0;12377.0;-21;3657.6;30.02
964515699;41462;2972.0;3774.0;-21;1041.36;29.5
199571838;07466;1724.0;2176.0;-21;282.49;15.26
967408912;42434;9771.0;12377.0;-21;3657.6;30.02
216432117;01213;2473.0;3145.0;-21;650.34;22.14
1003030662;28955;3991.0;5108.0;-22;1433.06;28.44
1003030702;28956;3991.0;5108.0;-22;1433.06;28.44
964332372;02201;1525.0;1948.0;-22;267.17;16.32
209753995;05062;2795.0;3569.0;-22;757.95;22.83
209754009;05063;2795.0;3569.0;-22;757.95;22.83
209754036;05064;2795.0;3569.0;-22;757.95;22.83
209754058;05066;2795.0;3569.0;-22;757.95;22.83
209665462;0506;2795.0;3569.0;-22;757.95;22.83
199574426;44816;2435.0;3169.0;-23;751.48;25.98
1003603126;52472;14988.0;19554.0;-23;3680.89;19.7
1003603161;52471;14988.0;19554.0;-23;3680.89;19.7
200166044;31094;1427.0;1848.0;-23;495.62;34.71
435736531;44812;2435.0;3169.0;-23;751.48;25.98
967422101;52901;3232.0;4222.0;-23;934.99;24.35
964251874;37796;1463.0;1912.0;-23;381.34;24.28
1002928197;23714;1915.0;2495.0;-23;506.15;22.25
1002928205;23713;1915.0;2495.0;-23;506.15;22.25
199572262;10732;2536.0;3285.0;-23;636.35;21.12
199572299;10731;2536.0;3285.0;-23;636.35;21.12
1002610223;11571;1696.0;2208.0;-23;381.61;18.93
967294742;37794;1463.0;1912.0;-23;381.34;24.28
199573725;29871;3286.0;4382.0;-25;718.74;18.42
199565924;07376;2184.0;2926.0;-25;351.81;13.56
199566066;08263;1895.0;2515.0;-25;432.72;19.22
199566584;13233;1776.0;2353.0;-25;317.83;16.68
199566612;13221;4668.0;6201.0;-25;1419.42;24.08
199566649;13223;4668.0;6201.0;-25;1419.42;24.08
199566658;13224;4668.0;6201.0;-25;1419.42;24.08
967510542;54821;1473.0;1952.0;-25;322.55;21.89
967510680;54823;1473.0;1952.0;-25;322.55;21.89
967510739;54824;1473.0;1952.0;-25;322.55;21.89
964334264;24392;3340.0;4480.0;-25;868.7;21.9
964334312;24395;3340.0;4480.0;-25;868.7;21.9
209779238;43543;3234.0;4301.0;-25;1102.71;28.7
199334698;3054;1711.0;2268.0;-25;315.86;17.2
199565489;00284;1969.0;2648.0;-26;418.26;17.89
1003088559;29781;2319.0;3131.0;-26;534.29;19.4
1003088565;29782;2319.0;3131.0;-26;534.29;19.4
1003091244;29783;2319.0;3131.0;-26;534.29;19.4
1003224519;30542;1683.0;2268.0;-26;297.24;16.46
1003224528;30541;1683.0;2268.0;-26;297.24;16.46
967516230;071411;2333.0;3208.0;-27;615.39;22.21
967516268;07146;2333.0;3208.0;-27;615.39;22.21
964804741;068310;1793.0;2453.0;-27;485.61;22.79
967516340;071414;2333.0;3208.0;-27;615.39;22.21
967397691;28953;3733.0;5108.0;-27;1065.21;24.02
967516351;071417;2333.0;3208.0;-27;615.39;22.21
967510629;54822;1418.0;1952.0;-27;351.95;23.12
200166411;027612;1843.0;2519.0;-27;446.34;20.39
199332165;0683;1793.0;2453.0;-27;485.61;22.79
964811388;28951;3733.0;5108.0;-27;1065.21;24.02
199572526;13121;2304.0;3155.0;-27;612.67;22.38
1002921818;23001;5438.0;7467.0;-27;1914.8;27.88
1002751200;19451;4285.0;5951.0;-28;1287.93;23.8
859956648;00505;2015.0;2793.0;-28;493.46;20.62
859956651;005010;2015.0;2793.0;-28;493.46;20.62
1002751469;19452;4285.0;5951.0;-28;1287.93;23.8
859956790;00506;2015.0;2793.0;-28;493.46;20.62
859957031;00507;2015.0;2793.0;-28;493.46;20.62
859957037;00508;2015.0;2793.0;-28;493.46;20.62
859957070;005011;2015.0;2793.0;-28;493.46;20.62
1010913685;44814;2280.0;3169.0;-28;639.77;23.62
943144298;6409;2411.0;3355.0;-28;952.0;33.24
199574427;44811;2242.0;3169.0;-29;611.84;22.98
199572512;12874;2298.0;3217.0;-29;556.96;20.41
199572517;12871;2298.0;3217.0;-29;556.96;20.41
199573414;24394;3175.0;4480.0;-29;750.02;19.88
199565297;00623;1839.0;2606.0;-29;444.79;20.35
964952112;071415;2260.0;3208.0;-30;562.71;20.96
964952162;071416;2260.0;3208.0;-30;562.71;20.96
548876972;57421;4241.0;6049.0;-30;1319.61;24.64
964728100;05023;2776.0;3966.0;-30;845.66;25.64
216356520;37441;12777.0;18346.0;-30;7445.46;46.73
964951391;07143;2260.0;3208.0;-30;562.71;20.96
964951421;07144;2260.0;3208.0;-30;562.71;20.96
964951520;07145;2260.0;3208.0;-30;562.71;20.96
964951576;07147;2260.0;3208.0;-30;562.71;20.96
964951700;07148;2260.0;3208.0;-30;562.71;20.96
964951790;07149;2260.0;3208.0;-30;562.71;20.96
964951821;071410;2260.0;3208.0;-30;562.71;20.96
964951911;071412;2260.0;3208.0;-30;562.71;20.96
964951994;071413;2260.0;3208.0;-30;562.71;20.96
964501607;00914;3531.0;5148.0;-31;890.94;21.24
967364643;00915;3531.0;5148.0;-31;890.94;21.24
1002672263;13122;2162.0;3155.0;-31;510.21;19.86
1002672383;13124;2162.0;3155.0;-31;510.21;19.86
964501484;00911;3531.0;5148.0;-31;890.94;21.24
199331642;2894;2499.0;3663.0;-32;873.72;29.43
209752486;00503;1909.0;2793.0;-32;416.83;18.38
209752506;00504;1909.0;2793.0;-32;416.83;18.38
216429686;00502;1909.0;2793.0;-32;416.83;18.38
209655489;0050;1909.0;2793.0;-32;416.83;18.38
1002610689;12691;1785.0;2678.0;-33;715.55;33.74
199332381;0714;2151.0;3208.0;-33;483.69;18.93
199571774;07141;2151.0;3208.0;-33;483.69;18.93
964464047;15301;978.0;1483.0;-34;415.16;42.44
964464119;153010;978.0;1483.0;-34;415.16;42.44
964464326;153011;978.0;1483.0;-34;415.16;42.44
1003696018;61302;4587.0;6917.0;-34;1477.32;25.5
964464602;153012;978.0;1483.0;-34;415.16;42.44
967356415;153013;978.0;1483.0;-34;415.16;42.44
967356431;15302;978.0;1483.0;-34;415.16;42.44
964464966;153014;978.0;1483.0;-34;415.16;42.44
964465156;153015;978.0;1483.0;-34;415.16;42.44
964465374;153016;978.0;1483.0;-34;415.16;42.44
964465648;15303;978.0;1483.0;-34;415.16;42.44
964465808;15304;978.0;1483.0;-34;415.16;42.44
964465946;15305;978.0;1483.0;-34;415.16;42.44
964466162;15306;978.0;1483.0;-34;415.16;42.44
964466435;15308;978.0;1483.0;-34;415.16;42.44
964466496;15309;978.0;1483.0;-34;415.16;42.44
967362700;23581;2012.0;3096.0;-35;521.92;21.83
964872716;02543;1939.0;2978.0;-35;428.8;18.62
326831330;0866;1846.0;2846.0;-35;437.0;19.92
199570372;02542;1939.0;2978.0;-35;428.8;18.62
216341344;1106;2431.0;3728.0;-35;580.31;20.09
199572930;21093;3387.0;5184.0;-35;797.0;19.81
199573031;21094;3387.0;5184.0;-35;797.0;19.81
964706953;01211;1978.0;3145.0;-37;292.91;12.46
964707110;01214;1978.0;3145.0;-37;292.91;12.46
964707227;01216;1978.0;3145.0;-37;292.91;12.46
1003706212;64092;2097.0;3355.0;-37;724.74;29.1
967517067;55521;2581.0;4174.0;-38;499.76;16.3
200166473;10441;2579.0;4136.0;-38;573.23;18.71
200166488;10443;2579.0;4136.0;-38;573.23;18.71
200166489;10442;2579.0;4136.0;-38;573.23;18.71
1003484349;48871;1904.0;3053.0;-38;665.33;29.42
264401068;1530;911.0;1483.0;-39;374.82;41.1
199571931;07772;4916.0;8035.0;-39;795.27;12.81
199565824;00748;1480.0;2476.0;-40;313.13;19.72
1003381824;39091;2160.0;3601.0;-40;678.09;26.42
216422520;00749;1480.0;2476.0;-40;313.13;19.72
199569731;13723;2032.0;3438.0;-41;318.68;13.2
216356566;37448;10648.0;18346.0;-42;5830.16;43.91
181105006;0109;3310.0;5987.0;-45;575.53;14.64
