nm_id;артикул;название;бренд;предмет;рекл_показы;клики;расход_₽;цена_покупателя;чистая_₽;маржа_%
209664957;2706;Картридж 123XL CMY для HP DeskJet 2630 цветной;Цифровой квадрат;Картриджи для принтеров;181;0;0.00;2981.0;1030.57;29.11
181115492;3201;Картридж W1103A для HP 1000a, 1000w, 1200a, 1200w черный;Цифровой квадрат;Картриджи для принтеров;159;0;0.00;1306.0;214.89;16.44
967423134;22081;Картридж для Citizen iR-50;Цифровой квадрат;Картриджи для принтеров;134;0;0.00;609.0;220.81;36.26
209663949;0287;Картридж CL-511 для Canon Pixma IP2700, Pixma MP230 цветной;Цифровой квадрат;Картриджи для принтеров;130;0;0.00;6567.0;3233.94;39.0
257807209;0285;Картридж PG-510BK для Canon Pixma IP2700, Pixma MP270 черный;Цифровой квадрат;Картриджи для принтеров;129;0;0.00;3576.0;1200.38;28.26
1003335129;37225;Фотобарабан для Kyocera EcoSys P3060;Цифровой квадрат;Картриджи для принтеров;127;0;0.00;25456.0;8705.27;26.06
1003697785;63562;Тонер-картридж для Xerox PrimeLink C9070;Цифровой квадрат;Картриджи для принтеров;121;0;0.00;9885.0;3719.73;30.18
292510233;5761;Чернила 108/008 Y для Epson EcoTank L18050, L6490 желтый;Цифровой квадрат;Чернила для принтера;111;0;0.00;819.0;350.35;42.78
209664310;2395;Картридж PG-440XL для Canon Pixma GM4040 черный;Цифровой квадрат;Картриджи для принтеров;100;0;0.00;3800.0;1422.95;31.53
1003699596;63615;Фотобарабан для Sharp MX-4060N;Цифровой квадрат;Картриджи для принтеров;97;0;0.00;23227.0;8101.07;26.58
216460271;239312;Комплект картриджей для Canon SELPHY CP600;Цифровой квадрат;Картриджи для принтеров;96;0;0.00;4931.0;1664.4;26.73
967423247;22083;Картридж для Citizen CX120;Цифровой квадрат;Картриджи для принтеров;95;0;0.00;609.0;220.81;36.26
209732142;4539;Картридж 123 для HP DeskJet 1110, DeskJet 2130 цветной;Цифровой квадрат;Картриджи для принтеров;95;0;0.00;4175.0;1986.23;40.06
967526928;6948;Бункер отработанного тонера W9048MC для HP E77822 черный;Цифровой квадрат;Картриджи для принтеров;89;0;0.00;2985.0;917.1;25.86
400980510;4369;Картридж 123 для HP DeskJet 1110, DeskJet 1111 черный;Цифровой квадрат;Картриджи для принтеров;87;0;0.00;3878.0;1523.26;33.07
964543494;27051;Картридж для HP DeskJet 1110;Цифровой квадрат;Картриджи для принтеров;85;0;0.00;3566.0;1312.31;30.99
199334861;3465;Картридж W2411A для HP Color LJ Pro M182 голубой;Цифровой квадрат;Картриджи для принтеров;85;0;0.00;1679.0;271.36;15.06
181116726;4394;Картридж PG-440 для Canon Pixma MG2140, Pixma MG2240 черный;Цифровой квадрат;Картриджи для принтеров;85;0;0.00;3168.0;1100.79;29.25
967423204;22082;Картридж для Citizen CX123;Цифровой квадрат;Картриджи для принтеров;82;0;0.00;609.0;220.81;36.26
209759739;27053;Картридж для HP DeskJet 2132;Цифровой квадрат;Картриджи для принтеров;82;0;0.00;3133.0;1002.1;26.93
209663704;3486;Картридж PG-445XL для Canon Pixma TR4540 черный;Цифровой квадрат;Картриджи для принтеров;82;0;0.00;4119.0;1991.23;40.7
200162935;02867;Картридж для Canon Pixma MP230;Цифровой квадрат;Картриджи для принтеров;76;0;0.00;3440.0;913.55;22.36
209713769;3754;Картриджи 46861324-46861321 для OKI C834, C844;Цифровой квадрат;Картриджи для принтеров;74;0;0.00;21727.0;8186.71;30.14
216422212;00026;Картридж для HP LaserJet 1022;Цифровой квадрат;Картриджи для принтеров;73;0;0.00;1847.0;541.76;24.7
964465156;153015;Картридж для Epson Stylus Color Photo EX2;Цифровой квадрат;Картриджи для принтеров;72;0;0.00;978.0;411.21;42.04
349936958;5886;Чернила GI-43R для Canon Pixma G540, Pixma G640 красный;Цифровой квадрат;Чернила для принтера;70;0;0.00;819.0;350.35;42.78
264401330;4413;Чернила GI-43BK для Canon Pixma G540, Pixma G640 черный;Цифровой квадрат;Чернила для принтера;69;0;0.00;819.0;350.35;42.78
964851803;452610;Картридж для Sharp MX-5050;Цифровой квадрат;Картриджи для принтеров;69;0;0.00;5162.0;2001.25;30.71
745493984;239328;Комплект картриджей для Canon SELPHY CP1200;Цифровой квадрат;Картриджи для принтеров;68;0;0.00;7165.0;3369.29;37.24
964953034;45426;Картридж для HP Laser 135R MFP;Цифровой квадрат;Картриджи для принтеров;67;0;0.00;2584.0;1242.84;40.49
216341342;00022;Картридж для HP LaserJet 1012;Цифровой квадрат;Картриджи для принтеров;66;0;0.00;1533.0;347.71;21.14
964543525;27054;Картридж для HP DeskJet 2134;Цифровой квадрат;Картриджи для принтеров;65;0;0.00;3566.0;1312.31;30.99
256206881;55972;Картридж для HP LJ Pro MFP 4103dw;Цифровой квадрат;Картриджи для принтеров;64;0;0.00;3776.0;1482.71;33.06
262870439;5413;Чернила GI-41Bk для Canon Pixma G1420, Pixma G2420 черный;Цифровой квадрат;Чернила для принтера;63;0;0.00;836.0;350.18;41.88
209761065;31692;Картридж для Xerox VersaLink B605;Цифровой квадрат;Картриджи для принтеров;62;0;0.00;3767.0;1418.97;31.71
199566622;10321;Картридж для Panasonic KX-MB1507;Цифровой квадрат;Картриджи для принтеров;61;1;7.30;6486.0;3053.19;37.28
850491724;6457;Чернила 115C для Epson EcoTank L8160, EcoTank L8180 голубой;Цифровой квадрат;Чернила для принтера;61;0;0.00;609.0;238.39;39.14
199572402;11492;Картридж для Xerox WorkCentre 5050;Цифровой квадрат;Картриджи для принтеров;59;0;0.00;4860.0;2137.82;34.83
1003699602;63617;Фотобарабан для Sharp MX-3060N;Цифровой квадрат;Картриджи для принтеров;57;0;0.00;23227.0;8101.07;26.58
199573747;30551;Картридж для HP Color LJ M652;Цифровой квадрат;Картриджи для принтеров;57;0;0.00;6233.0;1847.12;23.47
200166062;11703;Картридж для Brother DCP-1510;Цифровой квадрат;Картриджи для принтеров;57;0;0.00;1496.0;465.7;31.13
264449897;4414;Чернила GI-43M для Canon Pixma G540, Pixma G640 пурпурный;Цифровой квадрат;Чернила для принтера;56;0;0.00;819.0;350.35;42.78
264449959;4416;Чернила GI-43C для Canon Pixma G540, Pixma G640 голубой;Цифровой квадрат;Чернила для принтера;56;0;0.00;819.0;350.35;42.78
272510257;2208;Картридж iR40T для Citizen CX120, CX123, IR40T, IR50 черный;Цифровой квадрат;Картриджи для принтеров;55;0;0.00;609.0;220.81;36.26
964282689;059518;Картридж для Brother MFC-297C;Цифровой квадрат;Картриджи для принтеров;55;0;0.00;769.0;252.78;32.87
215243522;270510;Картридж для HP OfficeJet 3834;Цифровой квадрат;Картриджи для принтеров;55;0;0.00;3133.0;1002.1;26.93
964396336;348613;Картридж для Canon Pixma TS3140;Цифровой квадрат;Картриджи для принтеров;55;0;0.00;4188.0;2230.18;42.18
349937864;5885;Чернила GI-43Y для Canon Pixma G540, Pixma G640 желтый;Цифровой квадрат;Чернила для принтера;54;0;0.00;819.0;350.35;42.78
209761526;34862;Картридж для Canon Pixma iP2845;Цифровой квадрат;Картриджи для принтеров;50;0;0.00;4140.0;2006.51;40.8
327898199;239321;Комплект картриджей для Canon SELPHY CP790;Цифровой квадрат;Картриджи для принтеров;48;0;0.00;7088.0;3310.5;36.99
181115768;1450;Картридж CLI-471XLY для Canon Pixma TS6040 желтый;Цифровой квадрат;Картриджи для принтеров;48;0;0.00;719.0;276.28;38.43
850491660;6459;Чернила 115Y для Epson EcoTank L8160, EcoTank L8180 желтый;Цифровой квадрат;Чернила для принтера;47;0;0.00;609.0;238.39;39.14
216422239;000213;Картридж для HP LaserJet 3055;Цифровой квадрат;Картриджи для принтеров;47;0;0.00;1823.0;507.96;23.45
967521150;57492;Картридж для Xerox B230;Цифровой квадрат;Картриджи для принтеров;47;0;0.00;25815.0;16870.12;49.8
967331080;348615;Картридж для Canon Pixma TR4540;Цифровой квадрат;Картриджи для принтеров;46;0;0.00;4188.0;2230.18;42.18
199571756;07643;Картридж для HP Color LaserJet Pro 400 M451dn;Цифровой квадрат;Картриджи для принтеров;46;0;0.00;1731.0;350.5;17.04
209779269;43665;Картридж для HP DJ Ink Advantage Ultra 4729;Цифровой квадрат;Картриджи для принтеров;46;0;0.00;3141.0;1231.23;33.0
1002561887;07311;Картридж для Panasonic KX-MB1520RU;Цифровой квадрат;Картриджи для принтеров;46;0;0.00;4161.0;1217.57;24.64
199574624;53362;Картридж для Canon LBP-3000;Цифровой квадрат;Картриджи для принтеров;46;0;0.00;1533.0;168.46;10.24
262192073;4830;Фотобарабан W1104A для HP 1200 a, 1000a черный;Цифровой квадрат;Картриджи для принтеров;46;0;0.00;5839.0;1727.31;23.43
964317201;34749;Картридж для Canon i-SENSYS MF745;Цифровой квадрат;Картриджи для принтеров;46;0;0.00;2514.0;617.55;20.68
209752248;5248;Картридж TK-1170XL для Kyocera M2040, M2540, M2540dw черный;Цифровой квадрат;Картриджи для принтеров;46;0;0.00;1957.0;767.86;33.04
209714647;34867;Картридж для Canon Pixma MG2545;Цифровой квадрат;Картриджи для принтеров;45;0;0.00;4140.0;2006.51;40.8
199573773;30552;Картридж для HP Color LJ M653;Цифровой квадрат;Картриджи для принтеров;45;0;0.00;6326.0;1918.1;24.01
192227788;0286;Картридж PG-512BK для Canon Pixma IP2700 черный;Цифровой квадрат;Картриджи для принтеров;45;0;0.00;5539.0;2670.66;38.18
964393833;12382;Картридж для Canon iPF-510;Цифровой квадрат;Картриджи для принтеров;45;0;0.00;3180.0;1204.64;31.89
200166184;085112;Картридж для Brother MFC-L2740DWR;Цифровой квадрат;Картриджи для принтеров;44;0;0.00;1408.0;468.71;31.0
209761562;34869;Картридж для Canon Pixma MG2945;Цифровой квадрат;Картриджи для принтеров;44;0;0.00;4140.0;2006.51;40.8
850491664;6458;Чернила 115M для Epson EcoTank L8160 пурпурный;Цифровой квадрат;Чернила для принтера;43;0;0.00;609.0;238.39;39.14
199574695;53515;Картридж для Canon i-SENSYS LBP-6030B;Цифровой квадрат;Картриджи для принтеров;43;0;0.00;1504.0;302.77;18.76
263820179;0184;Картридж CLI-426BK для Canon Pixma iP4840 черный;Цифровой квадрат;Картриджи для принтеров;42;0;0.00;569.0;151.93;26.7
192227942;0205;Картридж CE285X для HP LJ Pro M1132, LJ Pro M1136 черный;Цифровой квадрат;Картриджи для принтеров;42;0;0.00;1757.0;411.79;21.84
964465374;153016;Картридж для Epson Photo EX2;Цифровой квадрат;Картриджи для принтеров;42;0;0.00;978.0;411.21;42.04
208143050;5224;Картридж 057 для Canon LBP 223 dw, LBP-225, MF 443dw черный;Цифровой квадрат;Картриджи для принтеров;42;0;0.00;2576.0;1110.27;36.29
199335607;5340;Картридж 106R01159 для Xerox Phaser 3117 черный;Цифровой квадрат;Картриджи для принтеров;42;0;0.00;1915.0;503.45;22.13
200163254;01928;Картридж для HP DeskJet F4213;Цифровой квадрат;Картриджи для принтеров;42;0;0.00;3145.0;1015.21;27.18
964396202;348612;Картридж для Canon Pixma TS304;Цифровой квадрат;Картриджи для принтеров;42;0;0.00;4188.0;2230.18;42.18
1003697554;63834;Картридж для BM2300AW;Цифровой квадрат;Картриджи для принтеров;42;0;0.00;5278.0;2133.04;32.01
964372843;01306;Картридж для Canon Pixma MP560;Цифровой квадрат;Картриджи для принтеров;42;0;0.00;709.0;271.24;38.26
1002464557;020220;Картридж для HP DeskJet 1512;Цифровой квадрат;Картриджи для принтеров;42;1;7.30;4803.0;2527.7;41.68
192227937;0895;Картридж 655C для HP DJ 3525, DJ 3525, DJ 3525 голубой;Цифровой квадрат;Картриджи для принтеров;41;0;0.00;899.0;318.34;35.41
192228031;0896;Картридж 655M для HP DJ 4615, DJ 4615, DJ 4615 пурпурный;Цифровой квадрат;Картриджи для принтеров;41;0;0.00;929.0;333.47;35.9
964498471;30882;Картридж для HP Color LJ M653dn;Цифровой квадрат;Картриджи для принтеров;41;0;0.00;8744.0;3195.27;29.31
199334033;2214;Картридж MD910 для Citizen MD-910 черный;Цифровой квадрат;Картриджи для принтеров;40;0;0.00;989.0;402.43;40.69
181094926;0825;Картридж CF283A для HP LJ Pro M125, LJ Pro M126 черный;Цифровой квадрат;Картриджи для принтеров;40;0;0.00;1613.0;449.41;25.95
385836908;5940;Картридж W1107XL для HP Laser 107A, Laser 107R черный;Цифровой квадрат;Картриджи для принтеров;40;0;0.00;1782.0;467.88;22.11
263821924;3841;Чернила BT5000C для Brother DCP-T500W, DCP-T510 голубой;Цифровой квадрат;Чернила для принтера;39;0;0.00;629.0;200.34;31.85
199331663;0012;Картридж Q5949A для HP LJ 1160, LJ 1320, LJ 1320N черный;Цифровой квадрат;Картриджи для принтеров;39;0;0.00;2932.0;1271.75;36.52
256203033;5597;Картридж W1510X для HP LJ Pro 4003 dn, LJ Pro 4003dw черный;Цифровой квадрат;Картриджи для принтеров;39;0;0.00;2855.0;821.64;24.23
199565754;08388;Картридж для Epson Expression Home XP-323;Цифровой квадрат;Картриджи для принтеров;38;0;0.00;639.0;187.23;29.3
1002607820;10328;Картридж для Panasonic KX-MB1510;Цифровой квадрат;Картриджи для принтеров;38;0;0.00;4281.0;1370.54;25.36
199331190;2400;Картридж TK-5270BK для Kyocera M6230cidn, M6230cidn черный;Цифровой квадрат;Картриджи для принтеров;38;0;0.00;2128.0;512.55;20.28
181116133;2411;Картридж TK-8115BK для Kyocera M8124cidn, M8130cidn черный;Цифровой квадрат;Картриджи для принтеров;38;0;0.00;2148.0;451.91;17.71
1002545136;06231;Фотобарабан для Xerox WorkCentre Pro 412;Цифровой квадрат;Картриджи для принтеров;37;0;0.00;4391.0;1158.07;20.88
967521158;57493;Картридж для Xerox B235;Цифровой квадрат;Картриджи для принтеров;37;0;0.00;25815.0;16870.12;49.8
964830323;24832;Картридж для Samsung SL-M4080FX;Цифровой квадрат;Картриджи для принтеров;37;0;0.00;3590.0;897.77;21.06
964543614;27059;Картридж для HP OfficeJet 3833;Цифровой квадрат;Картриджи для принтеров;37;0;0.00;3566.0;1312.31;30.99
192228028;0897;Картридж 655Y для HP DJ 5525, DJ 5525, DJ 5525 желтый;Цифровой квадрат;Картриджи для принтеров;37;0;0.00;899.0;318.34;35.41
1002465973;020257;Картридж для HP OfficeJet 4632;Цифровой квадрат;Картриджи для принтеров;37;0;0.00;4803.0;2527.7;41.68
1002464426;020217;Картридж для HP DeskJet 1012;Цифровой квадрат;Картриджи для принтеров;37;0;0.00;4803.0;2527.7;41.68
264241901;0490;Картридж T0442 для Epson Stylus C84, Stylus C84N голубой;Цифровой квадрат;Картриджи для принтеров;37;0;0.00;450.0;140.73;31.28
914561915;6756;Картридж MLT-D101S XL для Samsung ML-2160, ML-2161 черный;Цифровой квадрат;Картриджи для принтеров;36;0;0.00;3965.0;1436.64;30.51
1002465752;020255;Картридж для HP OfficeJet 2623;Цифровой квадрат;Картриджи для принтеров;36;0;0.00;4803.0;2527.7;41.68
181097419;0851;Картридж TN-2375 для Brother DCP-L2500DR, HL-L2300DR черный;Цифровой квадрат;Картриджи для принтеров;36;0;0.00;1511.0;437.04;26.96
551893160;6721;Фотобарабан + картридж IUP-20/21+TNP-46 для Konica Minolta;Цифровой квадрат;Картриджи для принтеров;36;0;0.00;13194.0;4248.89;25.83
216360309;1000;Картридж 44469752 для OKI C510, C511, C530, C531 желтый;Цифровой квадрат;Картриджи для принтеров;36;0;0.00;2544.0;689.01;22.8
267893229;4557;Лента LK3WBN для Epson LW 1000P, LW 400, LW 600P, LW 700;Цифровой квадрат;Картриджи для принтеров;35;0;0.00;1847.0;867.64;39.55
181116340;2171;Картриджи TK-5220 для Kyocera M5521cdn, M5521cdw, P5021cdn;Цифровой квадрат;Картриджи для принтеров;35;0;0.00;3218.0;989.27;25.88
200166118;23151;Картридж для Brother DCP-1602;Цифровой квадрат;Картриджи для принтеров;35;0;0.00;1452.0;445.42;28.59
236322225;0747;Картридж CF280X для HP LJ Pro M401, LJ Pro M425 черный;Цифровой квадрат;Картриджи для принтеров;35;0;0.00;2024.0;511.79;21.29
1002464761;020227;Картридж для HP DeskJet 2542 All-in-One;Цифровой квадрат;Картриджи для принтеров;35;0;0.00;4803.0;2527.7;41.68
199572290;11071;Картридж для Xerox WorkCentre 3325;Цифровой квадрат;Картриджи для принтеров;35;0;0.00;3640.0;1224.81;28.33
216422208;000214;Картридж для HP LaserJet M1005;Цифровой квадрат;Картриджи для принтеров;35;0;0.00;1405.0;62.87;4.17
216423557;000243;Картридж для HP LaserJet 3050Z;Цифровой квадрат;Картриджи для принтеров;35;0;0.00;1558.0;364.28;21.78
1002452983;018228;Картридж для Canon FAX-JX510;Цифровой квадрат;Картриджи для принтеров;35;0;0.00;3723.0;1566.95;35.44
1002452986;019245;Картридж для HP PhotoSmart D110;Цифровой квадрат;Картриджи для принтеров;35;0;0.00;3314.0;1136.14;28.87
1002554128;028012;Картридж для Samsung SCX-3207;Цифровой квадрат;Картриджи для принтеров;35;0;0.00;2078.0;679.99;27.55
192228101;0823;Картридж PGI-450PGBK для Canon Pixma MG6640 черный;Цифровой квадрат;Картриджи для принтеров;34;0;0.00;899.0;402.46;44.77
200166368;02804;Картридж для Samsung SCX-3205;Цифровой квадрат;Картриджи для принтеров;34;0;0.00;1998.0;622.61;26.23
200166032;08518;Картридж для Brother DCP-L2540DNR;Цифровой квадрат;Картриджи для принтеров;34;0;0.00;1796.0;714.34;37.05
1003224475;30544;Картридж для HP LaserJet M15 M28w Pro MFP;Цифровой квадрат;Картриджи для принтеров;34;0;0.00;2279.0;835.44;30.86
199574698;53514;Картридж для Canon i-SENSYS LBP-6020B;Цифровой квадрат;Картриджи для принтеров;34;0;0.00;1504.0;302.77;18.76
181115858;1457;Картридж PGI-35BK для Canon Pixma iP100, Pixma iP110 черный;Цифровой квадрат;Картриджи для принтеров;34;1;8.80;859.0;346.88;40.38
199566531;02373;Картридж для Kyocera EcoSys M2035DN;Цифровой квадрат;Картриджи для принтеров;34;0;0.00;1427.0;447.17;31.33
850435611;6787;Картридж 067H для Canon LBP631CW, LBP633, LBP633Cdw черный;Цифровой квадрат;Картриджи для принтеров;34;0;0.00;2155.0;791.96;30.94
263819554;4477;Чернила GI-40 для Canon Pixma G5040, Pixma G5040;Цифровой квадрат;Чернила для принтера;33;0;0.00;1927.0;827.63;36.16
199574754;53481;Картридж для Xerox Phaser 3116;Цифровой квадрат;Картриджи для принтеров;33;0;0.00;1885.0;446.35;19.93
1002465608;020251;Картридж для HP ENVY 5532;Цифровой квадрат;Картриджи для принтеров;33;0;0.00;4803.0;2527.7;41.68
200163119;019217;Картридж для HP ENVY 100 e;Цифровой квадрат;Картриджи для принтеров;33;0;0.00;3314.0;1136.14;28.87
181097513;0274;Картридж MLT-D101S для Samsung ML-2160, ML-2161 черный;Цифровой квадрат;Картриджи для принтеров;33;0;0.00;1809.0;393.85;20.28
439970908;10323;Картридж для Panasonic KX-MB1536;Цифровой квадрат;Картриджи для принтеров;33;0;0.00;3999.0;974.63;20.52
967331154;34866;Картридж для Canon Pixma MG2540;Цифровой квадрат;Картриджи для принтеров;33;0;0.00;4188.0;2230.18;42.18
200164668;020021;Картридж для HP DeskJet D2360;Цифровой квадрат;Картриджи для принтеров;32;0;0.00;3249.0;1553.17;40.24
192568817;2392;Картриджи TN-423 для Brother MFC-L8900CDW, MFC-L8900CDW;Цифровой квадрат;Картриджи для принтеров;32;0;0.00;5792.0;1227.33;16.78
199574593;53403;Картридж для Xerox Phaser 3124;Цифровой квадрат;Картриджи для принтеров;32;0;0.00;2257.0;748.96;27.93
1002464816;020230;Картридж для HP DeskJet 2546 All-in-One;Цифровой квадрат;Картриджи для принтеров;32;0;0.00;4803.0;2527.7;41.68
209728815;3776;Картриджи 46443116-46443113 для OKI Data C833, Data C843;Цифровой квадрат;Картриджи для принтеров;32;0;0.00;32570.0;13023.84;30.47
850503785;5685;Заправочный комплект HP-46 Bk для HP DeskJet 2029 черный;Цифровой квадрат;Картриджи для принтеров;32;0;0.00;1591.0;556.77;32.61
209779262;43663;Картридж для HP DJ Ink Advantage Ultra 2029;Цифровой квадрат;Картриджи для принтеров;32;0;0.00;3141.0;1231.23;33.0
967493401;42495;Картридж для Dymo LM 500TS;Цифровой квадрат;Картриджи для принтеров;31;0;0.00;1767.0;822.5;43.38
1001414483;005013;Картридж для Canon LBP-440;Цифровой квадрат;Картриджи для принтеров;31;0;0.00;2309.0;692.02;25.23
964396519;34864;Картридж для Canon Pixma MG2440;Цифровой квадрат;Картриджи для принтеров;31;0;0.00;4188.0;2230.18;42.18
252726452;0016;Картридж CLI-426GY для Canon Pixma MG6140 серый;Цифровой квадрат;Картриджи для принтеров;31;0;0.00;629.0;213.53;33.95
257807194;0820;Картридж CLI-451M для Canon Pixma iX6840 пурпурный;Цифровой квадрат;Картриджи для принтеров;31;0;0.00;859.0;346.88;40.38
1002464828;020231;Картридж для HP DeskJet 2547 All-in-One;Цифровой квадрат;Картриджи для принтеров;31;0;0.00;4803.0;2527.7;41.68
397270019;5994;Лента K5DBF для Epson LW 1000P, LW 400, LW 600P, LW 700;Цифровой квадрат;Картриджи для принтеров;31;0;0.00;2430.0;1170.27;40.55
180944663;0198;Картридж 140XL для HP DeskJet D4260, DeskJet D4263 черный;Цифровой квадрат;Картриджи для принтеров;30;0;0.00;2013.0;809.74;33.87
216459979;239324;Комплект картриджей для Canon SELPHY CP820;Цифровой квадрат;Картриджи для принтеров;30;0;0.00;7011.0;3251.71;36.73
267893195;4606;Лента S0718620 для Dymo Rhino 5200, Rhino Pro 4200 черный;Цифровой квадрат;Картриджи для принтеров;30;0;0.00;4747.0;2419.27;40.36
550681530;6693;Фотобарабан + картридж DK-3180+TK-3060 для Kyocera черный;Цифровой квадрат;Картриджи для принтеров;30;0;0.00;23637.0;6656.51;21.46
209761474;33871;Картридж для Xerox VersaLink C600;Цифровой квадрат;Картриджи для принтеров;29;0;0.00;3969.0;1059.04;22.46
199569634;06203;Картридж для Xerox CopyCentre C20;Цифровой квадрат;Картриджи для принтеров;29;0;0.00;6832.0;3083.25;35.74
236322621;5335;Картридж FX-10 для Canon FAX-L100, FAX-L120, FAX-L75 черный;Цифровой квадрат;Картриджи для принтеров;29;0;0.00;1823.0;460.52;21.26
967509062;54062;Картридж для HP LaserJet Pro 4103fdn;Цифровой квадрат;Картриджи для принтеров;29;0;0.00;1715.0;457.79;22.47
199573017;21101;Картридж для Sharp AR-6020;Цифровой квадрат;Картриджи для принтеров;29;0;0.00;3133.0;856.76;23.03
263820076;0149;Картридж T0634 для Epson Stylus CX4100 желтый;Цифровой квадрат;Картриджи для принтеров;29;0;0.00;521.0;170.69;32.76
914595985;6744;Чернила №305 для HP DeskJet 2710, DeskJet 2710 голубой;Цифровой квадрат;Чернила для принтера;29;0;0.00;1159.0;518.8;44.75
850435392;6788;Картридж 067H для Canon LBP631CW, LBP633, LBP633Cdw голубой;Цифровой квадрат;Картриджи для принтеров;29;0;0.00;2002.0;670.18;28.19
964320514;19551;Картридж для Canon iR-C4080i;Цифровой квадрат;Картриджи для принтеров;29;0;0.00;11466.0;4735.81;33.12
322456923;5816;Картридж 006R04403 для Xerox B225, B230, B235 черный;Цифровой квадрат;Картриджи для принтеров;28;0;0.00;9167.0;3830.28;33.51
181115460;2185;Картридж 953XLM для HP OfficeJet Pro 8218 пурпурный;Цифровой квадрат;Картриджи для принтеров;28;0;0.00;1455.0;595.97;38.16
850435092;6789;Картридж 067H для Canon LBP631CW, LBP633, MF651 пурпурный;Цифровой квадрат;Картриджи для принтеров;28;0;0.00;1968.0;646.23;27.64
209779265;43664;Картридж для HP DJ Ink Advantage Ultra 2529;Цифровой квадрат;Картриджи для принтеров;28;0;0.00;3141.0;1231.23;33.0
200164368;020026;Картридж для HP DeskJet F2110;Цифровой квадрат;Картриджи для принтеров;28;0;0.00;3249.0;1553.17;40.24
1002465975;020256;Картридж для HP OfficeJet 4631;Цифровой квадрат;Картриджи для принтеров;28;0;0.00;4803.0;2527.7;41.68
216422567;00111;Картридж для HP LaserJet P2030;Цифровой квадрат;Картриджи для принтеров;28;0;0.00;2471.0;1214.56;41.37
967528211;6966;Картридж CE285XL для HP LJ Pro M1132, LJ Pro M1136 черный;Цифровой квадрат;Картриджи для принтеров;27;0;0.00;3875.0;971.88;21.12
964263356;02494;Картридж для Brother DCP-7060DR;Цифровой квадрат;Картриджи для принтеров;27;0;0.00;1532.0;298.78;18.17
1003381821;39452;Картридж для Canon i-SENSYS MF443;Цифровой квадрат;Картриджи для принтеров;27;0;0.00;2075.0;733.07;29.74
256206130;55971;Картридж для HP LaserJet Pro 4003dw;Цифровой квадрат;Картриджи для принтеров;27;0;0.00;4099.0;1714.08;35.21
1002466019;020261;Картридж для HP OfficeJet 4639;Цифровой квадрат;Картриджи для принтеров;27;0;0.00;4803.0;2527.7;41.68
200163196;019216;Картридж для HP ENVY 110 e-All-in-One;Цифровой квадрат;Картриджи для принтеров;27;0;0.00;3314.0;1136.14;28.87
1002464699;020226;Картридж для HP DeskJet 2541 All-in-One;Цифровой квадрат;Картриджи для принтеров;27;0;0.00;4803.0;2527.7;41.68
257945647;5407;Картридж W1510X для HP LJ Pro 4003 dn черный;Цифровой квадрат;Картриджи для принтеров;27;0;0.00;2255.0;612.04;22.85
1002465981;020258;Картридж для HP OfficeJet 4634;Цифровой квадрат;Картриджи для принтеров;27;0;0.00;4803.0;2527.7;41.68
199565266;001849;Картридж для Canon PC-745;Цифровой квадрат;Картриджи для принтеров;27;0;0.00;4645.0;2147.87;36.62
199331682;0088;Картридж CE278A для HP LJ Pro M1536dnf, LJ Pro P1560 черный;Цифровой квадрат;Картриджи для принтеров;27;0;0.00;1427.0;245.97;16.06
967349121;01615;Картридж для Epson Stylus Photo RX590;Цифровой квадрат;Картриджи для принтеров;26;0;0.00;779.0;306.54;39.35
964395288;018222;Картридж для Canon Pixma MP460;Цифровой квадрат;Картриджи для принтеров;26;0;0.00;3723.0;1566.95;35.44
996789084;6986;Картридж 067Y для Canon LBP631CW, LBP633Cdw, MF651Cw желтый;Цифровой квадрат;Картриджи для принтеров;26;0;0.00;4172.0;1884.15;38.03
199565454;00282;Картридж для HP LaserJet 1320N;Цифровой квадрат;Картриджи для принтеров;26;0;0.00;2152.0;537.17;21.01
199570372;02542;Картридж для Xerox Phaser 3155;Цифровой квадрат;Картриджи для принтеров;26;0;0.00;1949.0;424.57;18.34
199572526;13121;Картридж для Lexmark MX511dhe;Цифровой квадрат;Картриджи для принтеров;26;0;0.00;2514.0;604.7;20.25
192568842;2415;Картриджи TK-8115 для Kyocera M8124cidn, M8130cidn;Цифровой квадрат;Картриджи для принтеров;26;0;0.00;8574.0;4827.52;45.16
199331644;4210;Картридж W2211X для HP LJ Pro Color M282 nw голубой;Цифровой квадрат;Картриджи для принтеров;26;0;0.00;3288.0;1528.29;39.13
199565918;12856;Картридж для Brother DCP-L5500dn;Цифровой квадрат;Картриджи для принтеров;26;0;0.00;2594.0;1182.34;38.37
216429495;2219;Картридж PR2 для Olivetti PR2 черный;Цифровой квадрат;Картриджи для принтеров;26;0;0.00;1418.0;601.05;42.37
261996750;4364;Фотобарабан DL-420 DU для M6700D, M6700DW, M6800FDW черный;Цифровой квадрат;Картриджи для принтеров;26;0;0.00;2490.0;744.24;25.16
1002466011;020260;Картридж для HP OfficeJet 4636;Цифровой квадрат;Картриджи для принтеров;26;0;0.00;4803.0;2527.7;41.68
468623407;6035;Картридж TN-2375 для Brother HL-L2300, HL-L2305 черный;Цифровой квадрат;Картриджи для принтеров;26;0;0.00;1927.0;748.85;32.72
987938600;6963;Картридж CF280X для HP LJ Pro M401, LJ Pro M425 черный;Цифровой квадрат;Картриджи для принтеров;26;0;0.00;3998.0;1295.59;27.29
199565793;083812;Картридж для Epson Expression Home XP-423;Цифровой квадрат;Картриджи для принтеров;26;0;0.00;639.0;187.23;29.3
1002468181;02832;Картридж для Canon MP170;Цифровой квадрат;Картриджи для принтеров;26;0;0.00;4006.0;1718.28;36.11
676777600;5546;Картридж 067BK для Canon LBP633Cdw, LBP633Cdw черный;Цифровой квадрат;Картриджи для принтеров;26;0;0.00;2082.0;571.17;23.1
850441145;6755;Картридж PG-545XL для Canon PIXMA iP2850 черный;Цифровой квадрат;Картриджи для принтеров;26;0;0.00;3590.0;1219.35;28.6
850442248;6745;Чернила №305 для HP DeskJet 2721, DeskJet 2721 пурпурный;Цифровой квадрат;Чернила для принтера;26;0;0.00;1159.0;518.8;44.75
199572532;13062;Картридж для Lexmark MS310d;Цифровой квадрат;Картриджи для принтеров;26;0;0.00;3785.0;1593.02;35.43
1003605596;52564;Фотобарабан для Xerox 4127;Цифровой квадрат;Картриджи для принтеров;26;0;0.00;38445.0;9436.25;18.7
199574658;53517;Картридж для Canon i-SENSYS MF3010;Цифровой квадрат;Картриджи для принтеров;25;0;0.00;1735.0;538.14;26.11
1002464880;020233;Картридж для HP DeskJet 2549 All-in-One;Цифровой квадрат;Картриджи для принтеров;25;0;0.00;4803.0;2527.7;41.68
216360252;31928;Картридж для Canon i-SENSYS MF643;Цифровой квадрат;Картриджи для принтеров;25;0;0.00;3012.0;1174.49;32.82
261996671;0818;Картридж CLI-451BK для Canon Pixma iP7240 черный;Цифровой квадрат;Картриджи для принтеров;25;0;0.00;859.0;346.88;40.38
964371987;01301;Картридж для Canon Pixma iP3600;Цифровой квадрат;Картриджи для принтеров;25;0;0.00;709.0;271.24;38.26
209779435;44333;Чернила для Epson EcoTank M1140;Цифровой квадрат;Чернила для принтера;25;0;0.00;917.0;393.4;42.9
181123524;1946;Фотобарабан DK-150 DU для Kyocera M2030, M2530 черный;Цифровой квадрат;Картриджи для принтеров;25;0;0.00;4362.0;1256.47;23.04
215240293;3762;Картридж TN-14 для Brother DCP-L2551 dn, HL-L2371DN черный;Цифровой квадрат;Картриджи для принтеров;25;0;0.00;1747.0;565.02;30.14
199331174;0502;Картридж E250A21E для Lexmark LP E250d, LP E250dn черный;Цифровой квадрат;Картриджи для принтеров;25;0;0.00;3977.0;1694.79;35.88
216352777;2194;Фотобарабан CF232A для HP LJ Pro M203dn, LJ Pro M227 черный;Цифровой квадрат;Картриджи для принтеров;25;0;0.00;1767.0;375.98;19.83
327898048;02482;Картридж для Brother DCP-7057R;Цифровой квадрат;Картриджи для принтеров;25;0;0.00;1857.0;687.93;34.52
265276231;2001;Картридж 101B для Konica Minolta EP-1050, EP-1070 черный;Цифровой квадрат;Картриджи для принтеров;25;0;0.00;2425.0;528.65;18.36
200165913;02912;Картридж для Epson Stylus Photo R300;Цифровой квадрат;Картриджи для принтеров;24;0;0.00;1016.0;367.04;36.13
272510376;0134;Картридж CLI-521Y для Canon Pixma iP3600, Pixma MP620 желтый;Цифровой квадрат;Картриджи для принтеров;24;0;0.00;679.0;256.11;37.72
181116308;1444;Картриджи CLI-471XL для Canon Pixma TS8040, Pixma TS8040;Цифровой квадрат;Картриджи для принтеров;24;0;0.00;1524.0;830.33;50.76
254001597;0072;Картриджи 980 для HP Officejet Color X555dn;Цифровой квадрат;Картриджи для принтеров;24;0;0.00;11573.0;3694.09;25.6
200167221;104210;Картридж для Samsung Xpress SL-M2070FW;Цифровой квадрат;Картриджи для принтеров;24;0;0.00;1497.0;220.17;13.7
199330899;1235;Картридж LC985M для Brother MFC-J220, MFC-J265W пурпурный;Цифровой квадрат;Картриджи для принтеров;24;0;0.00;519.0;126.72;24.42
263819889;0133;Картридж CLI-521M для Canon Pixma MP610 пурпурный;Цифровой квадрат;Картриджи для принтеров;24;0;0.00;679.0;256.11;37.72
553510651;6334;Картридж TK-3160XL для Kyocera M3145dn, M3645dn черный;Цифровой квадрат;Картриджи для принтеров;24;0;0.00;6480.0;3169.94;38.74
964372779;01305;Картридж для Canon Pixma MP550;Цифровой квадрат;Картриджи для принтеров;24;0;0.00;709.0;271.24;38.26
1002468267;02834;Картридж для Canon MX310;Цифровой квадрат;Картриджи для принтеров;24;0;0.00;4006.0;1718.28;36.11
1002610368;11707;Картридж для Brother DCP-1610WR;Цифровой квадрат;Картриджи для принтеров;24;0;0.00;1343.0;327.85;24.41
200165808;08943;Картридж для HP DJ Ink Advantage 5525;Цифровой квадрат;Картриджи для принтеров;24;0;0.00;969.0;353.64;36.5
215243848;348611;Картридж для Canon Pixma MX494;Цифровой квадрат;Картриджи для принтеров;24;0;0.00;4140.0;2006.51;40.8
200164789;02028;Картридж для HP DeskJet 3050 - J610a;Цифровой квадрат;Картриджи для принтеров;24;0;0.00;3523.0;1391.58;33.25
967348921;01518;Картридж для Epson Stylus C90;Цифровой квадрат;Картриджи для принтеров;24;0;0.00;819.0;326.71;39.89
1002464778;020228;Картридж для HP DeskJet 2543 All-in-One;Цифровой квадрат;Картриджи для принтеров;24;0;0.00;4803.0;2527.7;41.68
724736407;11704;Картридж для Brother DCP-1512;Цифровой квадрат;Картриджи для принтеров;24;0;0.00;1275.0;286.76;22.49
964390183;239515;Картридж для Canon Pixma MG4140;Цифровой квадрат;Картриджи для принтеров;24;0;0.00;3856.0;1463.65;31.96
199569532;07105;Картридж для Sharp MB OfficeCenter 316;Цифровой квадрат;Картриджи для принтеров;24;0;0.00;5313.0;2276.16;33.93
200164615;020031;Картридж для HP DeskJet F2187;Цифровой квадрат;Картриджи для принтеров;24;0;0.00;2669.0;1136.67;35.85
964394833;018215;Картридж для Canon FAX-JX510P;Цифровой квадрат;Картриджи для принтеров;24;0;0.00;3723.0;1566.95;35.44
474421662;5693;Чернила BTD60BK для Brother DCP-110C, DCP-115C черный;Цифровой квадрат;Чернила для принтера;24;0;0.00;1077.0;466.9;43.34
1003605566;52561;Фотобарабан для Xerox WorkCentre Pro 4590;Цифровой квадрат;Картриджи для принтеров;23;0;0.00;38445.0;9436.25;18.7
1003224514;30543;Картридж для HP LaserJet M15 M28a Pro MFP;Цифровой квадрат;Картриджи для принтеров;23;0;0.00;1835.0;389.2;19.76
967471400;46111;Лента для принтера для Dymo 3500;Цифровой квадрат;Картриджи для принтеров;23;0;0.00;1398.0;603.6;40.22
964390845;01351;Картридж для Canon Pixma MP510;Цифровой квадрат;Картриджи для принтеров;23;0;0.00;859.0;346.88;40.38
850442183;6746;Чернила №305 для HP DeskJet 2722, DeskJet 2722 желтый;Цифровой квадрат;Чернила для принтера;23;0;0.00;1159.0;518.8;44.75
265275839;5549;Картридж 067Y для Canon LBP631CW, LBP631CW, LBP631CW желтый;Цифровой квадрат;Картриджи для принтеров;23;0;0.00;3573.0;1838.32;43.32
1003605577;52563;Фотобарабан для Xerox 4110;Цифровой квадрат;Картриджи для принтеров;23;0;0.00;38445.0;9436.25;18.7
192227968;0310;Картридж 134 для HP PhotoSmart D5155 цветной;Цифровой квадрат;Картриджи для принтеров;23;0;0.00;1895.0;699.18;31.06
1002464804;020229;Картридж для HP DeskJet 2544 All-in-One;Цифровой квадрат;Картриджи для принтеров;23;0;0.00;4803.0;2527.7;41.68
964952670;45423;Картридж для HP Laser 107W;Цифровой квадрат;Картриджи для принтеров;22;0;0.00;2006.0;746.48;31.32
216422340;00027;Картридж для HP LaserJet 1022N;Цифровой квадрат;Картриджи для принтеров;22;0;0.00;1507.0;331.14;20.47
850428132;6865;Картридж W1360X для HP LJ M211 D, LJ M236D черный;Цифровой квадрат;Картриджи для принтеров;22;0;0.00;2696.0;965.49;30.15
1002465316;020241;Картридж для HP DeskJet 3512;Цифровой квадрат;Картриджи для принтеров;22;0;0.00;4803.0;2527.7;41.68
1003295047;35852;Картридж для Canon LBP-712;Цифровой квадрат;Картриджи для принтеров;22;0;0.00;4318.0;1608.82;29.51
850434913;6790;Картридж 067H для Canon LBP631CW, LBP633, LBP633Cdw желтый;Цифровой квадрат;Картриджи для принтеров;22;0;0.00;1935.0;622.29;27.07
1002452412;019234;Картридж для HP DeskJet F4292;Цифровой квадрат;Картриджи для принтеров;22;0;0.00;3314.0;1136.14;28.87
996789206;6985;Картридж 067M для Canon LBP631CW, LBP633Cdw пурпурный;Цифровой квадрат;Картриджи для принтеров;22;0;0.00;4172.0;1884.15;38.03
263821629;2587;Картридж T0601 для Epson Stylus C68, Stylus C88 черный;Цифровой квадрат;Картриджи для принтеров;22;0;0.00;450.0;140.73;31.28
967331832;14467;Картридж для Canon Pixma TS9040;Цифровой квадрат;Картриджи для принтеров;22;0;0.00;719.0;227.57;31.65
262632000;5414;Чернила GI-41C для Canon Pixma G1420, Pixma G2420 голубой;Цифровой квадрат;Чернила для принтера;22;0;0.00;819.0;350.35;42.78
209714357;23127;Картридж для HP DeskJet Ink Advantage 2645;Цифровой квадрат;Картриджи для принтеров;22;0;0.00;3266.0;1288.63;33.21
216457905;239313;Комплект картриджей для Canon SELPHY CP710;Цифровой квадрат;Картриджи для принтеров;22;0;0.00;7088.0;3310.5;36.99
209729897;4137;Картридж W1120A для HP Laser 150a, Laser 178nw черный;Цифровой квадрат;Картриджи для принтеров;22;0;0.00;4111.0;1413.02;27.22
964236329;00023;Картридж для HP LaserJet 1015;Цифровой квадрат;Картриджи для принтеров;22;0;0.00;1635.0;413.99;23.59
199331196;2163;Картридж TK-1160 для Kyocera P2040dn, P2040dw черный;Цифровой квадрат;Картриджи для принтеров;22;0;0.00;1446.0;208.97;13.47
264450156;5228;Чернила 112 для Epson L6490, M-15140, L6490, M-15140, L6490;Цифровой квадрат;Чернила для принтера;22;0;0.00;2608.0;1072.44;34.62
1002465715;020254;Картридж для HP ENVY 5539;Цифровой квадрат;Картриджи для принтеров;22;0;0.00;4803.0;2527.7;41.68
1002527924;032830;Картридж для HP PhotoSmart Pro B8550;Цифровой квадрат;Картриджи для принтеров;22;0;0.00;899.0;318.34;35.41
181097417;0901;Картридж LC-1240BK для Brother DCP-J525W, DCP-J725DW черный;Цифровой квадрат;Картриджи для принтеров;22;0;0.00;1280.0;321.8;25.14
200166089;23153;Картридж для Brother HL-1202;Цифровой квадрат;Картриджи для принтеров;22;0;0.00;1452.0;441.8;28.36
199566490;07813;Картридж для Kyocera FS-1120MFP;Цифровой квадрат;Картриджи для принтеров;22;0;0.00;1425.0;480.85;33.73
1002452895;019244;Картридж для HP PhotoSmart C4795;Цифровой квадрат;Картриджи для принтеров;22;0;0.00;3314.0;1136.14;28.87
1003611049;53051;Тонер для Samsung SL-M2020;Цифровой квадрат;Картриджи для принтеров;21;0;0.00;1598.0;650.19;37.92
200163178;01923;Картридж для HP DeskJet D2530;Цифровой квадрат;Картриджи для принтеров;21;0;0.00;3314.0;1136.14;28.87
216458517;23933;Комплект картриджей для Canon SELPHY CP200;Цифровой квадрат;Картриджи для принтеров;21;0;0.00;7088.0;3310.5;36.99
964372950;01308;Картридж для Canon Pixma MP630;Цифровой квадрат;Картриджи для принтеров;21;0;0.00;709.0;271.24;38.26
199331102;1395;Картридж MLT-D707L для Samsung MX SL-K2200, SL-K2200 черный;Цифровой квадрат;Картриджи для принтеров;21;0;0.00;3116.0;1246.05;33.66
257945550;5377;Картридж 069H для Canon LBP673Cdw, MF752Cdw желтый;Цифровой квадрат;Картриджи для принтеров;21;0;0.00;2424.0;693.43;24.08
200166011;08512;Картридж для Brother HL-L2340DWR;Цифровой квадрат;Картриджи для принтеров;21;0;0.00;1858.0;631.13;31.66
1004593104;7009;Фотобарабан + картридж DL-5120+TL-5120H для BP5100DN черный;Цифровой квадрат;Картриджи для принтеров;21;0;0.00;3707.0;708.56;16.09
397270218;5976;Лента C53S655014 для Epson LW 1000P, LW 600P, LW 700;Цифровой квадрат;Картриджи для принтеров;21;0;0.00;2052.0;;
209665540;1724;Картридж 12S0300 для Lexmark E220, E321, E323 черный;Цифровой квадрат;Картриджи для принтеров;21;0;0.00;3913.0;944.59;20.33
1003697544;63832;Картридж для BP2300;Цифровой квадрат;Картриджи для принтеров;21;0;0.00;5278.0;2133.04;32.01
964375439;15257;Тонер-картридж для Canon iR-C3080;Цифровой квадрат;Картриджи для принтеров;21;0;0.00;5580.0;1735.93;24.64
215239432;0961;Картридж 711Y для HP DJ T520 ePrinter, DJ T520 желтый;Цифровой квадрат;Картриджи для принтеров;21;0;0.00;1187.0;428.64;36.1
1002468188;02833;Картридж для Canon MP450;Цифровой квадрат;Картриджи для принтеров;21;0;0.00;4006.0;1718.28;36.11
192228533;0597;Картридж LC-1100M для Brother DCP-377CW, DCP-385C пурпурный;Цифровой квадрат;Картриджи для принтеров;21;0;0.00;779.0;306.54;39.35
200167103;5359;Картридж CB435X для HP LJ P1005, LJ P1006, LJ P1007 черный;Цифровой квадрат;Картриджи для принтеров;21;0;0.00;2061.0;823.93;33.66
432503653;39582;Картридж для HP LaserJet Pro M430f;Цифровой квадрат;Картриджи для принтеров;21;0;0.00;2850.0;969.08;28.63
964483199;01044;Картридж для HP Color LaserJet CM2320nf;Цифровой квадрат;Картриджи для принтеров;21;0;0.00;2479.0;846.53;28.75
967359650;25871;Картридж для Epson Stylus C68;Цифровой квадрат;Картриджи для принтеров;21;0;0.00;450.0;140.73;31.28
964920213;4377;Картриджи №651 для HP DJ 5575, DJ 5645, OfficeJet 202;Цифровой квадрат;Картриджи для принтеров;21;0;0.00;8466.0;2995.94;28.38
964474072;12441;Картридж для Epson Stylus Photo 2100;Цифровой квадрат;Картриджи для принтеров;21;0;0.00;450.0;140.73;31.28
199331791;0238;Картридж TK-1100 для Kyocera FS-1024MFP, FS-1110 черный;Цифровой квадрат;Картриджи для принтеров;21;0;0.00;1238.0;341.62;27.59
850432352;6814;Картридж W1500A для HP LJ M111, LJ M141 черный;Цифровой квадрат;Картриджи для принтеров;21;0;0.00;1850.0;347.01;17.48
996788703;6984;Картридж 067C для Canon LBP631CW, LBP633Cdw голубой;Цифровой квадрат;Картриджи для принтеров;21;0;0.00;4172.0;1884.15;38.03
216401191;13253;Картридж для Ricoh Aficio SP150W;Цифровой квадрат;Картриджи для принтеров;21;0;0.00;3453.0;1368.41;33.37
285168186;5742;Картридж THM247 для Катюша M247, Р247 черный;Цифровой квадрат;Картриджи для принтеров;21;0;0.00;6049.0;2677.24;35.05
199574590;53402;Картридж для Xerox Phaser 3122;Цифровой квадрат;Картриджи для принтеров;21;0;0.00;1847.0;454.35;20.71
1002465651;020252;Картридж для HP ENVY 5534;Цифровой квадрат;Картриджи для принтеров;21;0;0.00;4803.0;2527.7;41.68
200166330;02742;Картридж для Samsung ML-2165;Цифровой квадрат;Картриджи для принтеров;21;0;0.00;2222.0;899.01;34.06
327898981;05011;Картридж для Lexmark E120;Цифровой квадрат;Картриджи для принтеров;20;1;12.93;2722.0;789.07;24.41
967472477;46113;Лента для принтера для Dymo Label Manager 150;Цифровой квадрат;Картриджи для принтеров;20;0;0.00;1398.0;603.6;40.22
236322693;5341;Картридж MLT-D119S для Samsung ML-1610, ML-1615 черный;Цифровой квадрат;Картриджи для принтеров;20;0;0.00;1710.0;284.08;13.98
215243523;239510;Картридж для Canon Pixma MG2240;Цифровой квадрат;Картриджи для принтеров;20;0;0.00;3006.0;853.1;23.9
964520188;01922;Картридж для HP DeskJet D2500;Цифровой квадрат;Картриджи для принтеров;20;0;0.00;3314.0;1136.14;28.87
1002466014;020259;Картридж для HP OfficeJet 4635;Цифровой квадрат;Картриджи для принтеров;20;0;0.00;4803.0;2527.7;41.68
199572465;11684;Картридж для Canon i-SENSYS MF217w;Цифровой квадрат;Картриджи для принтеров;20;0;0.00;1470.0;155.69;10.59
216360999;4821;Картридж TL-420Е для M6700D, M6700DW, M6800FDW черный;Цифровой квадрат;Картриджи для принтеров;20;0;0.00;2358.0;1080.83;38.58
216422450;02483;Картридж для Brother DCP-7057WR;Цифровой квадрат;Картриджи для принтеров;20;0;0.00;1824.0;730.87;33.73
199565856;02453;Картридж для Brother DCP-7055WR;Цифровой квадрат;Картриджи для принтеров;20;0;0.00;1720.0;449.92;24.37
1001420974;01048;Картридж для HP Color LaserJet CM2320fx;Цифровой квадрат;Картриджи для принтеров;20;0;0.00;2479.0;846.53;28.75
209734024;4837;Картридж 3ED71A для HP DJ T630, DJ T650 черный;Цифровой квадрат;Картриджи для принтеров;20;0;0.00;4204.0;1126.53;22.56
216448724;239326;Комплект картриджей для Canon SELPHY CP910;Цифровой квадрат;Картриджи для принтеров;20;0;0.00;7088.0;3310.5;36.99
216356781;45995;Лента для принтера для Epson LQ-630;Цифровой квадрат;Картриджи для принтеров;20;0;0.00;1400.0;501.08;35.79
1002452797;019242;Картридж для HP DeskJet F4488;Цифровой квадрат;Картриджи для принтеров;20;0;0.00;3314.0;1136.14;28.87
200165843;32014;Картридж для HP Neverstop Laser 1200w;Цифровой квадрат;Картриджи для принтеров;20;0;0.00;1219.0;236.65;19.4
1002464339;020216;Картридж для HP DeskJet 1011;Цифровой квадрат;Картриджи для принтеров;20;0;0.00;4803.0;2527.7;41.68
