nm_id;артикул;название;ключей;макс_частота;топ-3 запроса;шт_3мес;выручка_3мес
192567282;4296;Картриджи W2030X-W2033X для HP M454dn, LJ Pro M454dw;1;6;2033;6.0;62212
192228430;0171;Картриджи CLP-300 для Samsung CLP-300N, CLX-2160, CLX-3160N;2;2;катридж samsung clx-2160 | clp-300 картридж;8.0;21134
964953034;45426;Картридж для HP Laser 135R MFP;3;4;hp laser mfp 135r | картридж hp laser mfp 135r | hp laser 135w катридж;7.0;20589
257352462;3826;Картриджи SJIC22P для Epson Works C3500, TM-C3500;1;1;epson sjic22p;3.0;18576
192567564;0369;Картриджи CE270A-CE273A для HP LJ CP5520;1;1;картридж gd th 270;1.0;18180
215239840;4893;Картридж W1500A для HP LJ M111, LJ M141 черный;1;1;1500a для hp laserjet m109;6.0;12201
262192027;5398;Картридж ML-2010 для Samsung ML-1610, ML-1615 черный;2;7;картридж samsung 1610 | катридж 1610/pe220/119s uni;7.0;12070
256206881;55972;Картридж для HP LJ Pro MFP 4103dw;2;1;картриджы для hp 4103 | эконом лазер;4.0;11992
216422212;00026;Картридж для HP LaserJet 1022;1;1;картоидж принтер hp laser jet 1022;9.0;11595
216354472;3024;Фотобарабан C-EXV49 DU для Canon iR C3325, iR C3330;1;1;c-exv 49;2.0;11360
200164943;02025;Картридж для HP DeskJet 2050A;1;2;картридж на hp deskjet 2050 мфу;4.0;10851
467725369;6058;Картридж C-EXV65 C для Canon iR C3326, iR C3326i голубой;1;12;3326;3.0;10723
192227968;0310;Картридж 134 для HP PhotoSmart D5155 цветной;2;1;c9363h | картриджи hp photosmart d5063;5.0;10409
209665330;3770;Картриджи W2070X-W2073X для HP Laser 150a, Laser 150a;1;7;картриджи для лазерного принтера;2.0;9708
888371013;6880;Картридж 006R04388 для Xerox C230, C235 голубой;1;1;xerox 006r0388 картридж;1.0;9274
199572251;10711;Картридж для Sharp AR-5625;1;93;sharp;2.0;8640
200166032;08518;Картридж для Brother DCP-L2540DNR;1;3;картридж для принтера brother dcp-l2540dnr;10.0;8596
964915510;53691;Картридж для Kyocera EcoSys M2040dn;1;7;картридж для kyocera ecosys m2040dn;4.0;8242
416660077;6120;Фотобарабан DR-2405 для Brother DCP-L2535DW черный;1;1;dr 2405;3.0;7760
199574658;53517;Картридж для Canon i-SENSYS MF3010;1;3;картридж на принтер canon i-sensys mf3010;4.0;7705
439974378;3083;Картридж 903XL для HP OfficeJet 6950, OfficeJet 6950 черный;1;1;hp 6950 картридж;5.0;7627
262192073;4830;Фотобарабан W1104A для HP 1200 a, 1000a черный;2;1;w1178704 | картридж neverstop laser 104a;1.0;7325
199572984;21091;Картридж для Sharp AR-5420;1;1;. sharp ar - 5420;2.0;7301
200166118;23151;Картридж для Brother DCP-1602;1;1;картридж brother 1602r;9.0;7062
745493984;239328;Комплект картриджей для Canon SELPHY CP1200;2;5;картридж для фотопринтера canon selphy cp1500 | canon selphy cp1200;1.0;6678
437224954;42643;Картридж для Xerox AltaLink C8035;1;1;картридж altalink c8055;2.0;6324
216429076;03066;Картридж для HP DeskJet 1280;1;1;картридж для принтера hp deskjet 1280;1.0;5804
964672390;43695;Картридж для HP DeskJet 2630;1;1;картридж hp deskjet 2630 на принтер;1.0;5724
209713600;2860;Картридж №727 для HP DJ T1500, DJ T1500 фото-черный;1;1;чип картриджа hp 727;1.0;5595
216459979;239324;Комплект картриджей для Canon SELPHY CP820;1;1;canon selphy cp1200;1.0;5454
472911780;5589;Картридж TN-2480 для Brother DCP-L2550DW, HL-L2370DN черный;1;1;dr 2405;4.0;5358
199574754;53481;Картридж для Xerox Phaser 3116;1;2;картридж на принтер xerox phaser 3116;3.0;5104
200166009;08511;Картридж для Brother HL-L2300DR;1;3;картридж для принтера brother hl-l2300dr;5.0;5073
1003224475;30544;Картридж для HP LaserJet M15 M28w Pro MFP;1;1;картридж go laser jet pro mfp m28w;2.0;5024
180939063;0195;Картридж 57 для HP DeskJet 9680gp цветной;1;2;картридж для принтера hp 57;2.0;4948
199569936;00182;Картридж для Canon FC-128;1;1;картридж для ксерокса canon fc 128;1.0;4913
199334609;2987;Картридж MLT-D203U для Samsung SL-M4020, SL-M4070 черный;1;1;colortek картридж hq-mlt d203u;2.0;4767
192626856;3087;Картриджи 903XL для HP OfficeJet Pro 6960;2;1;hp 6950 картридж | набор картриджей 903 xl;1.0;4763
676785479;4145;Картридж №963XL для HP OfficeJet Pro 9019 желтый;1;1;картридж для принтера hp 963;3.0;4746
886747618;6923;Картридж TK240A для Катюша M140, M240, P140 черный;1;5;картридж для принтера катюша;1.0;4705
199570101;006013;Картридж для Canon i-SENSYS LBP-251dw;1;1;картридж для принтера canon 253;3.0;4702
200166330;02742;Картридж для Samsung ML-2165;2;2;ml2165 | принтер самсунг ml 2165;3.0;4606
199331789;0269;Картридж CLT-K407S для Samsung CLP-320, CLP-320 черный;2;1;картриджи для clp-325 | самсунг сlp 320 картридж цветной;2.0;4423
199569941;00183;Картридж для Canon FC-108;1;1;картридж canon fc 108;1.0;4200
209664310;2395;Картридж PG-440XL для Canon Pixma GM4040 черный;3;8;картридж 440 canon | картридж canon pg-440xl черный | картридж цветной canon 3640;1.0;4152
192568115;2245;Картриджи CF350A-CF353A для HP LJ Pro M176n, LJ Pro M177fw;1;1;картриджи в принтер hp 176;1.0;4114
199569532;07105;Картридж для Sharp MB OfficeCenter 316;1;1;. sharp ar - 5420;1.0;4098
262192152;4658;Картридж M21-500595WT для Brady BMP 21-LAB, BMP 21-PLUS;2;4;brady | картридж brady bmp21;3.0;3903
209663681;11451;Картридж для Xerox Phaser 3610;1;1;картридж 106r02723 для xerox phaser 3610;2.0;3766
199569491;326411;Картридж для P3010D;1;1;картридж 3010d;2.0;3483
1001406882;001914;Картридж для Canon i-SENSYS MF3200;1;2;картридж для принтера canon mf3200;1.0;3404
199565916;08262;Картридж для Samsung SCX-4650N;1;0;skx 4650n картиридж;1.0;3282
199570713;06121;Картридж для Xerox Phaser 3635;1;1;xerox phaser факс,сканер, ксерокс .3100;1.0;3278
181081321;0812;Картридж CE320A для HP LJ Pro Color CM1415fn черный;1;2;ce320a;2.0;3249
327898894;38981;Картридж для HP OfficeJet 8013;1;1;картриж для принтера hp 8013;2.0;3228
199565338;07292;Картридж для Canon iR-1133A;1;1;картридж санон 1133if;2.0;3182
199565878;12857;Картридж для Brother MFC-L5700dn;1;1;картридж mfc l5700dn;2.0;3179
967514301;55192;Картридж для HP LaserJet M110we;1;1;картридж hp laserjet m110;1.0;2965
199335605;5336;Картридж 703 для Canon LBP2900, LBP-3000 черный;1;2;canon lbp2900;3.0;2922
681357800;0271;Картридж CLT-M407S для Samsung CLX-3180, CLX-3180 пурпурный;2;1;картриджи для clp-325 | самсунг сlp 320 картридж цветной;1.0;2834
967519003;326213;Картридж для M6506NW;1;2;картридж ев 211;1.0;2817
200166368;02804;Картридж для Samsung SCX-3205;1;4;картридж для принтера samsung scx 3205;1.0;2542
209712718;018214;Картридж для Canon Pixma MP150;1;1;картриджи на принтер canon pixma 150;1.0;2509
257945575;5381;Картридж 055 для Canon MF-741, MF-742, MF-741 пурпурный;1;3;картридж 055;1.0;2494
964955028;326210;Картридж для P2516;1;4;картридж для принтера p2516;1.0;2436
199334856;3526;Картридж 53601 для Primera Bravo 4100 голубой;1;1;картридж для принтера primera;1.0;2403
199330539;0239;Картридж TK-160 для Kyocera FS-1120, FS-1120D черный;2;1;картридж для куосера fs-1120d | краска для принтера куосера 1120 тк -160;2.0;2352
199331153;0265;Картридж CLT-K409S для Samsung CLP-310, CLP-310 черный;1;1;samsung clp-315 картридж;1.0;2300
200165827;32323;Картридж для HP LaserJet Pro M428;1;1;картридж hp laserjet 428;1.0;2249
209664086;042411;Картридж для HP DeskJet 840c;1;2;hp #15 чёрный картридж c6615da;1.0;2207
199572585;13761;Картридж для HP LaserJet Pro M102w;1;1;катоидж на принтер hp m102a;2.0;2110
181082745;0208;Картридж CE310A для HP LJ Pro 100 M175a черный;2;4;картридж для принтера hp 1025 | се310а;2.0;2082
261176599;5582;Картридж W1350X для HP LJ M209, LJ M209dw черный;1;1;w1350x;1.0;2021
236322621;5335;Картридж FX-10 для Canon FAX-L100, FAX-L120, FAX-L75 черный;2;13;картридж fx10 | картридж cenen fx-10;2.0;2019
199572465;11684;Картридж для Canon i-SENSYS MF217w;1;1;canon i-senss mf 217 w;1.0;2005
964263356;02494;Картридж для Brother DCP-7060DR;1;1;картридж для принтера brother dcp 7060dr;1.0;2000
192567449;0340;Картриджи 82 для HP DJ 510ps, DJ 800 series, DJ 510ps;1;1;катридж на sony dpp-fp67;1.0;1943
216341342;00022;Картридж для HP LaserJet 1012;1;1;картридж на принтер lazerjet 1012;2.0;1932
216360694;1620;Картридж 715 для Canon LBP-3310, LBP-3370 черный;1;1;715762www;1.0;1821
216422370;00028;Картридж для HP LaserJet 3015;1;1;картридж laserjet1020;1.0;1790
208143050;5224;Картридж 057 для Canon LBP 223 dw, LBP-225, MF 443dw черный;1;4;картридж canon 057;1.0;1756
200166011;08512;Картридж для Brother HL-L2340DWR;2;1;картридж hl-l2340dwr | картридж для принтера brother l2340;2.0;1736
181105237;0962;Картриджи 711 для HP DJ T525, DJ T525, DJ T525;1;3;hp 711 картридж;1.0;1726
327898202;30832;Картридж для HP OfficeJet Pro 6960;1;1;картридж на hp officejet pro 6960;1.0;1657
263819892;0759;Картридж CLI-521GY для Canon Pixma MX860, Pixma MX870 серый;1;1;катридж для принтера санон мр610;2.0;1588
199335387;4203;Картридж TL-5120 для BM5100ADW, BP5100DW черный;2;2;colortek tl-5120x | pl-c5120xp;1.0;1566
199570118;006019;Картридж для Canon i-SENSYS MF419x;1;2;картридж mf 419x;1.0;1504
216429750;01175;Картридж для Kyocera FS-1116MFP;1;3;картридж к fs. -1020 mfp;1.0;1390
181115878;2315;Картридж TN-1095 для Brother DCP-1602, DCP-1602R черный;1;7;картридж brother tn-1095;1.0;1308
199566531;02373;Картридж для Kyocera EcoSys M2035DN;3;6;картридж куосера | ecosys m2035dn | картридж для куосера 2035dn;1.0;1196
181123565;0852;Фотобарабан DR-2335 DU для Brother DCP-L2500 черный;1;1;картридж на бротхер dr2335;1.0;1122
199565810;007412;Картридж для Brother FAX-2920;1;50;факс;1.0;1120
199572275;10832;Картридж для Xerox WorkCentre 5021;1;1;xerox workcentre 5021;1.0;1105
326846207;1484;Картридж PGI-1400XLC для Canon MB2050, MB2050 голубой;1;2;картридж для принтера canon 2040;2.0;1046
192228130;1230;Картридж LC565XLY для Brother MFC-J2310, MFC-J2510 желтый;1;1;катридж для принтера бразерс mfc j3520;2.0;1020
200166349;079220;Картридж для Samsung CLX-3305FW;1;1;картридж samsung clx-3305;1.0;1002
292510233;5761;Чернила 108/008 Y для Epson EcoTank L18050, L6490 желтый;1;20;чернила epson l8050;2.0;938
216356781;45995;Лента для принтера для Epson LQ-630;1;1;лента экондера эпсон;1.0;932
199566659;02307;Картридж для Panasonic KX-FLC413;1;2;катридж для факса панасоник  kx-fl 423;1.0;766
199330792;1380;Картридж CF233A для HP LJ Ultra M106w черный;1;1;картридж для принтера hp cf233a;1.0;765
181115845;1486;Картридж PGI-1400XLY для Canon MB2340, MB2340 желтый;1;2;картридж для принтера canon 2040;1.0;763
181115839;1485;Картридж PGI-1400XLM для Canon MB2140, MB2140 пурпурный;1;2;картридж для принтера canon 2040;1.0;763
192228121;0598;Картридж LC-1100Y для Brother MFC-290C, MFC-295CN желтый;1;1;катридж для принтера бразерс mfc j3520;1.0;739
263820179;0184;Картридж CLI-426BK для Canon Pixma iP4840 черный;1;2;картридж для принтера 426 cannon;2.0;734
263819889;0133;Картридж CLI-521M для Canon Pixma MP610 пурпурный;2;3;катридж для принтера санон мр 610 | катридж для принтера санон мр610;2.0;717
209753786;03183;Картридж для HP DesignJet 500 Plus;1;2;катретж hp 500plus;1.0;645
200167553;35541;Картридж для Canon Pixma TS704;1;1;картриджи для canon pixma ts704 serios;1.0;633
199565754;08388;Картридж для Epson Expression Home XP-323;1;1;катридж для epson xp323;1.0;505
209712616;15324;Картридж для Epson Stylus Office TX510fn;1;0;катриджи для принтера epson tx 510fn;1.0;344
964500112;232110;Картридж для HP LJ M632h;1;500;картридж для принтера hp;0;0
1003733012;69472;Картридж для HP MFP E52545;1;500;картридж для принтера hp;0;0
199570711;06081;Картридж для Xerox Phaser 3450;1;291;ксерокс;0;0
209756984;17652;Картридж для OKI Data B720;1;119;даты;0;0
216429495;2219;Картридж PR2 для Olivetti PR2 черный;1;57;olivetti;0;0
546990263;6623;Фотобарабан + картридж 101R00664 DU+106R04348 для Xerox;1;10;106r04348;0;0
1003254683;32572;Заправочный комплект для M6552NW;1;8;заправочный комплект для картриджа;0;0
257941150;2372;Картридж MPC5502EK для Ricoh MP C4502, MP C4502 черный;1;8;картридж для принтера ricoh;0;0
850502834;5690;Заправочный комплект HP 920 CMY для HP OfficeJet 6000;1;8;заправочный комплект для картриджа;0;0
199331195;2412;Картридж TK-8115C для Kyocera M8124cidn, M8130cidn голубой;1;6;tk-8115c;0;0
1002608618;10535;Комплект картриджей для Samsung Xpress C1860FW;1;6;картридж лазерный для принтера samsung;0;0
914561915;6756;Картридж MLT-D101S XL для Samsung ML-2160, ML-2161 черный;2;6;картридж лазерный для принтера samsung | картридж samsung mlt-d101s оригинальный;0;0
1003717030;67551;Картридж для Canon PIXMA MG2450;1;5;canon pg-545;0;0
900427593;6843;Картридж SCX-D4720A для Samsung SCX-4520, SCX-4720 черный;1;5;samsung 4520;0;0
264242198;;;1;5;264242198;0;0
1003716438;65931;Фотобарабан для Lexmark MB2770;1;5;lexmark;0;0
1003295047;35852;Картридж для Canon LBP-712;1;5;картридж 712;0;0
967450156;273040;Лента для принтера для Brother PT-1100;1;5;pt1100;0;0
964465156;153015;Картридж для Epson Stylus Color Photo EX2;1;5;ex 2;0;0
199334905;3646;Картридж C-EXV51M для Canon iR Advance C5550 пурпурный;1;4;картридж для принтера canon mgs140;0;0
181052387;0211;Картридж CE313A для HP LJ Pro Color CP1025 пурпурный;1;4;картридж для принтера hp 1025;0;0
181082742;0209;Картридж CE311A для HP LJ Pro Color CP1020 голубой;2;4;картридж для принтера hp 1025 | картридж для принтера hp m175a;0;0
476427247;5708;Картридж F-1500X для Huawei PixLab X1 черный;2;4;картридж лазерный huawei f-1500 черный | барабан для принтера huawei share;0;0
199331757;0264;Картридж 106R01413 для Xerox WC 5222 черный;1;4;106r01413;0;0
199565909;12853;Картридж для Brother HL-L5100dnt;1;4;картридж для принтера brother hl-l5100dn;0.0;0
199574159;34486;Картридж для Canon i-SENSYS MF446x;1;4;картридж canon 057;0;0
850428032;6866;Картридж 057 для Canon LBP 223 dw, LBP-225, MF 443dw черный;1;4;картридж canon 057;0;0
199565753;01885;Картридж для Epson Stylus SX425W;1;3;картридж для принтера epson sx 425w;0;0
209663704;3486;Картридж PG-445XL для Canon Pixma TR4540 черный;1;3;cl 446 xl картридж;0;0
1002562375;082510;Картридж для HP LaserJet Pro M128;1;3;картридж лазер джет м1132 mfp;0;0
859072573;53356;Картридж для Canon i-SENSYS MF4330;1;3;картридж для принтера i-sensys mf4018;0;0
199574616;53348;Картридж для Canon i-SENSYS MF4270;1;3;картридж для принтера i-sensys mf4018;0;0
200163069;14836;Картридж для Canon MAXIFY MB2740;1;3;canon mb2740;0;0
847847973;01987;Картридж для HP PhotoSmart C4283;3;3;hp photosmart c4283 | картриджи для принтера hp c 4283 черный | картриджи на hp photosmart c4283;0;0
200165127;03077;Картридж для HP PhotoSmart D6153C;1;3;картридж 129 hp;0;0
209664294;14561;Картридж для Canon Pixma MP210;2;3;картридж для принтера canon pixma mp210 | катридж мр210 в 38;0;0
209729251;3940;Картридж 055BK для Canon LBP-662, LBP-663, LBP-662 черный;1;3;картридж 055;0;0
209758427;21884;Картридж для HP PageWide P57750;1;3;картридж для hp page;0;0
1283560463;7093;Тонер 106R02773 для Xerox Phaser 3020, Phaser 3020BI черный;1;3;тонер для принтера xerox 3020;0;0
964372387;013015;Картридж для Canon Pixma MP610;1;3;катридж для принтера санон мр 610;0.0;0
209729262;3943;Картридж 055Y для Canon MF 743, i-SENSYS MF744 желтый;1;3;картридж 055;0;0
964372843;01306;Картридж для Canon Pixma MP560;1;3;canon 560;0;0
209732142;4539;Картридж 123 для HP DeskJet 1110, DeskJet 2130 цветной;1;3;картридж на hp deskjet 2130;0;0
209755135;11722;Картридж для Kyocera FS-1325MFP;1;3;картридж к fs. -1020 mfp;0;0
967331154;34866;Картридж для Canon Pixma MG2540;1;3;картриджи на canon mg2500;0;0
261996780;3031;Фотобарабан DK-1105 DU для Kyocera FS-1024, FS-1110 черный;1;3;dk-1110;0;0
261154358;5402;Картридж 056 для Canon MF542x, MF543x, LBP325 черный;1;2;картридж canon 056;0;0
257945607;5403;Картридж 056H для Canon MF542x, MF543x, LBP-325 черный;1;2;картридж canon 056;0.0;0
216422208;000214;Картридж для HP LaserJet M1005;1;2;картридж для laser m1005;0.0;0
200165997;02481;Картридж для Brother HL-2132R;1;2;картридж для принтера brother hl 2132r;0.0;0
209734050;4840;Картридж T46S2 для Epson SureColor P700 голубой;1;2;epson p700;0;0
264243254;3138;Картридж T1704 для Epson XP-323, XP-33, XP-323 желтый;1;2;картриджи для epson xp-103;0;0
199570389;04072;Картридж для HP Color LaserJet CP4525;1;2;hp color laserjet cp4525 картриджи;0;0
199335590;5337;Картридж Q2624A для HP LJ 1150, LJ 1150N черный;1;2;картридж q2624a;0;0
1003091244;29783;Картридж для Ricoh Aficio SP203;1;2;картридж для принтера ricon sp 212;0;0
199570545;04971;Картридж для Epson Stylus Photo R240;1;2;картриджи для epson r240;0;0
270394789;5368;Картридж TL-5120X для BP5100DN, BP5100DW черный;1;2;colortek tl-5120x;0;0
964849573;14343;Картридж для Toshiba e-Studio 211;1;2;рс-211е картридж;0;0
181104963;0079;Картриджи T0801-T0806 для Epson набор cmyk lclm;2;2;катридж на принтер epson | картридж 804;0;0
199565268;001833;Картридж для Canon PC-325;1;2;canon 325 картридж;0;0
964245639;11915;Картридж для HP LaserJet Pro M426fdn;1;2;картридж для laserjetм 426 fdn;0;0
209713719;3424;Картридж MLT-D203S для Samsung SL-M3320, SL-M3370 черный;1;2;картридж mlt-d203;0;0
263820329;0299;Картридж T0803 для Epson Stylus Photo PX700W пурпурный;1;2;катридж на принтер epson;0;0
209753864;04343;Картридж для HP Officejet 4550;1;2;картриджи для принтера hp 901;0;0
199331738;5362;Картридж 729 для Canon LBP7010C, LBP7018C пурпурный;1;2;картриджи на принтер canon lbp7010c;0;0
1003683015;58931;Картридж для Canon imagePROGRAF TM-240;2;2;canon tm240 картридж | картридж для canon tm240;0;0
199334159;2356;Картридж CF231A для HP LJ M206dn Ultra черный;1;2;cf231a;0;0
200164615;020031;Картридж для HP DeskJet F2187;1;2;hp deskjet f2187;0;0
199574411;43333;Картридж для P2502;1;2;картридж p2502;0;0
850428263;6861;Картридж 056H для Canon MF542x, MF543x, LBP-325 черный;1;2;картридж canon 056;0;0
386325236;5918;Печатающая головка C4812A для HP InkJet 1100 пурпурный;1;2;печатающая головка hp 11 c4812a;0;0
964779154;02308;Картридж для Panasonic KX-FLC423;1;2;катридж для факса панасоник  kx-fl 423;0;0
964549292;39461;Картридж для HP PageWide-Pro 577;1;2;катридж hp 57750;0;0
209779465;44337;Чернила для Epson EcoTank M2140;1;2;чернила для epson tank;0;0
211435877;4843;Картридж T46S5 для Epson SureColor P700 светло-голубой;1;2;epson p700;0;0
199572277;10831;Картридж для Xerox WorkCentre 5019;1;2;xerox workcentre 5019;0;0
964540283;019856;Картридж для HP PhotoSmart C5275;1;2;картридж hp-140;0;0
200165789;08941;Картридж для HP DJ Ink Advantage 3525;1;2;картриджи hp deskjet 3525;0;0
200165317;03073;Картридж для HP PhotoSmart 8053;1;2;катридж для принтера 129;0;0
860417199;00603;Картридж для Canon i-SENSYS MF5880s;1;2;картридж canon 719;0;0
209664365;14562;Картридж для Canon Pixma MP220;1;2;canon mp220;0;0
964828304;13314;Картридж для Samsung Xpress SL-M2826;1;2;sumsung printer xpress картридж;0;0
546852116;6620;Фотобарабан + картридж 56F0Z00/56F0Z0E+56F5U0E для Lexmark;1;2;картридж для принтера лексмарк;0;0
215239977;015122;Картридж для Epson Stylus TX200;1;2;epson stylus tx200.;0;0
216425080;01822;Картридж для Canon Pixma iP1300;1;2;pg-40 картридж;0;0
1251130726;7078;Фотобарабан C-EXV62 для Canon iR ADVANCE DX 4825 черный;1;2;canon ir 4845;0;0
209748444;4847;Картридж T46SD для Epson SureColor P700 фиолетовый;1;2;epson p700;0;0
209665041;03039;Картридж для HP DeskJet 3520;1;2;deskjet 3520 ,принтер;0;0
1002558478;03411;Комплект картриджей для HP Officejet Pro 8000 Wireless;1;1;hp officejet 8000 pro;0;0
209664839;3519;Картридж T9442 для Epson WF Pro C5215, WF Pro C5215 голубой;1;1;картридж для принтера epson c-5290;0;0
200165849;32322;Картридж для HP LaserJet Pro M404;1;1;картридж hp 404;0;0
199565524;03251;Картридж для HP OfficeJet 6000;1;1;принтер hp 7500a;0;0
199333027;1043;Картридж MLT-D203L для Samsung SL-M3320, SL-M3370 черный;1;1;картридж для принтера rtc mlt-d203l;0;0
209760940;30741;Картридж для HP DesignJet T730;1;1;hp 730;0;0
199574427;44811;Картридж для CP1100;1;1;катридж для принтера панту cp1100dw;0;0
478553860;5397;Фотобарабаны 108R00971 - 108R00974 для Xerox Phaser 6700;1;1;108r00972;0;0
964393998;12384;Картридж для Canon iPF-605;1;1;картридж canon pfi-102вк черный 130мл;0;0
199333271;1157;Картридж CE278X для HP LJ M1536dnf MFP, LJ P1566 черный;1;1;лазерный катридж ce278a;0;0
1003697277;62622;Картридж для Lexmark MX331adn;1;1;картридж для принтера лексмарк 331;0;0
215236256;1876;Картридж PFI-107MBK для Canon iPF770, iPF770 черный матовый;1;1;aquamarine картридж pfi-107mbk;0.0;0
964915587;53692;Картридж для Kyocera EcoSys M2540dn;1;1;картридж ecosys m 2540dn;0;0
199332417;0760;Картридж CE270A для HP LJ CP5520, LJ CP5525 черный;1;1;картридж gd th 270;0;0
199572244;;;1;1;199572244;0;0
199332429;0716;Картридж 718M для Canon MF729Cx, MF8330 пурпурный;1;1;картридж canon 729;0;0
199574438;44815;Картридж для CM1100ADN;1;1;катридж для принтера  cm1100adn;0;0
199565741;08381;Картридж для Epson Expression Home XP-33;1;1;epson принтер xp 33 картриджи;0;0
1402120802;7183;Тонер TK-1140 для Kyocera M2035, M2035DN, M2535 черный;1;1;узел проявки принтера kyocera 2030dn в сборе;0;0
199332171;0652;Картридж 106R01163 для Xerox 935, Phaser 7760, 935 черный;1;1;катридж xerox phaser 7760;0;0
860493520;02372;Картридж для Kyocera FS-1135MFP;1;1;картридж куосера 1035;0;0
192567656;0756;Картриджи CE410A-CE413A для HP HP M451nw, HP M451nw;1;1;ce410x-ce413a для hp;0;0
200166698;11441;Картридж для Xerox Phaser 3052;1;1;купить картридж phaser 3052;0;0
209713624;3076;Картридж №727 для HP DJ T920, DJ T1500 черный матовый;2;1;hp t1500 картридж чип | чип картриджа hp 727;0;0
439265580;6253;Картридж W2223A для HP LJ Pro 3203, LJ Pro 3288 пурпурный;1;1;hp 222a;0;0
199331763;0268;Картридж CLT-Y409S для Samsung CLX-3175, CLX-3175 желтый;1;1;samsung clp-315 картридж;0;0
216432066;2864;Картридж №727 для HP DJ T920, DJ T920, DJ T920 серый;2;1;hp t1500 картридж чип | чип картриджа hp 727;0;0
505027867;6329;Картридж TK-1140XL для Kyocera M2035, M2535, FS-1300 черный;1;1;узел проявки принтера kyocera 2030dn в сборе;0;0
261176934;5583;Картридж W1350X для HP LJ M209, LJ M209dw черный;1;1;w1350x;0;0
1002686387;16161;Картридж для Brother MFC-8520;1;1;картридж для brother 8950;0;0
964356265;02121;Картридж для Canon i-SENSYS LBP-5000;1;1;canon i-sensys lbp5000;0;0
272510376;0134;Картридж CLI-521Y для Canon Pixma iP3600, Pixma MP620 желтый;2;1;картридж для canon 3600 | катридж для принтера санон мр610;0;0
216432038;2861;Картридж №727 для HP DJ T1530, DJ T1530, DJ T1530 голубой;1;1;чип картриджа hp 727;0;0
1002569479;08545;Картридж для Brother MFC-8950DTW;1;1;картридж для brother 8950;0;0
964491339;43131;Картридж для HP LaserJet Pro M203d;1;1;картридж для hp lj pro mfp m227fdn 6000 страниц;0;0
967297132;08532;Картридж для Brother HL-5450DN;1;1;картридж на принтер brother hl- 5450;0;0
216424887;01033;Картридж для HP LaserJet P 4515;1;1;hp laserjet 4515;0;0
199333776;1968;Картридж C-EXV34M для Canon iR Advance C2220i пурпурный;1;1;199333776;0;0
199571874;07458;Картридж для HP LaserJet P3010;1;1;картридж hp laserjet 3010;0;0
209715164;1338;Картридж 006R01177 для Xerox WC 7345, WC 7345 пурпурный;1;1;006r01177;0;0
1004593104;7009;Фотобарабан + картридж DL-5120+TL-5120H для BP5100DN черный;1;1;барабан для dl5120;0;0
1002906570;21932;Фотобарабан для HP LaserJet Pro M132;1;1;картридж на принтер laserjet m132;0;0
506175691;02497;Картридж для Brother MFC-7360NR;1;1;катридж для бразер 7360nr;0;0
262632000;5414;Чернила GI-41C для Canon Pixma G1420, Pixma G2420 голубой;1;1;canon 41s c gi-41<c> setup;0;0
862899273;0312;Картридж 138 для HP DeskJet 460, DeskJet 5443, DeskJet 5743;3;1;326847167 | картридж hp 136 | картриджи hp photosmart d5063;0;0
1001410614;00274;Картридж для HP LaserJet P2055x;1;1;картридж дляhp2055;0;0
200163297;019419;Картридж для HP PhotoSmart 7450;1;1;картриджи для принтера hp photosmart 7450;0;0
199566474;23656;Картридж для Kyocera EcoSys M2835dw;1;1;картридж kyocera ecosys m2835dw;0.0;0
216361015;5100;Фотобарабан DK-3100 для Kyocera M3040dn, M3540dn черный;1;1;фотобарабан dk3100;0;0
209755734;14601;Картридж для Epson K101;1;1;картридж snprc-1901-01;0;0
681357602;0272;Картридж CLT-Y407S для Samsung CLX-3185, CLX-3185 желтый;2;1;картриджи для clp-325 | самсунг сlp 320 картридж цветной;0;0
216405918;1610;Картридж 106R01373 для Xerox Phaser 3250 черный;1;1;xerox 3500;0;0
1283865333;7109;Тонер W1103A для HP 1000a, 1000w, 1200a, 1200w черный;1;1;тонер для 1200w;0;0
209664957;2706;Картридж 123XL CMY для HP DeskJet 2630 цветной;1;1;картридж цветной hp 123 or 123xl;0;0
209666219;1337;Картридж 006R01176 для Xerox WC 7335, WC 7335 голубой;1;1;006r01176;0;0
964709476;08632;Картридж для Kyocera FD-2100DN;1;1;картридж принтера 2100dn;0;0
1003658533;58641;Тонер-картридж для Ricoh IM C3010;1;1;тонер ricoh универсальный;0;0
1284271625;7135;Тонер W1106 для HP Laser 107A, Laser 107R черный;1;1;hp mfp 135a тонер;0;0
964257483;08531;Картридж для Brother HL-5440D;1;1;картридж на принтер brother hl- 5450;0;0
964792817;3525;Картридж 53604 для Primera Bravo 4100 черный;1;1;картридж для принтера primera;0;0
200165230;030528;Картридж для HP DeskJet 970;1;1;картридж для принтера hp deskjet 970;0;0
209664837;3521;Картридж T9444 для Epson WF Pro C5710, WF Pro C5710 желтый;1;1;картридж для принтера epson c-5290;0;0
215241732;52462;Картридж для Lexmark LaserPrinter MS421;1;1;лексмарк картридж ms421;0;0
181116726;4394;Картридж PG-440 для Canon Pixma MG2140, Pixma MG2240 черный;1;1;картридж кэнон тс3640;0;0
551991345;3217;Фотобарабаны C-EXV49 DU для Canon iR Advance C3520;1;1;c-exv 49;0;0
967496400;53413;Картридж для Samsung ML-1620;1;1;картридж для принтера самсунг1620 мл;0;0
400980112;5696;Чернила T7741 для Epson L605, L655 черный;1;1;черные чернила bk epson;0;0
264401062;0925;Картридж T1304XL для Epson Stylus SX620FW, WF-3010DW желтый;1;1;катриджи на epson 525;0;0
209779269;43665;Картридж для HP DJ Ink Advantage Ultra 4729;1;1;hp 2029 принтер катриджи;0;0
209713757;3693;Картриджи 728XXL для HP DJ T730, DJ T830;1;1;картридж design jet 730 для плотера;0;0
888371762;6881;Картридж 006R04389 для Xerox C230, C235 пурпурный;1;1;xerox 006r0388 картридж;0;0
192569253;4268;Картриджи 006R01701-006R01704 для Xerox C8070, C8070, C8070;1;1;херох картридж цветной;0;0
209732269;4694;Картридж №912C для HP OfficeJet 8013 голубой;1;1;картридж для принтера hp officejet 8013;0;0
964659373;436925;Картридж для HP ENVY 5032;1;1;hp envy 5032;0;0
964526142;437814;Картридж для HP DeskJet F4580;2;1;картриджи для принтера hp f4580 | катридж на принтер hp f4580;0;0
199334806;3199;Картридж SP-3710X для Ricoh 3710DN, 3710SF черный;1;1;sp3710x картридж;0;0
216360221;0832;Фотобарабан C-EXV14 DU для Canon iR 2318L, iR 2320 черный;1;1;canon ir 2420;0;0
548422678;6308;Картридж TN-2455 для Brother DCP-L2550DW, HL L2335D черный;1;1;dr 2405;0;0
263821105;1468;Картридж LC-1280XM для Brother MFC-J6710 пурпурный;1;1;картридж на принтер brother mfc j5910dw;0;0
964431814;016116;Картридж для Epson Stylus Photo 1410;1;1;эпсон 1410 катридж;0;0
964378826;01281;Картридж для Canon Pixma iP1500;1;1;картридж для принтера canon ip 1500;0;0
1024454333;7015;Картридж CTL-R2100HY для CP2100DN, CP2100DN желтый;1;1;cp2100dw;0;0
199332663;0755;Картридж CE273A для HP LJ CP5520, LJ CP5525 пурпурный;1;1;картридж gd th 270;0;0
261178783;5587;Картридж W1520A для HP LJ 4004, LJ 4104fdw черный;1;1;катридж на hp w1520a;0;0
199331678;0048;Картридж 106R01374 для Xerox Phaser 3250 черный;1;1;чип для принтера xerox phaser 3250;0;0
199574426;44816;Картридж для CM1100ADW;1;1;катридж для принтера панту cp1100dw;0;0
209664014;0859;Картридж TN-245Y для Brother HL-3170CDW, HL-3170CDW желтый;1;1;картридж желтый на бротхер 9020;0;0
199334794;3203;Картридж 106R03396 для Xerox VersaLink B7025 черный;1;1;картридж versaling 7035;0;0
216432053;2862;Картридж №727 для HP DJ T2500, DJ T2500, DJ T2500 пурпурный;1;1;чип картриджа hp 727;0;0
257806941;1191;Картридж CF226X для HP LJ Pro M402d, LJ Pro M402dn черный;1;1;cs-cf226x катоид;0;0
423181615;6195;Картридж W2203X для HP LJ Pro 4202, HP 4202cdn пурпурный;1;1;w2203;0;0
390789745;6077;Картридж TK-410 для Kyocera KM-1620, KM-1635, KM-2550 черный;1;1;дуплекс kyocera taskalfa180;0;0
200163118;14873;Картридж для Canon MAXIFY MB5040;1;1;pgi-2500;0;0
964371987;01301;Картридж для Canon Pixma iP3600;1;1;картиидж танчики;0;0
967381719;38082;Картридж для Lexmark CS417;1;1;lexmark z615 катридж;0;0
267892994;5548;Картридж 067M для Canon LBP631CW, LBP633Cdw пурпурный;1;1;картриджы на lbp633cdw;0;0
209663923;3074;Картридж 728XL для HP DJ T730, DJ T830 черный матовый;1;1;картридж design jet 730 для плотера;0;0
236322574;0786;Картридж CF353A для HP LJ Pro M176n пурпурный;1;1;картриджи в принтер hp 176;0;0
199330602;0106;Картридж CC532A для HP LJ CP2025n, LJ CP2025n желтый;1;1;cc532a;0;0
199565759;08385;Картридж для Epson Expression Home XP-306;1;1;картриджи для принтера epson xp 306;0;0
209664584;3520;Картридж T9443 для Epson WF Pro C5290 пурпурный;1;1;картридж для принтера epson c-5290;0;0
257945488;2866;Картриджи №727 для HP DJ T930, DJ T930, DJ T930;1;1;hp t1500 картридж чип;0;0
199332674;0761;Картридж CE271A для HP LJ CP5520, LJ CP5525 голубой;1;1;картридж gd th 270;0;0
964466744;01442;Картридж для Epson Stylus C41UX;1;1;картриджи для epson stylus c45;0;0
211441766;4767;Картриджи W2120X-W2123X для HP LJ M554, LJ M555, LJ M578;1;1;211441766;0;0
199569588;00185;Картридж для Canon FC-336;1;1;kju3536;0;0
888447946;6867;Картридж W2220X для HP LJ Pro 3203, LJ Pro 3288 черный;1;1;картридж w2220x;0;0
464458327;5029;Чернила T7741-1L для Epson ET-3600 AIO, L-1455, L605 черный;1;1;черные чернила bk epson;0;0
209663590;0055;Картридж CB543A для HP LJ CP1215, LJ CP1215 пурпурный;1;1;картридж для принтера hp cp1215;0;0
1196352325;57491;Картридж для Xerox B225;1;1;картридж на ксерокс в225;0;0
914358208;6774;Картридж TK-5370Y XL для Kyocera MA3500cifx желтый;1;1;tk-5370y;0;0
199570372;02542;Картридж для Xerox Phaser 3155;1;1;картридж для принтера phaser 3155;0;0
257945546;5376;Картридж 069H для Canon LBP673Cdw, MF752Cdw пурпурный;1;1;картриджи на кэнон mf754cdw;0;0
199565824;00748;Картридж для Brother DCP-7010;1;1;картридж brother dcp7010;0.0;0
964448310;37912;Картридж для Epson WorkForce Pro C8690;1;1;wf-c8690;0;0
209712324;3518;Картридж T9441 для Epson WF Pro C5210, WF Pro C5210 черный;1;1;картридж для принтера epson c-5290;0;0
199332658;0762;Картридж CE272A для HP LJ CP5520, LJ CP5525 желтый;1;1;картридж gd th 270;0;0
199334791;3202;Картридж 106R03395 для Xerox VersaLink B7025 черный;1;1;картридж versaling 7035;0;0
209664206;1336;Картридж 006R01175 для Xerox WC 7328, WC 7328 черный;1;1;006r01175;0;0
216401205;13254;Картридж для Ricoh Aficio SP150SUw;1;1;катридж для принтера ricoh sp 150 su;0;0
199335397;4267;Картридж 006R01704 для Xerox C8030, C8035, C8045 желтый;1;1;digital xerox ручной;0;0
964520040;01921;Картридж для HP DeskJet D1663;1;1;картриджи hp deskjet d1663;0;0
209663868;0275;Картридж MLT-D105S для Samsung ML-1910, ML-1915 черный;2;1;картридж mlt-d105s | картридж на принтер самсунг mlt -d105s;0.0;0
236322693;5341;Картридж MLT-D119S для Samsung ML-1610, ML-1615 черный;1;1;катридж 1610/pe220/119s uni;0;0
216422256;00874;Картридж для HP LaserJet Pro M1212;1;1;картридж на принтер m1212;0.0;0
216448724;239326;Комплект картриджей для Canon SELPHY CP910;2;1;canon selphy cp1200 | canon selphy cp 910;0;0
199574228;35741;Картридж для HP Laser 408 dn;1;1;hp laserp1005;0;0
216424934;02371;Картридж для Kyocera FS-1035;1;1;картридж fs1035 mfp;0.0;0
209714647;34867;Картридж для Canon Pixma MG2545;1;1;картриджи для принтера canon mb5150 pgi-2500;0;0
200164919;020042;Картридж для HP DeskJet F335;1;1;картридж нp phоtоsmаrt 335;0;0
964365242;04425;Картридж для Canon FAX-L240;1;1;картридж canon 220-240;0;0
200162877;02865;Картридж для Canon Pixma MP252;1;1;картриджи для принтера canon pixma mp252;0;0
550209275;6684;Картриджи 113R00779 DU+106R03396 для Xerox черный;1;1;картридж versaling 7035;0;0
200165169;03072;Картридж для HP PhotoSmart 2573;1;1;hp photosmart 2573;0;0
550157216;6682;Фотобарабан + картридж DR-P01 DU+TNP-24 для Konica Minolta;1;1;картридж minican 3;0;0
199332962;0992;Картридж 44469809 для OKI C310dn, c310n, c330 черный;1;1;картоидж 44469809;0.0;0
209663589;1242;Картридж PFI-102MBK для Canon iPF710, iPF720 черный матовый;1;1;картридж canon pfi-102 матовый черный 130мл;0;0
860411681;019611;Картридж для HP DeskJet 6983;1;1;картридж для принтера deskjet6983;0;0
216360315;3616;Фотобарабан 113R00779 DU для Xerox VersaLink B7025 черный;1;1;картридж versaling 7035;0;0
199565454;00282;Картридж для HP LaserJet 1320N;1;1;картридж laserjet 1320n;0;0
257945550;5377;Картридж 069H для Canon LBP673Cdw, MF752Cdw желтый;2;1;картриджи на кэнон mf754cdw | картридж на canon  нв-069н вк;0;0
1002468267;02834;Картридж для Canon MX310;1;1;картриджи для принтера canon 310;0;0
216361994;53463;Картридж для Xerox Phaser 3121;2;1;xerox 3121 | картридж для принтера xerox phaser 3130;0;0
199331682;0088;Картридж CE278A для HP LJ Pro M1536dnf, LJ Pro P1560 черный;1;1;лазерный катридж ce278a;0;0
216356378;08553;Фотобарабан для Brother MFC-8515DN;1;1;картридж для brother 8950;0.0;0
964246397;02346;Картридж для Panasonic KX-MB2061;1;1;картридж panasonic kx-mb2061;0;0
209714351;23126;Картридж для HP DJ Ink Advantage 2545 All-in-One;1;1;картридж для advantage 2545;0.0;0
216458370;23934;Комплект картриджей для Canon SELPHY CP220;1;1;катридж для canon selphy cp500;0;0
900581166;6837;Картридж 064HC для Canon LBP722Cdw, MF832Cdw голубой;1;1;картридж на lbp722cdw;0;0
216432300;3071;Картридж 728XL для HP DJ T730, DJ T830 желтый;1;1;картридж design jet 730 для плотера;0;0
967399135;02652;Картридж для Samsung CLP-315;1;1;samsung clp-315 картридж;0;0
209665689;3429;Картридж TN-213Y для Brother DCP-L3550, HL-L3230CDW желтый;1;1;катридж нт 213;0;0
209759304;23958;Картридж для Canon Pixma MX534;1;1;кртриджи для canon pixma mx534;0;0
964398118;375513;Чернила для Canon Pixma G4410;1;1;краска для принтера квадратная краска;0;0
199330533;0236;Картридж TK-1130 для Kyocera M2030DN, FS-1030DP черный;1;1;картридж kyocera tk-1130;0;0
967328868;01354;Картридж для Canon Pixma iP4300;1;1;картриджи для струйного принтера canon pixma ip4300;0;0
192568848;2430;Картриджи MPC2503 для Ricoh MPC2003, MPC2004, MPC2011;1;1;ricoh mpc2503;0;0
267857354;5704;Картридж TN-1070 для Avision AM30A MFP, AP30A черный;1;1;картиридж avision;0;0
964373051;01309;Картридж для Canon Pixma MP640;1;1;купить кассету на ксерокс canon pixma ip6210d;0;0
199574590;53402;Картридж для Xerox Phaser 3122;1;1;картридж gd-ts xerox phaser 3117;0;0
349970682;5879;Фотобарабан 55B0ZA0 для Lexmark MS331, MS431, MX331 черный;1;1;55b0za0;0;0
1003254730;33551;Картридж для HP OfficeJet Pro-8210;1;1;hp officejet pro 8210 картриджи;0;0
200162935;02867;Картридж для Canon Pixma MP230;2;1;canon pixma mp 230 кадридж | картридж для принтера mp 230;0;0
216362004;53466;Картридж для Xerox Phaser 3132;1;1;картридж для принтера xerox phaser 3130;0;0
209731665;4395;Картридж CL-441 для Canon Pixma MG4140, Pixma MG4240;4;1;картридж для canon mg4240 | картридж кэнон тс3640 | катридж на canon mg 4240;0;0
236322626;3706;Фотобарабан 029 для Canon LBP-7010, LBP-7018 черный;1;1;барабан канон 7010;0;0
200164082;019851;Картридж для HP PhotoSmart C4580;1;1;c4580 картридж;0;0
199570121;006012;Картридж для Canon i-SENSYS LBP-6680x;1;1;картридж на canon lbp 6310;0;0
964919775;3529;Картриджи 53601-53604 для Primera Bravo 4100;1;1;картридж для принтера primera;0;0
548298606;6648;Фотобарабан + картридж C-EXV14 DU+C-EXV14 для Canon черный;1;1;canon ir 2420;0;0
199334884;3514;Картридж CLT-M503L для Samsung SL-C3010, SL-C3060 пурпурный;1;1;samsung c 3010;0;0
209714709;53462;Картридж для Xerox Phaser 3120;1;1;картридж для принтера xerox phaser 3130;0;0
209715103;1179;Картриджи CF320A-CF323A для HP LJ M680, LJ M680, LJ M680;1;1;картридж hp cf320a черный;0;0
914521232;6760;Фотобарабан W1580D для HP LJ Tank 1020w черный;1;0;драм картридж на hp laser jet tank mfp2606 dn;0;0
199574448;;;1;0;"rfhnhbl; lkz  pantum cm1100dw";0;0
209722372;1431;Картридж 34016HE для Lexmark E330, E340 черный;1;0;картридж lexmark 24036se;0;0
439261414;6251;Картридж W2221A для HP LJ Pro 3203, LJ Pro 3288 голубой;1;0;катриджи для лазерного 2221 а;0;0
209754706;07483;Картридж для HP LaserJet CP3525x;1;0;cp3525;0;0
1004157034;6996;Фотобарабан + картридж W1580D+W1580X для HP черный;1;0;драм картридж на hp laser jet tank mfp2606 dn;0;0
257945727;5487;Картридж 069 C для Canon LBP673Cdw, MF752Cdw голубой;1;0;картриджи для canon i-sensys mf752cdw;0;0
209664628;0965;Картридж 72M для HP DJ T1708, DJ T2300, DJ T1708 пурпурный;1;0;hp t770 набор картриджей;0;0
216429662;1949;Фотобарабан DK-110 DU для Kyocera FS-1016MFP, FS-720 черный;1;0;катридж для kyocera fs 1016mfp;0;0
263820513;0595;Картридж LC-1100BK для Brother DCP-145C, DCP-163C черный;1;0;картридж 980 1100 hybk;0;0
181095504;;;1;0;картридж 45 для hp;0;0
209713176;1725;Картридж 24036SE для Lexmark E230, E232, E240, E332n черный;1;0;картридж lexmark 24036se;0;0
181123617;1171;Фотобарабан DR-1075 DU для Brother DCP-1510, HL-1110 черный;1;1;картриджи для принтера бразер br 1075;0.0;-177
