nm_id;advert_id;ставка_₽;новая_₽;показы;клики;расход_₽;орг_открытий;орг_позиция
850435847;35697894;14.22;7.30;44;4;50.54;6;18
327898992;35697812;11.99;7.30;30;4;42.70;4;4
216458920;35277369;11.75;7.30;62;4;38.84;4;4
209712743;35704140;14.22;7.30;62;3;37.61;3;9
265276096;35282981;11.75;7.30;79;3;35.25;3;2
370067477;35278992;11.99;7.30;42;3;34.88;3;36
199565836;35706004;11.99;7.30;15;3;33.79;4;19
181118884;35698882;11.99;7.30;65;3;33.79;4;16
192228705;35697894;11.99;7.30;72;3;33.79;5;17
192228701;35706311;11.99;7.30;30;4;32.80;7;8
199330892;35700300;17.16;7.30;33;2;32.76;2;3
215240223;35704644;11.99;7.30;21;3;32.70;5;19
257807831;35408957;11.99;7.30;43;3;32.10;6;3
400980499;35700300;11.75;7.30;30;3;32.04;3;6
216361042;35697894;11.99;7.30;20;3;31.28;3;13
199566539;35282981;15.60;7.30;108;2;31.20;3;20
267893036;35282447;11.75;7.30;45;3;31.07;12;6
209664992;35703066;11.99;7.30;115;3;30.19;3;5
967319399;36877686;11.99;7.30;29;3;30.19;4;7
439260714;35282079;11.99;7.30;50;4;29.20;7;3
498770580;35700057;11.99;7.30;39;3;29.10;6;4
209665087;35703851;11.99;7.30;31;3;29.10;3;2
199574175;35277054;14.22;7.30;77;2;25.86;3;1
967324489;36877433;11.99;7.30;7;3;25.50;3;46
216422130;35697812;11.99;7.30;92;2;24.90;9;13
181105106;35698510;12.89;7.30;22;2;24.61;4;3
199569449;35278992;11.75;7.30;3;2;23.50;2;4
263821935;35408957;11.75;7.30;55;2;23.50;4;5
964263356;36879425;11.75;7.30;19;2;23.50;2;2
192255559;35698510;12.89;7.30;20;2;23.44;3;8
199569593;35705677;11.99;7.30;49;2;22.89;3;17
1035979026;36873563;11.99;7.30;7;3;21.90;4;189
200164778;35278992;11.99;7.30;36;2;21.80;6;2
209728963;35704140;11.99;7.30;16;2;21.80;2;11
199334036;35698882;11.99;7.30;7;2;21.80;3;26
964647367;36873596;11.99;7.30;8;2;21.80;2;5
199565216;35705677;11.99;7.30;20;2;21.80;3;2
199565899;35277054;11.75;7.30;22;2;21.36;3;2
199330543;35698011;11.75;7.30;24;2;21.36;4;1
252726452;35698882;11.75;7.30;43;2;21.36;2;25
199566514;35278992;11.75;7.30;17;2;20.39;3;7
440334909;35697812;11.75;7.30;8;2;20.39;3;7
262192282;36873563;11.75;7.30;80;2;20.39;2;6
416667713;35698419;11.75;7.30;22;2;19.42;2;7
216448532;35698099;10.68;7.30;13;2;19.42;2;2
216461848;35277369;11.99;7.30;76;2;19.29;2;10
199330764;35697951;11.99;7.30;25;2;18.20;2;4
199331222;39087266;11.99;7.30;71;2;18.20;2;16
199331777;39087266;11.99;7.30;31;2;18.20;2;3
998773405;36873966;11.99;7.30;17;2;14.60;2;17
216355834;35699129;11.99;7.30;10;2;14.60;2;3
216448603;35697812;11.99;7.30;86;2;14.60;3;3
440336201;35282447;14.22;7.30;69;1;14.22;4;4
267444471;35408957;14.18;7.30;15;1;14.18;1;1
192567421;35281617;15.60;7.30;47;1;14.18;5;11
267893014;35698419;14.18;7.30;8;1;14.18;3;3
200164319;35282981;14.22;7.30;32;1;12.93;2;4
964953068;36879576;14.22;7.30;56;1;12.93;3;16
216453663;35698453;14.22;7.30;44;1;12.93;5;7
327898981;35699209;14.22;7.30;24;1;12.93;1;14
967521611;36877433;14.18;7.30;12;1;12.89;1;46
192567444;35698187;14.18;7.30;20;1;12.89;1;1
209731665;35698292;11.99;7.30;61;1;11.99;1;6
199565557;35697812;11.99;7.30;17;1;11.99;1;2
888187718;39087266;11.99;7.30;28;1;11.99;1;10
192228177;35697812;11.99;7.30;8;1;11.99;5;11
199331716;35699209;11.99;7.30;5;1;11.99;3;29
215240741;35704972;11.99;7.30;8;1;11.99;2;17
475476227;35699129;11.99;7.30;4;1;11.99;2;3
209663327;36879025;11.99;7.30;177;1;11.99;2;118
257807840;35698292;11.99;7.30;14;1;11.99;1;8
216422142;39087266;11.99;7.30;63;1;11.99;1;1
216422218;39087266;11.99;7.30;24;1;11.99;1;4
209664870;35278992;11.99;7.30;53;1;11.99;7;5
199335439;35698366;11.99;7.30;25;1;11.99;1;4
200163811;35697812;11.75;7.30;7;1;11.75;1;9
199566470;35282981;11.75;7.30;22;1;11.75;2;7
216360388;35698593;11.75;7.30;3;1;11.75;3;2
216360694;35698927;11.75;7.30;284;1;11.75;1;9
200166308;35701344;11.75;7.30;32;1;11.75;1;1
200166638;35697812;11.75;7.30;102;1;11.75;3;12
216354472;35700300;11.75;7.30;3;1;11.75;1;3
199569532;35705677;11.75;7.30;26;1;11.75;1;12
181104916;35700300;11.75;7.30;50;1;11.75;1;12
181105014;35706311;11.75;7.30;25;1;11.75;1;45
257807190;35408957;11.75;7.30;35;1;11.75;1;20
199570317;35700930;11.75;7.30;17;1;11.75;1;7
263820422;35277369;11.75;7.30;12;1;11.75;1;29
967514301;36877433;11.75;7.30;7;1;11.75;1;3
967514517;36877433;11.75;7.30;3;1;11.75;3;7
181082745;35706311;11.75;7.30;26;1;11.75;1;5
209664995;35282981;11.75;7.30;126;1;11.75;1;4
199572984;35698292;11.75;7.30;19;1;11.75;1;19
236322621;35277054;11.75;7.30;24;1;11.75;1;11
200163181;35699209;14.22;7.30;52;1;11.75;7;12
216429575;35698927;12.89;7.30;12;1;11.72;2;2
216429750;35698968;12.89;7.30;6;1;11.72;1;3
181116308;35698510;12.89;7.30;23;1;11.72;1;21
292489053;35408957;11.99;7.30;55;1;10.90;4;6
568092926;35698510;11.99;7.30;4;1;10.90;3;16
850504161;35698159;11.99;7.30;14;1;10.90;1;9
326847245;35699129;11.99;7.30;83;1;10.90;3;6
199330791;35277054;11.99;7.30;8;1;10.90;2;5
200166497;35281617;11.99;7.30;38;1;10.90;1;3
326847844;35282981;11.99;7.30;20;1;10.90;4;10
199331668;35698593;11.99;7.30;38;1;10.90;2;8
200167551;35698453;11.99;7.30;84;1;10.90;1;18
181104963;35697812;11.99;7.30;9;1;10.90;1;87
181105033;35698510;11.99;7.30;9;1;10.90;2;5
216429516;35697812;11.99;7.30;7;1;10.90;1;22
181097531;35706311;11.99;7.30;48;1;10.90;3;8
209663349;35703547;11.99;7.30;80;1;10.90;2;4
209655407;35703066;11.99;7.30;67;1;10.90;1;23
250288138;35697812;11.99;7.30;28;1;10.90;3;3
199571823;35700718;11.99;7.30;32;1;10.90;2;14
900520462;35697951;11.99;7.30;26;1;10.90;1;4
199335428;35705677;11.99;7.30;33;1;10.90;1;1
181116509;35698453;11.99;7.30;10;1;10.90;2;5
216448628;35697812;11.99;7.30;87;1;10.90;2;7
850444046;35697894;11.99;7.30;44;1;10.90;4;26
199566067;35705677;11.75;7.30;4;1;10.68;1;1
181052378;35706004;11.75;7.30;17;1;10.68;1;2
200165067;35701146;11.75;7.30;4;1;10.68;1;2
264243768;35698099;11.75;7.30;45;1;10.68;2;31
967527067;36877167;11.75;7.30;25;1;10.68;2;14
200166368;35701344;11.75;7.30;19;1;10.68;1;13
511077811;35278992;11.75;7.30;22;1;10.68;4;15
563826116;36873563;11.75;7.30;94;1;10.68;2;6
199331470;35282447;11.75;7.30;17;1;10.68;1;128
199331771;35698593;11.75;7.30;7;1;10.68;1;7
200167516;35697812;11.75;7.30;17;1;10.68;2;2
216429054;35282079;11.75;7.30;17;1;10.68;1;2
292614708;35281617;11.75;7.30;38;1;10.68;1;7
264401478;35698882;11.75;7.30;6;1;10.68;1;9
199570346;35282079;11.75;7.30;8;1;10.68;3;2
474526695;35408957;11.75;7.30;17;1;10.68;1;2
209664310;35703066;11.75;7.30;64;1;10.68;1;21
209664330;35698099;11.75;7.30;59;1;10.68;7;14
209664600;35703066;11.75;7.30;26;1;10.68;1;5
261184197;35697894;11.75;7.30;41;1;10.68;2;3
181116638;35706311;11.75;7.30;8;1;10.68;2;2
200163236;35699209;11.75;7.30;36;1;10.68;6;4
200166259;35282079;11.72;7.30;6;1;10.65;1;7
192228377;35698510;11.72;7.30;5;1;10.65;3;1
181116158;35698510;12.89;7.30;14;1;10.65;5;7
199565775;35705677;11.75;7.30;21;1;9.71;2;13
216458008;35698968;11.75;7.30;25;1;9.71;2;5
199574679;35282079;11.75;7.30;19;1;9.71;1;27
199566606;35282447;11.75;7.30;42;1;9.71;1;5
192227971;35277054;11.75;7.30;6;1;9.71;1;2
200166191;35697812;11.75;7.30;34;1;9.71;1;4
200166204;35701146;11.75;7.30;10;1;9.71;1;1
216460101;35698927;11.75;7.30;23;1;9.71;1;13
903687693;35697894;10.68;7.30;14;1;9.71;2;10
475352745;35282981;11.75;7.30;19;1;9.71;1;14
209664427;35698453;11.75;7.30;19;1;9.71;2;15
199571986;35282981;11.75;7.30;6;1;9.71;1;2
192568590;35698453;11.75;7.30;10;1;9.71;3;3
397270373;35278992;11.75;7.30;22;1;9.71;1;15
199335369;35282079;11.75;7.30;34;1;9.71;1;4
683621878;35698099;11.75;7.30;45;1;9.71;1;12
248074992;35282447;11.99;7.30;41;1;9.70;3;12
216352765;35408957;11.99;7.30;30;1;9.69;3;26
199332171;35701146;8.83;7.30;3;1;8.83;1;2
886747618;35697951;9.71;7.30;12;1;8.83;1;12
209663681;35703851;8.83;7.30;4;1;8.83;1;1
292510536;35698099;10.68;7.30;57;1;8.83;3;50
261996711;35278992;11.99;7.30;33;1;8.80;2;6
216457748;35282079;11.99;7.30;16;1;8.80;2;14
181097496;35277054;11.99;7.30;17;1;8.80;1;2
199566604;35705677;11.99;7.30;48;1;8.00;1;4
209714704;35703851;11.99;7.30;5;1;8.00;2;2
964378981;36879110;11.99;7.30;2;1;7.30;1;2
964575881;36877433;11.99;7.30;10;1;7.30;1;51
199566550;35277369;11.99;7.30;9;1;7.30;3;2
200164937;35701344;11.99;7.30;10;1;7.30;1;67
997762735;36873966;11.99;7.30;1;1;7.30;1;4
967477236;36874215;11.99;7.30;2;1;7.30;1;60
447219910;35700057;11.99;7.30;8;1;7.30;1;10
209758860;35704644;11.99;7.30;6;1;7.30;1;6
967519106;36877686;11.99;7.30;7;1;7.30;1;2
435735562;35282079;11.99;7.30;9;1;7.30;1;10
964439302;36878508;11.99;7.30;22;1;7.30;1;6
216460611;35697812;11.99;7.30;72;1;7.30;2;4
967421303;36873660;11.99;7.30;12;1;7.30;1;6
216460680;35697812;11.99;7.30;59;1;7.30;1;7
850447922;35282079;11.99;7.30;3;1;7.30;2;4
967470734;36874254;11.99;7.30;3;1;7.30;1;33
964489174;36878081;11.99;7.30;6;1;7.30;1;14
181104903;35700300;11.99;7.30;33;1;7.30;1;8
181105075;35697894;11.99;7.30;151;1;7.30;1;2
1002525330;36873922;11.99;7.30;7;1;7.30;1;1
199570218;39087266;11.99;7.30;32;1;7.30;6;5
199332746;35706004;11.99;7.30;7;1;7.30;2;12
181097424;35700300;11.99;7.30;26;1;7.30;3;7
1003484318;36873596;11.99;7.30;6;1;7.30;1;317
209663329;35699209;11.99;7.30;17;1;7.30;4;3
209712716;35703851;11.99;7.30;7;1;7.30;1;10
261175061;35698223;11.99;7.30;10;1;7.30;2;5
192567280;35698453;11.99;7.30;14;1;7.30;1;15
209664101;35698453;11.99;7.30;12;1;7.30;3;4
192567418;35698510;11.99;7.30;2;1;7.30;5;13
209729894;35698292;11.99;7.30;12;1;7.30;0;
209664859;35703547;11.99;7.30;70;1;7.30;1;3
964443104;36878508;11.99;7.30;5;1;7.30;1;2
199572586;36874914;11.99;7.30;20;1;7.30;2;2
262192274;36873563;11.99;7.30;39;1;7.30;1;11
216432156;36879576;11.99;7.30;4;1;7.30;1;2
238898706;35698099;11.99;7.30;65;1;4.90;1;23
292510781;35698099;11.99;7.30;51;1;4.47;3;57
