article;ghost_ms_id;ghost_external_code;ghost_name;ghost_buy_price;ghost_created;ghost_barcode;keep_code;keep_name
013R00606;9bde6c1d-3530-11eb-0a80-065300159f03;jjFgbs2Rh8mrwwg2qvx4K2;013R00606 Принт к-ж XEROX WC PE 120  013R00606 5000 страниц, оригинал;48.0722;2020-12-03;20303426;0049;Картридж 013R00606
101R00432;9c1554e0-3530-11eb-0a80-065300159fdb;MoEl8qOHiyhifiUmDDLp93;101R00432 Копи к-ж XEROX WC 5016/5020B 22000 страниц  CNL;166.8631;2020-12-03;20303815;1086;Фотобарабан Xerox 101R00432
106R02778;9d057fda-3530-11eb-0a80-06530015a343;fufLrYxDgWJB9L-yfXZ9y2;106R02778 Картридж Xerox Phaser 3052/3260 WC3215/3225 3000стр. CNL;134.6414;2020-12-03;20304720;1144xr;Картридж 106R02778 Xerox
108R00647;9dd57c52-3530-11eb-0a80-06530015a65b;sEKetBnUhPRX9XhMoWy8e2;Фотобарабан XEROX Phaser 7400 (108R00647) синий оригинал;457.2742;2020-12-03;20306106;1135;Барабан 108R00647, голубой
12S0400;9f6f22c8-3530-11eb-0a80-06530015abd4;yNjZqMmqg6gbr8xcDhHmG0;12S0400 К-ж Lexmark Optra E220/321/323/323n 12S0400 (ресурс 3000 страниц) оригин;0.0;2020-12-03;20296100;0509;Картридж 12S0400
42918105;9f3b1cbf-3530-11eb-0a80-06530015ab19;faMWNi3Ag6s-AJdJUR4Ma2;Фотобарабан для OKI 9600 (ресурс 30 000 стр.) желтый;135.0;2020-12-03;20297923;1826op;Фотобарабан 42918105 Y OP
42918106;9f3c1bec-3530-11eb-0a80-06530015ab1d;L0pqDmMAjuhpoCkQsnyOY2;Фотобарабан для OKI 9600 (ресурс 30 000 стр.) пурпурный;135.0;2020-12-03;20297930;1825op;Фотобарабан 42918106 M OP
42918107;9f3d1117-3530-11eb-0a80-06530015ab21;U4oKPWyQhaAfsi2lAzugu2;Фотобарабан для OKI 9600 (ресурс 30 000 стр.) голубой;135.0;2020-12-03;20297947;1824op;Фотобарабан 42918107 C OP
42918108;9f3e31cf-3530-11eb-0a80-06530015ab25;uxwXssBzgrZmhrfkJEIIh0;Фотобарабан для OKI 9600 (ресурс 30 000 стр.) черный;135.0;2020-12-03;20297954;1823op;Фотобарабан 42918108 Bk OP
44064010;9f4d6c2b-3530-11eb-0a80-06530015ab5d;0IhqJ2gOgUTllzKIVbeYD2;Фотобарабан для OKI C810/830/MC860 20k малиновый;80.0;2020-12-03;20298098;1795;Драм-картридж 44064010 для OKI C801, C810, C821, C830, MC860, совместимый, пурпу
51629A;a13c26a9-3530-11eb-0a80-06530015b24b;roL9U7K7hAS1T6eMVExxj2;К-ж HP 51629A   6XX черн. ориг;0.0;2020-12-03;20313906;0428-or;Картридж HP 29 (51629A) Original
92298X;96bfffaa-3530-11eb-0a80-0653001589c1;k2vsOkkZghjNZVhhQiDo12;92298X,  К-ж HP LJ 4/4+/4M/4M+/5/5M+ ориг.;0.0;2020-12-03;20287450;0419-or;Оригинальный картридж HP 92298X
C-EXV-33/2785B002;98d2539a-3530-11eb-0a80-0653001592b4;FdlA1c-xhX2Dj6HGyFF9F0;Тонер Canon C-EXV-33 IR2520/20i/25/25i/30/30i 2785B002;54.2;2020-12-03;20284763;0830-or;Картридж C-EXV33 OR
C13T12824012;a4a3eab9-3530-11eb-0a80-06530015be24;JmuHGnwZie5O4dls0FLb80;К-ж EPSON T12824012 new S22/SX125 голубой;9.03;2020-12-03;20311889;0189-or;Картридж T1282 голубой Orig.
C4096A;96c31179-3530-11eb-0a80-0653001589cd;hWeLOJUfgdXtDvutT1KPr0;C4096A  К-ж HP LJ 2100/2200, ориг. 5000 страниц;72.7739;2020-12-03;20287481;0020;Картридж C4096A
C4127X;96c5cbba-3530-11eb-0a80-0653001589d9;rSbKCyyNgxoi32Hyes6CU0;C4127X  К-ж HP LJ 4000/4000N/4000T ориг.ресурс 10000;235.4031;2020-12-03;20287511;0416;Картридж C4127X
C4844A;a1837a34-3530-11eb-0a80-06530015b347;f9OuFRkZiN8P61RCRLRG01;К-ж HP C4844A 2000/2500C Color Printer  black;93.1818;2020-12-03;20314538;0313-or;Картридж 10 Bk HP
C9363HE;a1d00c76-3530-11eb-0a80-06530015b463;xR0IjEv4gYnjuZF0DfzyJ0;К-ж HP C9363HE 6543/5743/5740/6843/PS 8153/8453 №134;74.6749;2020-12-03;20315245;0310-or;Картридж hp 134 Col HP
C9396AE;a1ea1884-3530-11eb-0a80-06530015b4c4;flIAzXy3haoBneeRk8n4V1;К-ж HP C9396AE Officejet Pro K550 № 88 увеличенный черный;53.0848;2020-12-03;20315481;0970-or;Картридж C9396AE HP 88 XL Black Original
C9403A;a1f1c5d5-3530-11eb-0a80-06530015b4dc;3WMtAdcAjNkkCZf7BWI5h0;К-ж HP C9403А к Designjet T1100ps (№ 72) Матовый черный ориг;117.179;2020-12-03;20315542;3980sf;Картридж HP C9403А (№ 72) Матовый черный O
CB304AE;a225e0be-3530-11eb-0a80-06530015b585;YG5e1oBQg9bGZWmHEwTT80;К-ж HP CB304AE PhotoSmart A430 (№ 110) цветной оригинал;0.0;2020-12-03;20315955;0947cs;Картридж HP 110 Col Cactus
CE400X;97568c12-3530-11eb-0a80-065300158c3d;A3g7cY09hw3i5LdcZcY6k2;CE400X К-ж HP 507X CLJ Color M551 черный, увеличенный, оригинал;245.784;2020-12-03;20289034;0347pl;Картридж CE400X BK PL
CE740A;976e551d-3530-11eb-0a80-065300158ca5;yJkmMhRgiTOh6QWWqQ1C61;CE740A К-ж HP CLJ CP5220/CP5225 черный, оригинал;214.6;2020-12-03;20289270;0777ct;Картридж CE740A BK CP
CE741A;976f44e5-3530-11eb-0a80-065300158ca9;Nk1yJ-75hKJzz2H2k8sx41;CE741A К-ж HP CLJ CP5220/CP5225 голубой, оригинал;282.125;2020-12-03;20289287;0778ct;Картридж CE741A C CP
CE742A;97702c19-3530-11eb-0a80-065300158cad;0IkmMYYZhA3WH9f62WTei2;CE742A К-ж HP CLJ CP5220/CP5225 желтый, оригинал;296.34;2020-12-03;20289294;0779ct;Картридж CE742A Y CP
CE743A;977125f6-3530-11eb-0a80-065300158cb1;XIHvJ-f1h-tJrFiNPn13u2;CE743A К-ж HP CLJ CP5220/CP5225 пурпурный, оригинал;282.125;2020-12-03;20289300;0780ct;Картридж CE743A M CP
CH565A;a2531161-3530-11eb-0a80-06530015b621;x7-hzECthYjIzvgs9hYer1;К-ж HP CH565A Картридж HP № 82 черный емкость 69 мл.;58.9311;2020-12-03;20316341;0320pl;Картридж HP 82 Black  PL
CL-41/0617B025;a303361f-3530-11eb-0a80-06530015b891;UQn5s9iLiOUxKjFhWzNly3;К-ж CANON CL-41 к Pixma MP150/170 цветной;16.9;2020-12-03;20308148;0183-or;Картридж CL-41 Col OR
CLI-42 BK/6384B001;a315fa30-3530-11eb-0a80-06530015b8d9;PrIgKHURgc-NCddYs9NRA2;К-ж CANON CLI-42BK  черный  для PIXMA PRO-100;18.0;2020-12-03;20308322;3590sf;Картридж CLI-42BK Canon
CLI-8C/0621B024;a3578ebc-3530-11eb-0a80-06530015b999;yyJ8vodNjUzGVe5Mk7s7O1;К-ж CANON CLI-8C cyan (МФУ Pixma MP500/800, Pixma  IP6600,5200,4200);20.2;2020-12-03;20308803;0136sf;Картридж CLI-8 C Canon
CLP-C600A;9b051ba4-3530-11eb-0a80-065300159b89;Qz-KsXV6iW1ggEcbNK2RF3;К-ж Samsung CLP-600-серия голубой CLP-C600A;52.4299;2020-12-03;20301224;0691;Картридж CLP-C600A
CLP-K600A;9b0813a0-3530-11eb-0a80-065300159b95;RqFdS79Qhj6jXIGS8rrJ80;К-ж Samsung CLP-600-серия черный CLP-K600A;61.7193;2020-12-03;20301255;0690;Картридж CLP-K600A
CLP-M600A;9b072700-3530-11eb-0a80-065300159b91;15kWhjHBiNPl6WqiQQ4nL2;К-ж Samsung CLP-600-серия пурпурный CLP-M600A;83.3415;2020-12-03;20301248;0692;Картридж CLP-M600A
CLP-Y600A;9b06302c-3530-11eb-0a80-065300159b8d;6pc4TagegDup0LqNiyh771;К-ж Samsung CLP-600-серия желтый CLP-Y600A;50.597;2020-12-03;20301231;0693;Картридж CLP-Y600A
CLT-M406S/SEE;9b25bc08-3530-11eb-0a80-065300159c11;051CPLTkhQboo7C3U3xjc1;К-ж Samsung CLT-406-серия пурпурный для CLP-360/365/368/CLX-3300/3305  оригинал ;30.093;2020-12-03;20301569;0794sf;К-ж Samsung-hp CLT-M406S/SEE  CLP-360/365/368/CLX-3300/05 1.0K Magenta S-print b
DR-3000;9a502a4c-3530-11eb-0a80-06530015989a;8qQgNvjygZIsvGd4UnZdS1;Драм к-ж BROTHER HL-5130/4050D/70DN DR-3000;165.0;2020-12-03;20282851;3533pl;Барабан DR-3000 PL
F6U18AE;a2b4eee5-3530-11eb-0a80-06530015b76f;0jRn6lx9hlvNRmkMBucds0;К-ж HP F6U18AE №953XL High Yield Yellow (желтый);32.4951;2020-12-03;20317157;2186-or;Картридж 953XL Y OR
F6V18AE;a2b8e79d-3530-11eb-0a80-06530015b77b;8nSxAeIOjYXeloZC9ffBc2;К-ж HP F6V18AE №123XL для HP Deskjet Ink,   Tri-colour (Цветной);56.8042;2020-12-03;20317188;2706sf;* Восстановленный картридж 123xl Col HP
F6V19AE;a2badd2b-3530-11eb-0a80-06530015b783;JPPr418gitoeK-GtxbbWT1;К-ж HP F6V19AE №123XL для HP Deskjet Ink,  Black (Черный);56.536;2020-12-03;20317201;2705sf;* Восстановленный картридж 123XL BK HP
LC970M;a590764b-3530-11eb-0a80-06530015c1dc;1Qu92tCCh9ryuaupPOZe90;Картридж BROTHER LC970M красный;8.9723;2020-12-03;20307486;0593sf;Картридж LC-970M Brother
LC970Y;a5919442-3530-11eb-0a80-06530015c1e0;92yy-553iMWh54hhf10Xd3;Картридж BROTHER LC970Y желтый;9.5556;2020-12-03;20307493;0594sf;Картридж LC-970Y Brother
ML-D3050B;9acf8b77-3530-11eb-0a80-065300159aa5;5O1RuR91i8mLZjWshu1bI3;К-ж ML-D3050B Samsung  к ML-3050/3051 увеличенный, оригинал;88.9587;2020-12-03;20300654;0026sq;* СПБ* Картридж ML-3050
PC-211EV;19fda3d5-f305-11e8-9ff4-34e80007b385;3262-or;Картриджи Pantum PC-211EV OR;33.7216;2018-11-28;20298401;3262cs;Картридж лазерный Pantum PC-211EV черный (1600стр.) для Pantum Series P2200/2500
PC-211EV;2c68c0dd-6173-11ec-0a80-0b0e004b1218;rU6A5yxvgQjW1TdGu7KGj3;Тонер-картридж Pantum PC-211EV (1600 стр.), оригинал;27.8;2021-12-20;20298456;3262cs;Картридж лазерный Pantum PC-211EV черный (1600стр.) для Pantum Series P2200/2500
PG-40/0615B025;a3871f39-3530-11eb-0a80-06530015ba45;sVZ7NiYri0u8ATsGNklit0;К-ж CANON PG-40 к Pixma MP150/170 черный;22.0;2020-12-03;20309237;0182-or;Картридж PG-40 BK OR
Q2610A;9801c57d-3530-11eb-0a80-065300158f4d;bjhpltnFhcqeIhCPIqwN53;Q2610A  К-ж HP LJ 2300/D/N/DN/DTN/L ориг.;47.953;2020-12-03;20290979;0001;Картридж Q2610A
Q7551A;982ec8c8-3530-11eb-0a80-065300159021;T01BFglmgZQUZ3Glxiu8Z2;Q7551A  К-ж HP LJ 3005/M3027/3035 mfp ресурс 6500 страниц оригинал;107.7995;2020-12-03;20291501;0025;Картридж Q7551A
Q7551X;982fba30-3530-11eb-0a80-065300159025;CYRKyEwrj4G0JcC7TNZoD2;Q7551X  К-ж HP LJ 3005/M3027/3035 mfp ресурс 13000 страниц оригинал;66.0569;2020-12-03;20291518;0032;Картридж Q7551X
Q7551X;884bcdb6-0122-11ed-0a80-0d790036fced;QkiqSRS5gdvlpnoXDWln00;Картридж HP Q7551X  LJ P3005 13K оригинал;68.043;2022-07-11;20287429;0032;Картридж Q7551X
S015307BA;a5ade8f0-3530-11eb-0a80-06530015c233;aFrcKHxEitDc0GVThBg9j0;S015307BA К-ж EPSON LQ-630 оригинал;0.0;2020-12-03;20306632;4599ep;Картридж EasyPrint ME-630 для Epson LQ-630/630S (2 млн. зн.)
T12844010;a4a61a69-3530-11eb-0a80-06530015be2c;GcA1u6zXikqK-MhWoXrdP2;К-ж EPSON T12844010 S22/SX125 желтый;7.095;2020-12-03;20311902;0191-or;Картридж T1284 желтый Orig.
TK-1160;99a9bb6f-3530-11eb-0a80-065300159647;qLdrlr5fhpDbDF9sSf0NA2;Тонер К-ж Kyocera TK-1160 для P2040dn/P2040dw, 7200стр., оригинал, арт. 1T02RY0N;115.5;2020-12-03;20294526;2163ut;Совместимый картридж UNITON Premium TK-1160
TK-120;996df181-3530-11eb-0a80-06530015952f;6Se0yO1zhWR80dbfrMChF1;Тонер К-ж Kyocera TK-120 FS-1030D оригинал;0.0;2020-12-03;20293826;0118sq;Картридж TK-120
TK-5220C;99ee59cb-3530-11eb-0a80-06530015975b;3s3Si6gwg9nGB4r0nIOXC0;Тонер-картридж Kyocera TK-5220C  Cyan для P5021cdn/cdw, M5521cdn/cdw (1 200 стр.;75.2544;2020-12-03;20295219;2168-or;Тонер-картридж Kyocera TK-5220C
TK-5220K;99eb7bae-3530-11eb-0a80-06530015974f;N2tWVzJ-jiMFuaAN0aBLm2;Тонер-картридж Kyocera TK-5220K  Black для P5021cdn/cdw, M5521cdn/cdw (1 200 стр;47.0;2020-12-03;20295189;2167-or;Тонер-картридж Kyocera TK-5220K
TK-5220M;99ed6dd2-3530-11eb-0a80-065300159757;wlGz7riXiYbr7r4U5s4oU2;Тонер-картридж Kyocera TK-5220M Magenta для P5021cdn/cdw, M5521cdn/cdw (1 200 ст;49.0;2020-12-03;20295202;2169-or;Тонер-картридж Kyocera TK-5220M
TK-5220Y;99ec7d6e-3530-11eb-0a80-065300159753;avqs-bK1j9XnRglT0IIi-3;Тонер-картридж Kyocera TK-5220Y  Yellow для P5021cdn/cdw, M5521cdn/cdw (1 200 ст;49.4;2020-12-03;20295196;2170-or;Тонер-картридж Kyocera TK-5220Y
TN-130Y;9a865cdc-3530-11eb-0a80-06530015996e;Cj0pTLNJj8SUKKKlSJJhM3;Тонер-картридж BROTHER TN-130Y MFC-9440CN/HL-4040CN 1500 страниц желтый оригинал;80.0;2020-12-03;20283384;0574;Картридж TN-130Y, желтый
TN-3230;9a7bd6da-3530-11eb-0a80-065300159942;mNgqVUMwi2E-9e-MWpOnR0;Тонер к-ж BROTHER TN-3230 HL-5340D/5350DN/5370DW 3000 стр ориг;68.2;2020-12-03;20283278;1615;Картридж TN-3230
TN-3330;9a7d9b48-3530-11eb-0a80-06530015994a;1xZT43Tsjtkr7YdyN5muS3;Тонер к-ж BROTHER TN-3330 HL5440D/5450DN/5470DW/6180DW 3000 стр ориг;73.0;2020-12-03;20283292;1616;Картридж TN-3330
X4E40AE;a126c99f-3530-11eb-0a80-06530015b1ff;Vym2ZE4igcmWwK8v9MPwa0;К-ж HP (Чернила) X4E40AE   GT51XL Черный (135 мл) GT5810/5820 6000 стр. оригинал;16.6505;2020-12-03;20313715;3737sf;Картридж GT51XL Черный HP
