article;cards_in_group;distinct_external_codes;code;external_code;name;buy_price_rub;ms_id
PC-211EV;3;3;3262cs;3262;Картридж лазерный Pantum PC-211EV черный (1600стр.) для Pantum Series P2200/2500/M6500/6550/6600;27.8;3ce5e290-1e4b-11eb-0a80-05d20008648f
PC-211EV;3;3;3262-or;3262-or;Картриджи Pantum PC-211EV OR;33.7216;19fda3d5-f305-11e8-9ff4-34e80007b385
PC-211EV;3;3;;rU6A5yxvgQjW1TdGu7KGj3;Тонер-картридж Pantum PC-211EV (1600 стр.), оригинал;27.8;2c68c0dd-6173-11ec-0a80-0b0e004b1218
PG-445XL;3;3;PG-445XL/8282B001;ESy6sCeAhW11b72LkizLZ0;К-ж CANON PG-445XL к Pixma MG2440/2540 увеличенный черный;27.9;a38de0b4-3530-11eb-0a80-06530015ba5d
PG-445XL;3;3;PG-445XL;PG-445XL;Картридж Canon PG-445XL (8282B001) черный;17.1666;4223beaa-d363-11eb-0a80-08080006614c
PG-445XL;3;3;PG-445XL/8282B001;Z3Hrkhptj5jdBAk0a26h32;Картридж PG-445XL BK OR;20.8;fa7c214c-b2a4-11e8-9109-f8fc0012babf
Q7551X;3;3;0032;0032;Картридж Q7551X;66.4247;56b4bb27-0eba-49a9-a04b-2818c7a51699
Q7551X;3;3;;CYRKyEwrj4G0JcC7TNZoD2;Q7551X  К-ж HP LJ 3005/M3027/3035 mfp ресурс 13000 страниц оригинал;66.0569;982fba30-3530-11eb-0a80-065300159025
Q7551X;3;3;0032_sf;QkiqSRS5gdvlpnoXDWln00;Картридж HP Q7551X  LJ P3005 13K оригинал;68.043;884bcdb6-0122-11ed-0a80-0d790036fced
NV-CC531A/718C;3;2;0105nv;0105;Картридж CC531A/ 718 C NV;11.132;ceb325b3-65e2-4ddc-bff3-3b28958f2772
NV-CC531A/718C;3;2;0105nv;0105;Картридж CC531A NV;11.9543;c3b655b7-6aff-11e7-7a34-5acf001ff7ce
NV-CC531A/718C;3;2;0715nv;0715;Картридж Canon 718 C NV;12.7765;6ef5e5e2-1623-11e3-9586-7054d21a8d1e
013R00606;2;2;0049;0049;Картридж 013R00606;48.3841;ddbfc8b3-79a6-4204-aaf9-0d94a4e68029
013R00606;2;2;;jjFgbs2Rh8mrwwg2qvx4K2;013R00606 Принт к-ж XEROX WC PE 120  013R00606 5000 страниц, оригинал;48.0722;9bde6c1d-3530-11eb-0a80-065300159f03
101R00432;2;2;1086;1086;Фотобарабан Xerox 101R00432;165.7877;19493ae6-fa87-11e7-7a69-93a7000fd473
101R00432;2;2;;MoEl8qOHiyhifiUmDDLp93;101R00432 Копи к-ж XEROX WC 5016/5020B 22000 страниц  CNL;166.8631;9c1554e0-3530-11eb-0a80-065300159fdb
106R02778;2;2;1144xr;1144;Картридж 106R02778 Xerox;130.8228;8b41dda1-31ce-11e8-9107-50480025a805
106R02778;2;2;;fufLrYxDgWJB9L-yfXZ9y2;106R02778 Картридж Xerox Phaser 3052/3260 WC3215/3225 3000стр. CNL;134.6414;9d057fda-3530-11eb-0a80-06530015a343
108R00647;2;2;1135;1135;Барабан 108R00647, голубой;444.3052;8078d021-7b51-11ea-0a80-05af000aabbf
108R00647;2;2;;sEKetBnUhPRX9XhMoWy8e2;Фотобарабан XEROX Phaser 7400 (108R00647) синий оригинал;457.2742;9dd57c52-3530-11eb-0a80-06530015a65b
12S0400;2;2;0509;0509;Картридж 12S0400;0.0;6ff7d3a4-b9cb-11e5-7a69-8f55003312e7
12S0400;2;2;;yNjZqMmqg6gbr8xcDhHmG0;12S0400 К-ж Lexmark Optra E220/321/323/323n 12S0400 (ресурс 3000 страниц) оригинал;0.0;9f6f22c8-3530-11eb-0a80-06530015abd4
183484;2;2;5290ct;5290;Картридж Colortek Deli T31 (3.5k);7.4275;6e8cb1cd-6b73-11f0-0a80-0306001cb212
183484;2;2;7086ct;7086;Картридж Colortek Deli T31 (3.5k);7.4275;431cfbd7-81c9-11f1-0a80-1407000c1bc3
406685;2;2;;l7XXt-tbjmUi6rcDLWxI42;Тонер-картридж тип SP5200HE Aficio SP 5200S/5210SF/5210SR/ SP 5200DN/5210DN;0.0;a0c10799-3530-11eb-0a80-06530015b097
406685;2;2;;R9qsLSBojYnrGJni80DmO3;Тонер-картридж Ricoh Aficio SP 5200S/5210SF/5210SR/ SP 5200DN черный (25К);0.0;a0b0aeee-3530-11eb-0a80-06530015b05b
42918105;2;2;1826op;1826;Фотобарабан 42918105 Y OP;135.0;119f0fbc-cd2b-11e8-9ff4-34e8000e3eb8
42918105;2;2;;faMWNi3Ag6s-AJdJUR4Ma2;Фотобарабан для OKI 9600 (ресурс 30 000 стр.) желтый;135.0;9f3b1cbf-3530-11eb-0a80-06530015ab19
42918106;2;2;1825op;1825;Фотобарабан 42918106 M OP;135.0;f90dd781-cd2a-11e8-9ff4-34e8000e3a20
42918106;2;2;;L0pqDmMAjuhpoCkQsnyOY2;Фотобарабан для OKI 9600 (ресурс 30 000 стр.) пурпурный;135.0;9f3c1bec-3530-11eb-0a80-06530015ab1d
42918107;2;2;1824op;1824;Фотобарабан 42918107 C OP;135.0;d6ccdc1e-cd2a-11e8-9107-5048000e8648
42918107;2;2;;U4oKPWyQhaAfsi2lAzugu2;Фотобарабан для OKI 9600 (ресурс 30 000 стр.) голубой;135.0;9f3d1117-3530-11eb-0a80-06530015ab21
42918108;2;2;1823op;1823;Фотобарабан 42918108 Bk OP;135.0;3113da2d-cd2b-11e8-9ff4-34e8000e6d16
42918108;2;2;;uxwXssBzgrZmhrfkJEIIh0;Фотобарабан для OKI 9600 (ресурс 30 000 стр.) черный;135.0;9f3e31cf-3530-11eb-0a80-06530015ab25
44064010;2;2;;0IhqJ2gOgUTllzKIVbeYD2;Фотобарабан для OKI C810/830/MC860 20k малиновый;80.0;9f4d6c2b-3530-11eb-0a80-06530015ab5d
44064010;2;2;1795;1795;Драм-картридж 44064010 для OKI C801, C810, C821, C830, MC860, совместимый, пурпурный, 20000 стр.;80.0;b9f93e56-1721-11ec-0a80-07e3002a6fb4
51629A;2;2;0428-or;0428;Картридж HP 29 (51629A) Original;0.0;09d0499e-df37-11e7-7a34-5acf004059b9
51629A;2;2;;roL9U7K7hAS1T6eMVExxj2;К-ж HP 51629A   6XX черн. ориг;0.0;a13c26a9-3530-11eb-0a80-06530015b24b
92298X;2;2;0419-or;0419;Оригинальный картридж HP 92298X;0.0;8765455d-ac5a-11ea-0a80-06b7001156dd
92298X;2;2;;k2vsOkkZghjNZVhhQiDo12;92298X,  К-ж HP LJ 4/4+/4M/4M+/5/5M+ ориг.;0.0;96bfffaa-3530-11eb-0a80-0653001589c1
98010822;2;2;5290np;5290;Картридж NetProduct (N-T31) для Deli M3100/P3100, 3,5K;16.9473;8f99744f-d8e5-11ef-0a80-05f5001622eb
98010822;2;2;7086np;7086;Картридж NetProduct (N-T31) для Deli M3100/P3100, 3,5K;16.9473;105b4f8f-81c9-11f1-0a80-13c5000b0b93
BS-T31;2;2;5290bs;5290;Картридж Deli T31 для P/M3100, Bk, 3,5K, Blossom;21.72;fcb06dfd-284a-11f1-0a80-1bcf002c1bd8
BS-T31;2;2;7086bs;7086;Картридж Deli T31 для P/M3100, Bk, 3,5K, Blossom;21.72;2d324320-81c9-11f1-0a80-04d5000b0628
C13T08024011;2;2;;cfyV326jgeo56JHh2LGkH3;К-ж EPSON T08024011 new Stylus Photo P50/PX660, голубой  оригинал;9.5097;a46997e7-3530-11eb-0a80-06530015bd6a
C13T08024011;2;2;;XSiiXPGfj4KAcgvNbSipi1;К-ж EPSON T08024010 Stylus Photo P50/PX660, голубой  оригинал;9.1486;a4686df2-3530-11eb-0a80-06530015bd66
C13T12824012;2;2;0189-or;0189;Картридж T1282 голубой Orig.;9.03;37d9aec7-a77d-11e7-7a6c-d2a900166940
C13T12824012;2;2;;JmuHGnwZie5O4dls0FLb80;К-ж EPSON T12824012 new S22/SX125 голубой;9.03;a4a3eab9-3530-11eb-0a80-06530015be24
C1Q10A;2;2;;fePL3Q4xgO5LI2WQj5bxd2;C1Q10A HP 711 Комплект замены печатающей головки (Printhead Replacement Kit);297.7475;a117760a-3530-11eb-0a80-06530015b1c7
C1Q10A;2;2;;OwzqX9Yoj8OB6aUKHeyU22;Комплект для замены печатающей головки HP 711;289.303;4b2afa28-dd02-11e8-9ff4-34e800135a8d
C4096A;2;2;0020;0020;Картридж C4096A;74.962;6823cd4e-923b-4f3c-b2b1-9a3be5255cb4
C4096A;2;2;;hWeLOJUfgdXtDvutT1KPr0;C4096A  К-ж HP LJ 2100/2200, ориг. 5000 страниц;72.7739;96c31179-3530-11eb-0a80-0653001589cd
C4127X;2;2;0416;0416;Картридж C4127X;241.1382;f0bdb68b-4a9c-11e7-7a31-d0fd000784e1
C4127X;2;2;;rSbKCyyNgxoi32Hyes6CU0;C4127X  К-ж HP LJ 4000/4000N/4000T ориг.ресурс 10000;235.4031;96c5cbba-3530-11eb-0a80-0653001589d9
C4844A;2;2;0313-or;0313;Картридж 10 Bk HP;90.539;aa44b7c6-ad99-11e7-7a6c-d2a900379896
C4844A;2;2;;f9OuFRkZiN8P61RCRLRG01;К-ж HP C4844A 2000/2500C Color Printer  black;93.1818;a1837a34-3530-11eb-0a80-06530015b347
C9363HE;2;2;0310-or;0310;Картридж hp 134 Col HP;97.3562;896f4fe8-31a4-11e8-9ff4-34e8001f0104
C9363HE;2;2;;xR0IjEv4gYnjuZF0DfzyJ0;К-ж HP C9363HE 6543/5743/5740/6843/PS 8153/8453 №134;74.6749;a1d00c76-3530-11eb-0a80-06530015b463
C9380A;2;2;;GtNh-TSdgLKhV-GHRSM3p0;Печатающая головка HP C9380A;86.4739;55697834-a28f-11e7-7a31-d0fd00236ffd
C9380A;2;2;;GwUQWGehiH2al6jO8THSa0;К-ж HP C9380A HP № 72 Печатающая головка черная и серая;112.739;a1dc3812-3530-11eb-0a80-06530015b48f
C9384A;2;2;;kA6YOF7Hhj23NWHltC8Vw3;Печатающая головка HP C9384A;90.7309;86e6399c-a28f-11e7-6b01-4b1d00244967
C9384A;2;2;;ZVm83l8chYDgyjDTUgQWX0;К-ж HP C9384A HP №72 Печатающая головка  матовая, черная и желтая;118.289;a1e0851c-3530-11eb-0a80-06530015b49f
C9396AE;2;2;0970-or;0970;Картридж C9396AE HP 88 XL Black Original;69.2085;259fd6be-bd52-11e7-6b01-4b1d00063b89
C9396AE;2;2;;flIAzXy3haoBneeRk8n4V1;К-ж HP C9396AE Officejet Pro K550 № 88 увеличенный черный;53.0848;a1ea1884-3530-11eb-0a80-06530015b4c4
C9403A;2;2;3980sf;3980;Картридж HP C9403А (№ 72) Матовый черный O;89.8795;38228929-278c-11e8-9ff4-34e800098f23
C9403A;2;2;;3WMtAdcAjNkkCZf7BWI5h0;К-ж HP C9403А к Designjet T1100ps (№ 72) Матовый черный ориг;117.179;a1f1c5d5-3530-11eb-0a80-06530015b4dc
C9421A;2;2;;dlYXdYh0iE7K8ig6IHoLi0;К-ж HP C9421A печатающая головка № 85 magenta;0.0;a1ffbe59-3530-11eb-0a80-06530015b510
C9421A;2;2;;fQjkWgfAj72QUcwzW-Elk3;Печатающая головка HP 85 пурпурная (1500 стр);0.0;b8e25a8f-caf0-11e8-9ff4-34e80034e28e
CB304AE;2;2;0947cs;0947;Картридж HP 110 Col Cactus;0.0;36ace742-75ab-11e6-7a69-97110006bcbf
CB304AE;2;2;;YG5e1oBQg9bGZWmHEwTT80;К-ж HP CB304AE PhotoSmart A430 (№ 110) цветной оригинал;0.0;a225e0be-3530-11eb-0a80-06530015b585
CB335HE;2;2;0198-or;0198;Картридж hp 140xl HP;27.0674;b84a738d-4473-11e8-9ff4-31500003fed8
CB335HE;2;2;3624-or;3624;К-ж HP CB335HE OfficeJet J5783 № 140 стандартный черный;35.2888;a236b599-3530-11eb-0a80-06530015b5c1
CB337HE;2;2;0199-or;0199;Картридж HP 141XL HP;43.3732;505a2ed8-4474-11e8-9109-f8fc000385fe
CB337HE;2;2;3625-or;3625;К-ж HP CB337HE OfficeJet J5783 № 141 стандартный цветной;33.2685;a238ee72-3530-11eb-0a80-06530015b5c9
CC656AE;2;2;;gxcCAJ03h6cnmrLETtLbv3;К-ж HP CC656AE J4580/4660/4680 № 901 цветной;32.9634;09ee2fdd-1487-11ec-0a80-0d9c00324d4b
CC656AE;2;2;ORIG0847;ORIG0847;К-ж HP CC656AE J4580/4660/4680 № 901 цветной;42.9755;a24538fd-3530-11eb-0a80-06530015b5f1
CE400X;2;2;0347pl;0347;Картридж CE400X BK PL;268.6112;b6cf34b8-4884-11e3-ca29-7054d21a8d1e
CE400X;2;2;;A3g7cY09hw3i5LdcZcY6k2;CE400X К-ж HP 507X CLJ Color M551 черный, увеличенный, оригинал;245.784;97568c12-3530-11eb-0a80-065300158c3d
CE740A;2;2;0777ct;0777;Картридж CE740A BK CP;209.496;7c6b20c2-f226-11e8-9107-5048002c0745
CE740A;2;2;;yJkmMhRgiTOh6QWWqQ1C61;CE740A К-ж HP CLJ CP5220/CP5225 черный, оригинал;214.6;976e551d-3530-11eb-0a80-065300158ca5
CE741A;2;2;0778ct;0778;Картридж CE741A C CP;344.3112;7e8ad6ea-f227-11e8-9109-f8fc002bd661
CE741A;2;2;;Nk1yJ-75hKJzz2H2k8sx41;CE741A К-ж HP CLJ CP5220/CP5225 голубой, оригинал;282.125;976f44e5-3530-11eb-0a80-065300158ca9
CE742A;2;2;0779ct;0779;Картридж CE742A Y CP;282.125;952e8121-f227-11e8-9107-5048002c2d78
CE742A;2;2;;0IkmMYYZhA3WH9f62WTei2;CE742A К-ж HP CLJ CP5220/CP5225 желтый, оригинал;296.34;97702c19-3530-11eb-0a80-065300158cad
CE743A;2;2;0780ct;0780;Картридж CE743A M CP;261.87;b3534264-f227-11e8-9ff4-34e8002b4ffc
CE743A;2;2;;XIHvJ-f1h-tJrFiNPn13u2;CE743A К-ж HP CLJ CP5220/CP5225 пурпурный, оригинал;282.125;977125f6-3530-11eb-0a80-065300158cb1
C-EXV-33/2785B002;2;2;0830-or;0830;Картридж C-EXV33 OR;32.45;a8678f5e-b673-11e8-9109-f8fc000fa868
C-EXV-33/2785B002;2;2;;FdlA1c-xhX2Dj6HGyFF9F0;Тонер Canon C-EXV-33 IR2520/20i/25/25i/30/30i 2785B002;54.2;98d2539a-3530-11eb-0a80-0653001592b4
CF256A;2;2;;HmV3Nmx8gm9QTg-8RvEi00;Картридж CF256A OR;49.1206;d5f064cf-248a-11e9-9109-f8fc0006a420
CF256A;2;2;;iH2UI9YRiWY5gwPDBblWm1;CF256A К-ж HP 56A лазерный (7400 стр), оригинал;50.5975;9790a175-3530-11eb-0a80-065300158d35
CF283XF;2;2;;7naGVCQij-hTonrDNV1ai3;CF283XF К-ж HP LJ M225 MFP/M201, двойная упаковка, увелич.ресурс, оригинал;198.2182;97a1c47e-3530-11eb-0a80-065300158d81
CF283XF;2;2;;vYMfVGdbgAfA0dN4M4kQe2;CF283XF / XD К-ж HP LJ M225 MFP/M201, двойная упаковка, увелич.ресурс, оригинал;193.5039;be694d96-bc78-11eb-0a80-0053002a7842
CF530A;2;2;;QS2LOwMPghDqWm1r9zTRN0;CF530A K-ж HP 205A Black CLJ Pro MFP M180/181, оригинал;54.9576;97f51d34-3530-11eb-0a80-065300158f0d
CF530A;2;2;;yeASzsysgZUAOlmuKMPWN3;Чип HP CF530A;56.61;c7cd779e-aa0f-11e9-9ff4-34e800049b0d
CH565A;2;2;0320pl;0320;Картридж HP 82 Black  PL;76.8305;afe03980-5155-11e5-90a2-8ecb001680d6
CH565A;2;2;;x7-hzECthYjIzvgs9hYer1;К-ж HP CH565A Картридж HP № 82 черный емкость 69 мл.;58.9311;a2531161-3530-11eb-0a80-06530015b621
CL-41/0617B025;2;2;0183-or;0183;Картридж CL-41 Col OR;16.9;8aded06d-a4ab-11ea-0a80-05080032e79c
CL-41/0617B025;2;2;;UQn5s9iLiOUxKjFhWzNly3;К-ж CANON CL-41 к Pixma MP150/170 цветной;16.9;a303361f-3530-11eb-0a80-06530015b891
CL-446XL;2;2;CL-446XL/8284B001;4IJuqoyniisMRKWffai453;Картридж CL-446XL Col OR;23.6;0526ec54-b2a9-11e8-9ff4-31500012f72c
CL-446XL;2;2;CL-446XL/8284B001;qJo0k7rqhgq2t5yCnZcOx1;К-ж CANON CL-446XL к Pixma MG2440/2540 увеличенный цветной;27.0;a3073000-3530-11eb-0a80-06530015b8a1
CLI-42 BK/6384B001;2;2;3590sf;3590;Картридж CLI-42BK Canon;18.0;9ab16d6a-6f0b-11e8-9109-f8fc0034bd37
CLI-42 BK/6384B001;2;2;;PrIgKHURgc-NCddYs9NRA2;К-ж CANON CLI-42BK  черный  для PIXMA PRO-100;18.0;a315fa30-3530-11eb-0a80-06530015b8d9
CLI-8C/0621B024;2;2;0136sf;0136;Картридж CLI-8 C Canon;24.4;d129f30f-cab1-11e7-6b01-4b1d0017c5aa
CLI-8C/0621B024;2;2;;yyJ8vodNjUzGVe5Mk7s7O1;К-ж CANON CLI-8C cyan (МФУ Pixma MP500/800, Pixma  IP6600,5200,4200);20.2;a3578ebc-3530-11eb-0a80-06530015b999
CLI-8C/M/Y/0621B029;2;2;;4oyuofQoiTGYj-lz1wtv51;Набор картриджей CLI-8 C/M/Y мульти-упаковка OR;25.8;3634c57f-0c65-11eb-0a80-01270023886d
CLI-8C/M/Y/0621B029;2;2;;bUs4jVZthFoZ5-dngPWxA3;К-ж CANON CLI-8 C/M/Y мульти-упаковка 0621B029;29.25;a35553e8-3530-11eb-0a80-06530015b991
CLP-C600A;2;2;0691;0691;Картридж CLP-C600A;52.4299;cefc7b03-e4de-11e3-4015-002590a28eca
CLP-C600A;2;2;;Qz-KsXV6iW1ggEcbNK2RF3;К-ж Samsung CLP-600-серия голубой CLP-C600A;52.4299;9b051ba4-3530-11eb-0a80-065300159b89
CLP-K600A;2;2;0690;0690;Картридж CLP-K600A;61.7193;8615c9f6-e4dc-11e3-a68b-002590a28eca
CLP-K600A;2;2;;RqFdS79Qhj6jXIGS8rrJ80;К-ж Samsung CLP-600-серия черный CLP-K600A;61.7193;9b0813a0-3530-11eb-0a80-065300159b95
CLP-M600A;2;2;0692;0692;Картридж CLP-M600A;83.3415;adf08662-e4de-11e3-88a5-002590a28eca
CLP-M600A;2;2;;15kWhjHBiNPl6WqiQQ4nL2;К-ж Samsung CLP-600-серия пурпурный CLP-M600A;83.3415;9b072700-3530-11eb-0a80-065300159b91
CLP-Y600A;2;2;0693;0693;Картридж CLP-Y600A;50.597;fab30c7f-e4de-11e3-1e6a-002590a28eca
CLP-Y600A;2;2;;6pc4TagegDup0LqNiyh771;К-ж Samsung CLP-600-серия желтый CLP-Y600A;50.597;9b06302c-3530-11eb-0a80-065300159b8d
CLT-C404S/XEV;2;2;1327-or;B0uLMoxXg3p3mVYYT006a1;К-ж SAMSUNG-hp CLT-404-серия синий для SL-C430/C430W/C480/C480W/C480FW, S-print by HP (ST974A);36.7236;9b3bfd83-3530-11eb-0a80-065300159c71
CLT-C404S/XEV;2;2;;x3Pn5CKegy5B23mQ8g7KT2;К-ж Samsung CLT-404-серия голубой для SL-C430/C430W/C480/C480W/C480FW оригинал CLT-C404S;36.7236;9b1fe4f4-3530-11eb-0a80-065300159bf9
CLT-C406S/SEE;2;2;;D6VyVt4jjVkbAAQ1sI8V23;К-ж Samsung CLT-406-серия голубой для CLP-360/365/368/CLX-3300/3305  оригинал CLT-C406S;30.093;9b23d49a-3530-11eb-0a80-065300159c09
CLT-C406S/SEE;2;2;;P3X5APp0gxkaZwaENeeMx0;К-ж Samsung-hp CLT-C406S/SEE  CLP-360/365/368/CLX-3300/05 1.0K Cyan S-print by HP (ST986A);40.4976;9b3f7276-3530-11eb-0a80-065300159c81
CLT-C506L/SEE;2;2;;llPwLXEEhGxIeUYVGIu0X3;К-ж SAMSUNG-hp CLT-C506L/SEE синий для CLP-680/CLX-6260 3.5K Cyan S-print by HP (SU040A);64.5213;9b414158-3530-11eb-0a80-065300159c89
CLT-C506L/SEE;2;2;;mcrDYGTNjqlv7-ZWbBGQn0;К-ж Samsung CLP-680-серия увеличенный голубой CLT-C506L;64.5213;9b1c4b74-3530-11eb-0a80-065300159be9
CLT-K404S/XEV;2;2;1328-or;0-rkvQsbgkKSiLtGXBpKk0;К-ж SAMSUNG-hp CLT-404-серия черный для SL-C430/C430W/C480/C480W/C480FW, S-print by HP (SU108A);47.4347;9b3cd089-3530-11eb-0a80-065300159c75
CLT-K404S/XEV;2;2;;5KVH0WHwgFoxqgRf3TLv11;К-ж Samsung CLT-404-серия черный для SL-C430/C430W/C480/C480W/C480FW оригинал CLT-K404S;47.4347;9b22d3e2-3530-11eb-0a80-065300159c05
CLT-K406S/SEE;2;2;;3qmsxE4Ri50U0OtQq56Xr2;К-ж Samsung CLT-406-серия черный для CLP-360/365/368/CLX-3300/3305  оригинал CLT-K406S;40.804;9b26aead-3530-11eb-0a80-065300159c15
CLT-K406S/SEE;2;2;;RWd1oPkKinZ7LiNcC4pUa2;К-ж Samsung-hp CLT-K406S/SEE  CLP-360/365/368/CLX-3300 1.5K Black S-print by HP (SU120A);43.362;9b4305d3-3530-11eb-0a80-065300159c91
CLT-K407S/SEE;2;2;;4ryToeNhg7N-59-DsqAVW1;К-ж Samsung CLT-407-серия черный для CLP-320/325/CLX-3185 оригинал CLT-K407S;38.1517;9b2bfcd1-3530-11eb-0a80-065300159c2d
CLT-K407S/SEE;2;2;;Noo0qVzNintPeBFGRSXRR2;Картридж Samsung-HP  CLT-K407S/SEE (SU132A) CLP-320/325/CLX-3185 1.5K Black S-print by HP;54.9198;9b5f066b-3530-11eb-0a80-065300159d05
CLT-K506L/SEE;2;2;;5mZJ1n8lgE-MNrPv0AGZX3;К-ж Samsung CLP-680-серия увеличенный черный CLT-K506L;70.5909;9b1efdfd-3530-11eb-0a80-065300159bf5
CLT-K506L/SEE;2;2;;iX2RD6CZgJELG00L8zv2n2;К-ж SAMSUNG-hp CLT-K506L/SEE черный для CLP-680/CLX-6260 6.0K Black S-print by HP (SU173A);70.5909;9b452fa4-3530-11eb-0a80-065300159c99
CLT-M404S/XEV;2;2;;4OiGBr4ZiqdDK8lzN0E4k3;К-ж Samsung CLT-404-серия пурпурный для SL-C430/C430W/C480/C480W/C480FW оригинал CLT-M404S;37.1;9b21db14-3530-11eb-0a80-065300159c01
CLT-M404S/XEV;2;2;1329-or;hJXArpVZjBcwlNxCj2BSD0;К-ж SAMSUNG-hp CLT-404-серия пурпурный для SL-C430/C430W/C480/C480W/C480FW, S-print by HP (SU242A);37.1;9b3db157-3530-11eb-0a80-065300159c79
CLT-M406S/SEE;2;2;;051CPLTkhQboo7C3U3xjc1;К-ж Samsung CLT-406-серия пурпурный для CLP-360/365/368/CLX-3300/3305  оригинал CLT-M406S;30.093;9b25bc08-3530-11eb-0a80-065300159c11
CLT-M406S/SEE;2;2;0794sf;0794;К-ж Samsung-hp CLT-M406S/SEE  CLP-360/365/368/CLX-3300/05 1.0K Magenta S-print by HP (SU254A);30.093;9b4834a6-3530-11eb-0a80-065300159ca5
CLT-M506L/SEE;2;2;;kQSX0z0yhzZOkHDls8gma1;К-ж Samsung CLP-680-серия увеличенный пурпурный CLT-M506L;64.5213;9b1def63-3530-11eb-0a80-065300159bf1
CLT-M506L/SEE;2;2;;l36fWLk9io-QKPE0i-kEQ3;К-ж SAMSUNG-hp CLT-M506L/SEE пурпурный для CLP-680/CLX-6260 3.5K Magenta S-print by HP (SU307A);64.5213;9b49fd35-3530-11eb-0a80-065300159cad
CLT-R406;2;2;;NtkUJTagh1Hw8SYnWNLnK0;Барабан SAMSUNG CLT-R406 к Samsung CLP-360/365/368/CLX-3300/3305 оригинал;98.5958;9aaa6d3c-3530-11eb-0a80-065300159a01
CLT-R406;2;2;;ZnNy56XFiA7ATxfdzVjLG0;SU403A Барабан hp-SAMSUNG CLT-R406 к Samsung CLP-360/365/368/CLX-3300/3305 оригинал;99.2353;9aa5e7fa-3530-11eb-0a80-0653001599ed
CLT-R607K;2;2;;Uhd--N8Ch830EnSitLiFy2;Барабан Samsung-hp CLT-R607K CLX-9250/52/9350/52 BLACK 75K (SS660A);94.4827;40a1743b-b238-11eb-0a80-09d300529b7f
CLT-R607K;2;2;;Xte8UKElh876VZp7Oln7q3;Барабан Samsung CLT-R607K CLX-9250/52/9350/52 BLACK 75K;103.8462;9aae1f6f-3530-11eb-0a80-065300159a11
CLT-W809/SEE;2;2;;0lkhrALHgEK-I9Oq7duRz0;Бункер CLT-W809/SEE SAMSUNG-hp для CLX-9201/9251/9301 50K (SS704A);0.0;9abe55b1-3530-11eb-0a80-065300159a55
CLT-W809/SEE;2;2;;llMlwEWahUzAKj5TIffw02;Контейнер для отработанного тонера CLT-W809/SEE Samsung CLX-9201/9251/9301 50K;0.0;9b799d5f-3530-11eb-0a80-065300159d76
CLT-Y404S/XEV;2;2;;fXyQ6z4miCIIaVte86gVm3;К-ж Samsung CLT-404-серия желтый для SL-C430/C430W/C480/C480W/C480FW оригинал CLT-Y404S;37.1;9b20e010-3530-11eb-0a80-065300159bfd
CLT-Y404S/XEV;2;2;;JLA8AKWWiMrWhE4A3Ldwm2;К-ж SAMSUNG-hp CLT-404-серия желтый для SL-C430/C430W/C480/C480W/C480FW, S-print by HP (SU452A);37.1;9b3e94e1-3530-11eb-0a80-065300159c7d
CLT-Y406S/SEE;2;2;;77EY8v4Vigm7duLYWfTgz3;К-ж Samsung-hp CLT-Y406S/SEE  CLP-360/365/368/CLX-3300/05 1.0K Yellow S-print by HP (SU464A);40.4976;9b4bbda6-3530-11eb-0a80-065300159cb5
CLT-Y406S/SEE;2;2;;867Ui1AvgXKZ0uoyNkpBi0;К-ж Samsung CLT-406-серия желтый для CLP-360/365/368/CLX-3300/3305  оригинал CLT-Y406S;31.6231;9b24c9ca-3530-11eb-0a80-065300159c0d
CLT-Y506L/SEE;2;2;;0aghf4K4hekNLM-seWgCc1;К-ж Samsung CLP-680-серия увеличенный желтый CLT-Y506L/SEE;64.5213;9b1d26a0-3530-11eb-0a80-065300159bed
CLT-Y506L/SEE;2;2;;vJb9CNAMiIHmX3IMK689w1;К-ж SAMSUNG-hp CLT-Y506L/SEE желтый для CLP-680/CLX-6260 3.5K Yellow S-print by HP (SU517A);64.5213;9b4d8dc6-3530-11eb-0a80-065300159cbd
CS-T31;2;2;5290cs;5290;Картридж лазерный Cactus deli T31 CS-T31 черный (3500стр.) для Deli P3100/M3100;22.7744;febf0069-20c1-11ef-0a80-000b006ddc5d
CS-T31;2;2;7086cs;7086;Картридж лазерный Cactus deli T31 CS-T31 черный (3500стр.) для Deli P3100/M3100;22.7744;51594e53-81c8-11f1-0a80-04d5000adebd
CS-THPCHUBK-100;2;2;7119cs;7119;Тонер Cactus CS-THPCHUBK-100 черный флакон 100гр. для принтера HP Color Universal CF540A/CF400A/CF410A/CF400A/CE310;2.76;84351170-8409-11f1-0a80-100600632ccc
CS-THPCHUBK-100;2;2;7120cs;7120;Тонер Cactus CS-THPCHUBK-100 черный флакон 100гр. для принтера HP Color Universal CF540A/CF400A/CF410A/CF400A/CE310;2.69;85d73e46-842a-11f1-0a80-06960030172b
CS-THPCHUС-100;2;2;7119cs;7119;Тонер Cactus CS-THPCHUС-100 голубой флакон 100гр. для принтера HP Color Universal CF540A/CF400A/CF410A/CF400A/CE310;3.68;bef5a8b0-842a-11f1-0a80-051f002f9cb1
CS-THPCHUС-100;2;2;7120cs;7120;Тонер Cactus CS-THPCHUС-100 голубой флакон 100гр. для принтера HP Color Universal CF540A/CF400A/CF410A/CF400A/CE310;3.68;8453d324-8409-11f1-0a80-100600632cd2
DR-3000;2;2;3533pl;3533;Барабан DR-3000 PL;165.0;2505e2fe-0163-11e6-7a69-93a7001739bd
DR-3000;2;2;;8qQgNvjygZIsvGd4UnZdS1;Драм к-ж BROTHER HL-5130/4050D/70DN DR-3000;165.0;9a502a4c-3530-11eb-0a80-06530015989a
DV-350;2;2;;65FKT8UVgMnzJeEOieglz2;Блок проявки изображения для Kyocera FS-3920DN DV-350;54.5;9954aead-3530-11eb-0a80-0653001594bf
DV-350;2;2;;sJdGAlENgPZFUYPq2GXHk0;Блок проявки изображения для Kyocera FS-3920DN DV-350 арт. 302LW93010;77.4573;98f1b511-862d-11eb-0a80-005a003de8c7
E 16/1492A003;2;2;;5du8PcJ1i2ofOtzHOtjER2;К-ж E 16 CANON FC2xx/3xx/530, Франция (клеенные);42.2;98963a5d-3530-11eb-0a80-0653001591d0
E 16/1492A003;2;2;;880OTtC6jWJitqrBPgtpy3;К-ж E 16 CANON FC2xx/3xx/530, Азия (разборные);136.5;98954786-3530-11eb-0a80-0653001591cc
E 30/1491A003;2;2;0018-or;Ae7RxY23g10efTrIg1fp-3;Картридж E30 OR;100.0;7b9a9a8d-8c1c-11e9-9ff4-34e80002a067
E 30/1491A003;2;2;;vz9uou9XhZYYy30qb44gX2;К-ж E 30  CANON FC210/330, Оригинал;101.5;98973686-3530-11eb-0a80-0653001591d4
F6U18AE;2;2;;0jRn6lx9hlvNRmkMBucds0;К-ж HP F6U18AE №953XL High Yield Yellow (желтый);32.4951;a2b4eee5-3530-11eb-0a80-06530015b76f
F6U18AE;2;2;2186-or;2186;Картридж 953XL Y OR;42.365;b903d50f-34ef-11e9-9ff4-3150000ecfbe
F6V18AE;2;2;2706sf;2706;* Восстановленный картридж 123xl Col HP;55.3918;ce343b49-aa77-11e7-6b01-4b1d0005e3b2
F6V18AE;2;2;;8nSxAeIOjYXeloZC9ffBc2;К-ж HP F6V18AE №123XL для HP Deskjet Ink,   Tri-colour (Цветной);56.8042;a2b8e79d-3530-11eb-0a80-06530015b77b
F6V19AE;2;2;2705sf;2705;* Восстановленный картридж 123XL BK HP;43.3646;b54f2428-aa77-11e7-7a34-5acf00057334
F6V19AE;2;2;;JPPr418gitoeK-GtxbbWT1;К-ж HP F6V19AE №123XL для HP Deskjet Ink,  Black (Черный);56.536;a2badd2b-3530-11eb-0a80-06530015b783
F6V25AE;2;2;;siafz-Yqg1b5-eY4qBlTh1;F6V25AE Картридж HP 652 Black (Черный);16.4604;e32e53a9-6148-11eb-0a80-03a800063de0
F6V25AE;2;2;;Z28SuBJeiHRATmTeAKpAb3;К-ж HP F6V25AE  652 Black (Черный);14.8;a2bd028d-3530-11eb-0a80-06530015b78b
GP_T31;2;2;5290gp;5290;Тонер-картридж GP-T31 для принтеров Deli P3100/M3100 3500 копий GalaPrint;8.2679;abac8706-388c-11f1-0a80-11e60005b8ae
GP_T31;2;2;7086gp;7086;Тонер-картридж GP-T31 для принтеров Deli P3100/M3100 3500 копий GalaPrint;8.2679;36633dea-7f64-11f1-0a80-182d000a08ea
LC970M;2;2;0593sf;0593;Картридж LC-970M Brother;8.9723;2875aa4b-b344-11e7-7a31-d0fd000e21eb
LC970M;2;2;;1Qu92tCCh9ryuaupPOZe90;Картридж BROTHER LC970M красный;8.9723;a590764b-3530-11eb-0a80-06530015c1dc
LC970Y;2;2;0594sf;0594;Картридж LC-970Y Brother;9.5556;8f28c84e-b344-11e7-6b01-4b1d000e3130
LC970Y;2;2;;92yy-553iMWh54hhf10Xd3;Картридж BROTHER LC970Y желтый;9.5556;a5919442-3530-11eb-0a80-06530015c1e0
LDELI-T31;2;2;5290ep;5290;T31 Картридж EasyPrint LDELI-T31 для DELI P3100/M3100 (3500стр.) черный, с чипом;18.9644;647e1d73-b0a9-11ef-0a80-11b9019d2984
LDELI-T31;2;2;7086ep;7086;T31 Картридж EasyPrint LDELI-T31 для DELI P3100/M3100 (3500стр.) черный, с чипом;18.9644;5b8b9057-81c9-11f1-0a80-13c5000b1a98
ML-D3050B;2;2;0026sq;0026;* СПБ* Картридж ML-3050;17.33;0832176b-8125-4c67-bfaf-6177f9648041
ML-D3050B;2;2;;5O1RuR91i8mLZjWshu1bI3;К-ж ML-D3050B Samsung  к ML-3050/3051 увеличенный, оригинал;88.9587;9acf8b77-3530-11eb-0a80-065300159aa5
MLT-D101S/SEE;2;2;;DpNTVlyIhh47PNg27USwW1;Картридж SAMSUNG-HP  MLT-D101S/SEE (SU698A) ML-2160/65/SCX-3400/05  S-print by HP;33.3573;9b62caf7-3530-11eb-0a80-065300159d11
MLT-D101S/SEE;2;2;;nARNwJrJhTCPU5Eh1wDh80;К-ж MLT-D101S Samsung  к ML-2160/65/SCX-3400/05  оригинал;33.3573;9ad3e041-3530-11eb-0a80-065300159ab9
MLT-D103L/SEE;2;2;;TCpDqRLBjlc8y-FolS44g2;Картридж SAMSUNG-HP MLT-D103L/SEE (SU718A) ML-2955ND/DW/SCX-472x 2.5K S-print by HP;43.3543;9b639aed-3530-11eb-0a80-065300159d15
MLT-D103L/SEE;2;2;;wQimCYWagd88sEHwLQHH43;К-ж MLT-D103L Samsung  к ML-2955ND/DW увеличенный оригинал;43.3543;9ad5bd7d-3530-11eb-0a80-065300159ac1
MLT-D104S/SEE;2;2;;hMEU3Mfwg1rYxIZ-QF7Ye1;Картридж SAMSUNG-HP  MLT-D104S/SEE (SU748A) ML-1660/65/1860/65/SCX-3200/3205 1.5K S-print by HP;34.6834;9b6467f2-3530-11eb-0a80-065300159d19
MLT-D104S/SEE;2;2;;JwsIyPfYh2YtmP02QW0sN0;К-ж MLT-D104S Samsung  к ML-1660/65/1860/65/SCX3200/05 увеличенный оригинал;34.6834;9ad77272-3530-11eb-0a80-065300159ac9
MLT-D105L/SEE;2;2;;41w0RbThiQrPAyX0f77dv3;К-ж MLT-D105L Samsung  к ML-1910/1915/2525/2580N/SCX4600 увеличенный оригинал;50.0869;9ad927d0-3530-11eb-0a80-065300159ad1
MLT-D105L/SEE;2;2;;te9K2y8HjcbwV-MpGfoMO1;Картридж SAMSUNG-HP MLT-D105L/SEE (SU768A) ML-1910/15/2525/SCX-4600/23 2.5K S-print by HP;50.0869;9b654143-3530-11eb-0a80-065300159d1d
MLT-D105S/SEE;2;2;;7LjSIZ78j3F9tDYOARj-B1;К-ж MLT-D105S Samsung  к ML-1910/1915/2525/2580N/SCX-4600 стандартный оригинал;35.6015;9ada0866-3530-11eb-0a80-065300159ad5
MLT-D105S/SEE;2;2;;WWgNoMOchBAPfO9X3j0MN0;Картридж SAMSUNG-HP MLT-D105S/SEE (SU776A) ML-1910/15/2525/SCX-4600/23 1,5K S-print by HP;35.6015;9b661878-3530-11eb-0a80-065300159d21
MLT-D108S/SEE;2;2;;5229PMXaguIeSYH267LRT2;К-ж MLT-D108S Samsung  к ML-1640/1641/2240/2241 оригинал;31.6231;9adcc6bd-3530-11eb-0a80-065300159ae1
MLT-D108S/SEE;2;2;;KjNT-G2qizicxvrEIGHyx2;Картридж SAMSUNG-HP  MLT-D108S/SEE (SU785A) ML-1640/1641/2240/2241 S-print by HP;31.6231;9b66fae2-3530-11eb-0a80-065300159d25
MLT-D111L/SEE;2;2;;7HDXacbOh46fCPFr8Y0fJ2;Картридж SAMSUNG-HP  MLT-D111L/SEE	 (SU801A) SL-M2020/W/2070/W/FW S-print by HP;31.0;9b67e32d-3530-11eb-0a80-065300159d29
MLT-D111L/SEE;2;2;;Msv20zXsgLNHLjuqQ0MQP2;К-ж MLT-D111L Samsung SL-M2020/W/2070/W/FW , черный;31.0;9ade881f-3530-11eb-0a80-065300159ae9
MLT-D111S/SEE;2;2;;PbHHSmfIg8SBCAi9Y3AEq1;Картридж Samsung-HP  MLT-D111S/SEE	 (SU812A) SL-M2020/W/2070/W/FW 1K S-print by HP;27.5427;9b68bd60-3530-11eb-0a80-065300159d2d
MLT-D111S/SEE;2;2;;uYI5LszDh0uwNCayGfs7e3;К-ж MLT-D111S Samsung SL-M2020 SL-M2020W SL-M2070 SL-M2070W, черный;27.5427;9adf60c7-3530-11eb-0a80-065300159aed
MLT-D115L/SEE;2;2;;CLngiAhdiUvMOHEmnXcC51;К-ж MLT-D115L Samsung к SL-M2620D/M2820ND/M2820DW, увеличенный, оригинал;47.9447;9ae04501-3530-11eb-0a80-065300159af1
MLT-D115L/SEE;2;2;;OPYjBLnOjy1TpmwetzRNn1;Картридж Samsung-HP  MLT-D115L/SEE	 (SU822A) SL-M2620/2820/2870 S-print by HP;47.9447;9b699a34-3530-11eb-0a80-065300159d31
MLT-D119S/SEE;2;2;;hC0oL1jyhPVVeZa1K4zrD3;Картридж Samsung-HP MLT-D119S/SEE (SU864A) ML-2015/4521 ML-1610D2/2010D3/SCX-4521D3 2K S-print by HP;28.28;9b6a7dbb-3530-11eb-0a80-065300159d35
MLT-D119S/SEE;2;2;;hUZXOCE7hjlDYRjBeu9ee3;К-ж MLT-D119S Samsung  к ML-1615/2015/SCX-4521 (замена ML-1610/2010/SCX-4521) оригинал;28.28;9ae20894-3530-11eb-0a80-065300159af9
MLT-D203E/SEE;2;2;;Jfq7x-IEjpcjuSmqo8rSZ3;К-ж MLT-D203E Samsung  к SL-M3820/3870/4020/4070, 10k, оригинал;91.809;9ae2ed4c-3530-11eb-0a80-065300159afd
MLT-D203E/SEE;2;2;;wsbz0hayg1biwKzZMjHAU1;Картридж Samsung-HP  MLT-D203E/SEE	 (SU887A) SL-M3820/3870/4020/4070 S-print by HP;91.809;9b6b629c-3530-11eb-0a80-065300159d39
MLT-D203L/SEE;2;2;;gX00ekTGjlDB0k2wxnW0x3;Картридж Samsung-HP  MLT-D203L/SEE (SU899A) SL-M3820/3870/4020/4070 S-print by HP;66.8166;9b6c6295-3530-11eb-0a80-065300159d3d
MLT-D203L/SEE;2;2;;wr8uFDDGguQmp149WL0lD3;К-ж MLT-D203L Samsung  к SL-M3820/3870/4020/4070, 5k, оригинал;66.8166;9ae3cedb-3530-11eb-0a80-065300159b01
MLT-D203S/SEE;2;2;;KdX8Y0GlgXKHl41mp9mF00;Картридж Samsung-HP  MLT-D203S/SEE	 (SU909A) SL-M3820/3870/4020/4070 S-print by HP;44.8844;9b6d646c-3530-11eb-0a80-065300159d41
MLT-D203S/SEE;2;2;;v8LathB4gihGHeKYH7C0P2;К-ж MLT-D203S Samsung  к SL-M3820/3870/4020/4070, 3k, оригинал;44.8844;9ae4af8f-3530-11eb-0a80-065300159b05
MLT-D203U/SEE;2;2;;gx9oxEHpjwGeuOFFFuwlz0;Картридж SAMSUNG-HP MLT-D203U/SEE для SL-M4020/4070 (SU917A) S-print by HP;96.0;9b6e5f7c-3530-11eb-0a80-065300159d45
MLT-D203U/SEE;2;2;;GxkU2ga-gqMzESHrp-rRW2;К-ж MLT-D203U Samsung  к SL-M4020/4070, 15k, оригинал;96.0;9ae586c3-3530-11eb-0a80-065300159b09
MLT-D205E/SEE;2;2;;KO9-y8UPiVs5NFs2mIe8D1;Картридж SAMSUNG-HP  MLT-D205E/SEE (SU953A) ML-3710/SCX-5637 10K S-print by HP;90.7889;9b6f3bc2-3530-11eb-0a80-065300159d49
MLT-D205E/SEE;2;2;;wToryIU8iesgkkX9zPRKY2;К-ж MLT-D205E Samsung  к ML-3710/SCX-5637  мега-увеличенный, оригинал;90.7889;9ae64fc4-3530-11eb-0a80-065300159b0d
MLT-D205L/SEE;2;2;;IgSTAId7h9b4Uu3w8crnR2;Картридж SAMSUNG-HP  MLT-D205L/SEE (SU965A) ML-3310/3710/SCX-4833/5637 5K S-print by HP;56.6156;9b7021bd-3530-11eb-0a80-065300159d4d
MLT-D205L/SEE;2;2;;ygubeKnShl8bCQcViiire2;К-ж MLT-D205L Samsung  к ML-3310/3710/SCX-4833/5637 увеличенный оригинал;56.6156;9ae72ad1-3530-11eb-0a80-065300159b11
MLT-D205S/SEE;2;2;;4dFBjEFVjJgOkppwhW4me0;Картридж Samsung-hp MLT-D205S/SEE (SU976A) ML-3310/3710/SCX-4833/5637 2K S-print by HP;34.4794;9b7110a1-3530-11eb-0a80-065300159d51
MLT-D205S/SEE;2;2;;h8dRdawagzmJuJH-J0jYf2;К-ж MLT-D205S Samsung  к ML-3310/3710/SCX-4833/5637 стандартный оригинал;34.4794;9ae807eb-3530-11eb-0a80-065300159b15
MLT-D209S/SEE;2;2;;9LxreES4j1T5QfuHg-8PL0;К-ж MLT-D209S Samsung  к ML-2855ND/SCX4824FN/4828FN стандартный оригинал;37.4377;9aec1d1e-3530-11eb-0a80-065300159b25
MLT-D209S/SEE;2;2;;UgeKDIIIj-tQD40YYsOMS1;Картридж Samsung-hp MLT-D209S/SEE (SV017A) SCX-4824/4828 2K S-print by HP;72.4284;9b720c06-3530-11eb-0a80-065300159d55
MLT-R309;2;2;;LF1D9BUXicCc2ht0daQ6x2;Барабан SAMSUNG MLT-R309 к Samsung ML-5510N/ML-5510ND/ML-6510ND, 80k стр., оригинал;0.0;9ab5d6a2-3530-11eb-0a80-065300159a31
MLT-R309;2;2;;xMMUJfDvhASijQ57ccUK32;Барабан Samsung-hp MLT-R309 к Samsung ML-5510N/ML-5510ND/ML-6510ND, 80k стр., оригинал, арт SV162A;0.0;9ab9c34b-3530-11eb-0a80-065300159a41
NV-CC530A/718Bk;2;2;0104nv;0104;Картридж CC530A/ 718 BK NV;11.9196;90046750-6aff-11e7-7a31-d0fd0020c262
NV-CC530A/718Bk;2;2;0714nv;0714;Картридж Canon 718 BK NV;10.6722;565cbb66-1623-11e3-3e2f-7054d21a8d1e
NV-CC532A/718Y;2;2;0106nv;0106;Картридж CC532A/ 718 Y NV;12.7765;d9606a23-6aff-11e7-7a6c-d2a900212cea
NV-CC532A/718Y;2;2;0717nv;0717;Картридж Canon 718 Y NV;11.9543;9b302ef3-1623-11e3-7563-7054d21a8d1e
NV-CC533A/718M;2;2;0107nv;0107;Картридж CC533A/ 718 M NV;12.7765;ea89709c-6aff-11e7-7a6c-d2a900212f27
NV-CC533A/718M;2;2;0716nv;0716;Картридж Canon 718 M NV;11.9543;86b75a84-1623-11e3-80f0-7054d21a8d1e
NV-CF283X/737;2;2;1168nv;1168;Картридж CF283X/ Canon 737 NV;7.3326;2e910afb-6b6e-11e6-7a69-8f550007034d
NV-CF283X/737;2;2;1276nv;1276;Картридж CF283X/ Canon 737 NV;6.8607;6d2d0ffc-da68-11e7-7a31-d0fd00065532
NV-D320T24KY;2;2;5605nv;5605;Картридж NVP совместимый NV-D320T24KY Yellow;76.472;02f58d84-51b9-11ef-0a80-09860083f02b
NV-D320T24KY;2;2;5606nv;5606;Набор картриджей D320T24K;76.472;850a6513-e16e-11f0-0a80-1607000888de
PC-211RB;2;2;;GTGgfx3Rgh8AfKCQlqN3A0;Заправочный комплект Pantum PC-211RB (тонер + чип, 1600стр.), оригинал;7.5;b1f61c30-87f4-11ec-0a80-0604002d6e66
PC-211RB;2;2;3257-or;iazm99i1gRTLaPiTpePTL1;Тонер Pantum PC-211RB черный флакон (в компл.:чип) для принтера Series P2200/2500/M6500/6550/6600;9.8592;3ceb57f4-1e4b-11eb-0a80-05d20008649b
PF-04/3630B001;2;2;;0RqGt-6SjBshD1CwDXBVI0;Печатающая головка PF-04 Canon iPF650/750/760/770/780;455.7;6031fd55-8173-11eb-0a80-06d800062062
PF-04/3630B001;2;2;;c7Ye3yLHi5TGyZfp7Icrd1;Печатающая головка PF-04 Canon;772.7775;a40e1d8d-3530-11eb-0a80-06530015bc2d
PG-40/0615B025;2;2;0182-or;0182;Картридж PG-40 BK OR;22.0;5e1545d9-a4ab-11ea-0a80-05080032e1d4
PG-40/0615B025;2;2;;sVZ7NiYri0u8ATsGNklit0;К-ж CANON PG-40 к Pixma MP150/170 черный;22.0;a3871f39-3530-11eb-0a80-06530015ba45
PG-445/8283B001;2;2;;172gKbPyiTOzKLvpvAJua1;К-ж CANON PG-445 к Pixma MG2440/2540 стандартный черный;31.0;a38bc011-3530-11eb-0a80-06530015ba55
PG-445/8283B001;2;2;;DBc1wyG7jfRum3pmf59572;Картридж PG-445 BK OR;16.3;034e7a6a-e02d-11e9-0a80-05c100022860
PG-460XL/3710C001;2;2;;-Cmo9u8di9406fZk9iUM63;К-ж CANON PG-460XL к Pixma MG5740/MG6840/MG7740   увеличенный черный;36.0;fa732ed3-87f4-11ec-0a80-0604002d7c96
PG-460XL/3710C001;2;2;;xfLjYiK8ht4sVxv7szvkG2;К-ж CANON PG-460XL к Pixma MG5740/MG6840/MG7740  черный;37.0;b7f1f66c-6173-11ec-0a80-00bc004c77b1
PGI-5BKTWIN PACK/0628B030;2;2;0139-or;5xldHKCDjkjexuynENwFH3;Картридж PGI-5BK TWIN (2 шт в упак) OR;22.0;14e078e5-0df0-11eb-0a80-04c30004f1f7
PGI-5BKTWIN PACK/0628B030;2;2;;np5PWHQiiHJliz5Af8i1X2;К-ж CANON PGI-5BK Pixma MP500/800/IP5200/5200R/4200 2 шт/уп. 0628B025;22.45;a3b9c3fc-3530-11eb-0a80-06530015baf9
Q2610A;2;2;0001;0001;Картридж Q2610A;75.3732;ee7a50ed-1106-49f2-aa82-972eada383f4
Q2610A;2;2;;bjhpltnFhcqeIhCPIqwN53;Q2610A  К-ж HP LJ 2300/D/N/DN/DTN/L ориг.;47.953;9801c57d-3530-11eb-0a80-065300158f4d
Q5949XC;2;2;;1ll3sO6ZjM3K1nPHT41il3;Q5949ХC  К-ж HP LJ 1320 ориг. 6000 копий;121.0252;9819afa3-3530-11eb-0a80-065300158fbd
Q5949XC;2;2;;kcd3jZEji-h81mGbqJLqE3;Картридж Q5949X OR;110.8078;4b97bc8a-1f02-11e9-9109-f8fc00065cbe
Q7551A;2;2;0025;0025;Картридж Q7551A;104.6529;7ae158df-df0a-4007-bdba-3ea55efa79b4
Q7551A;2;2;;T01BFglmgZQUZ3Glxiu8Z2;Q7551A  К-ж HP LJ 3005/M3027/3035 mfp ресурс 6500 страниц оригинал;107.7995;982ec8c8-3530-11eb-0a80-065300159021
S015307BA;2;2;4599ep;4599;Картридж EasyPrint ME-630 для Epson LQ-630/630S (2 млн. зн.);1.5426;7bbab27d-fab4-11ef-0a80-15c200001a20
S015307BA;2;2;;aFrcKHxEitDc0GVThBg9j0;S015307BA К-ж EPSON LQ-630 оригинал;0.0;a5ade8f0-3530-11eb-0a80-06530015c233
SAPCM130;2;2;5944sk;5944;$_СРОЧНО Фотобарабан Sakura PCM130 для принтера Катюша (Katusha) P130/M130, черный, 30000к.;0.0;e42ba784-5e94-11f0-0a80-044e00137912
SAPCM130;2;2;5952sk;5952;Фотобарабан Sakura PCM130 для принтера Катюша (Katusha) P130/M130, черный, 30000к.;7.1471;aa806c64-791a-11f1-0a80-1dbb002c4385
SAT31;2;2;5290sk;5290;Картридж Sakura T31 для Deli  P3100/M3100, черный, 3500к.;0.0;2b72035f-037f-11f0-0a80-171300006854
SAT31;2;2;7086sk;7086;Картридж Sakura T31 для Deli  P3100/M3100, черный, 3500к.;0.0;f3673906-81c8-11f1-0a80-0170000b95c6
SP312201_MSK;2;2;1163sp;1163;Картридж SP CF540X-CF400X-054H-045H для HP и Canon черный;5.0;ba2de74b-00ea-11f1-0a80-0bb4000c2bde
SP312201_MSK;2;2;2157sp;2157;Картридж SP CF540X-CF400X-054H-045H для HP и Canon черный;4.91;eeda538a-7c34-11f1-0a80-115a000699fa
SP312202_MSK;2;2;1164sp;1164;Картридж SP CF541X-CF401X-054H-045H для HP и Canon голубой;5.0;f1e93870-00ea-11f1-0a80-0de2000d6d51
SP312202_MSK;2;2;2158sp;2158;Картридж SP CF541X-CF401X-054H-045H для HP и Canon голубой;4.93;eeeb58dc-7c34-11f1-0a80-115a00069a02
SP312205_MSK;2;2;1166sp;1166;Картридж SP CF543X-CF403X-054H-045H для HP и Canon пурпурный;5.0;67196671-00eb-11f1-0a80-1579000e1856
SP312205_MSK;2;2;2160sp;2160;Картридж SP CF543X-CF403X-054H-045H для HP и Canon пурпурный;4.93;ef0bbfce-7c34-11f1-0a80-115a00069a12
SP353637;2;2;5290sp;5290;Картридж SP T31-EA1 для Deli черный;8.5;495568d7-7f94-11f0-0a80-16d300256f28
SP353637;2;2;7086sp;7086;Картридж SP T31-EA1 для Deli черный;8.5;d7c036d3-81c8-11f1-0a80-1e67000b7001
SP353637_MSK;2;2;5290sp;5290;Картридж SP T31-EA1 для Deli черный;8.5;b5b576d7-a83a-11f0-0a80-1453004674ce
SP353637_MSK;2;2;7086sp;7086;Картридж SP T31-EA1 для Deli черный;8.5;c0091eab-81c8-11f1-0a80-1a9f000aa96a
T12844010;2;2;0191-or;0191;Картридж T1284 желтый Orig.;6.1268;75e17db2-a77d-11e7-6b01-4b1d001657c7
T12844010;2;2;;GcA1u6zXikqK-MhWoXrdP2;К-ж EPSON T12844010 S22/SX125 желтый;7.095;a4a61a69-3530-11eb-0a80-06530015be2c
TK-1160;2;2;2163ut;2163;Совместимый картридж UNITON Premium TK-1160;84.6;8c7082a8-25df-11ed-0a80-02ad001b8a11
TK-1160;2;2;;qLdrlr5fhpDbDF9sSf0NA2;Тонер К-ж Kyocera TK-1160 для P2040dn/P2040dw, 7200стр., оригинал, арт. 1T02RY0NL0;115.5;99a9bb6f-3530-11eb-0a80-065300159647
TK-120;2;2;0118sq;0118;Картридж TK-120;5.8275;5f50cd65-66e9-4807-aaa1-780d577f6cf7
TK-120;2;2;;6Se0yO1zhWR80dbfrMChF1;Тонер К-ж Kyocera TK-120 FS-1030D оригинал;0.0;996df181-3530-11eb-0a80-06530015952f
TK-3160;2;2;;nnvCpztJiPqdpIBFAwepH3;Тонер К-ж Kyocera TK-3160 для P3045dn/P3050dn/P3055dn/P3060dn (12 500 стр.)  арт. 1T02T90NL1;99.9;99ab6db4-3530-11eb-0a80-06530015964f
TK-3160;2;2;;z7d0iVufjEDE9YGfjTvbZ2;Тонер К-ж Kyocera TK-3160 для P3045dn/P3050dn/P3055dn/P3060dn (12 500 стр.)  арт.1T02T90NL1;99.5;81697eae-92ed-11ec-0a80-098e002b8c03
TK-5220C;2;2;2168-or;2168;Тонер-картридж Kyocera TK-5220C;49.0;586b7b91-d55c-11ea-0a80-017f002c424e
TK-5220C;2;2;;3s3Si6gwg9nGB4r0nIOXC0;Тонер-картридж Kyocera TK-5220C  Cyan для P5021cdn/cdw, M5521cdn/cdw (1 200 стр.), арт. 1T02R9CNL1;75.2544;99ee59cb-3530-11eb-0a80-06530015975b
TK-5220K;2;2;2167-or;2167;Тонер-картридж Kyocera TK-5220K;66.798;c7d935b4-d55c-11ea-0a80-0678002da25b
TK-5220K;2;2;;N2tWVzJ-jiMFuaAN0aBLm2;Тонер-картридж Kyocera TK-5220K  Black для P5021cdn/cdw, M5521cdn/cdw (1 200 стр.), арт. 1T02R90NL1;47.0;99eb7bae-3530-11eb-0a80-06530015974f
TK-5220M;2;2;2169-or;2169;Тонер-картридж Kyocera TK-5220M;75.2544;7b611e68-d55c-11ea-0a80-02e9002daa68
TK-5220M;2;2;;wlGz7riXiYbr7r4U5s4oU2;Тонер-картридж Kyocera TK-5220M Magenta для P5021cdn/cdw, M5521cdn/cdw (1 200 стр.), арт. 1T02R9BNL1;49.0;99ed6dd2-3530-11eb-0a80-065300159757
TK-5220Y;2;2;2170-or;2170;Тонер-картридж Kyocera TK-5220Y;75.2544;a55489d2-d55c-11ea-0a80-02ea002cfaf9
TK-5220Y;2;2;;avqs-bK1j9XnRglT0IIi-3;Тонер-картридж Kyocera TK-5220Y  Yellow для P5021cdn/cdw, M5521cdn/cdw (1 200 стр.), арт. 1T02R9ANL1;49.4;99ec7d6e-3530-11eb-0a80-065300159753
TN-130Y;2;2;0574;0574;Картридж TN-130Y, желтый;80.0;6bc4cd4b-7b23-11ea-0a80-067300073e44
TN-130Y;2;2;;Cj0pTLNJj8SUKKKlSJJhM3;Тонер-картридж BROTHER TN-130Y MFC-9440CN/HL-4040CN 1500 страниц желтый оригинал;80.0;9a865cdc-3530-11eb-0a80-06530015996e
TN-3230;2;2;1615;1615;Картридж TN-3230;0.0;e70c7c17-b1db-11e8-9ff4-3150000431f6
TN-3230;2;2;;mNgqVUMwi2E-9e-MWpOnR0;Тонер к-ж BROTHER TN-3230 HL-5340D/5350DN/5370DW 3000 стр ориг;68.2;9a7bd6da-3530-11eb-0a80-065300159942
TN-3330;2;2;1616;1616;Картридж TN-3330;0.0;709ada08-fc76-11e9-0a80-06ae00026004
TN-3330;2;2;;1xZT43Tsjtkr7YdyN5muS3;Тонер к-ж BROTHER TN-3330 HL5440D/5450DN/5470DW/6180DW 3000 стр ориг;73.0;9a7d9b48-3530-11eb-0a80-06530015994a
W1106A;2;2;;rzB7WQSLgpr1tlEqameya3;W1106A  К-ж HP 106A лазерный черный (1000 стр), ориг.;53.65;983ffba1-3530-11eb-0a80-065300159075
W1106A;2;2;;utkUkPB2iTuqTpYcpRJDd3;Картридж 106A OR;52.084;fe329ed0-78b7-11ea-0a80-00e3000490fe
WB Deli T200;2;2;5288wb;5288;Картридж для Deli T200 P2000s/M2000s 4.5K White Box (Совместимый);7.861;8e79e762-4e0a-11f1-0a80-17c8003e635a
WB Deli T200;2;2;7080wb;7080;Картридж для Deli T200 P2000s/M2000s 4.5K White Box (Совместимый);8.0702;e80e456b-7c34-11f1-0a80-115a0006968f
WB Deli T31;2;2;5290wb;5290;Картридж для Deli T31 P3100/M3100  3.5K White Box (Совместимый);8.316;a3421d12-4739-11ef-0a80-00be003bed24
WB Deli T31;2;2;7086wb;7086;Картридж для Deli T31 P3100/M3100  3.5K White Box (Совместимый);8.316;a00e6497-81c8-11f1-0a80-0eee000b0366
WB PCM130 DRUM;2;2;5944wb;5944;Картридж для КАТЮША P130/M130 DRUM 30K White Box (Совместимый);0.0;34dafcd5-037f-11f0-0a80-171300006e6b
WB PCM130 DRUM;2;2;5952wb;5952;Картридж для КАТЮША P130/M130 DRUM 30K White Box (Совместимый);7.1124;74fec738-791a-11f1-0a80-0137002beedd
X4E40AE;2;2;3737sf;3737;Картридж GT51XL Черный HP;16.1782;8d8b90f4-130a-11e8-9107-50480005ee50
X4E40AE;2;2;;Vym2ZE4igcmWwK8v9MPwa0;К-ж HP (Чернила) X4E40AE   GT51XL Черный (135 мл) GT5810/5820 6000 стр. оригинал;16.6505;a126c99f-3530-11eb-0a80-06530015b1ff
CN053AE;3;1;CN053AE;CN053AE;Картридж HP 932XL Bk OR;50.0425;3ee36504-9f29-11ea-0a80-05d80004110b
CN053AE;3;1;CN053AE;CN053AE;К-ж HP CN053AE HP 932XL Officejet (1000 страниц) черный;50.3671;a275f655-3530-11eb-0a80-06530015b69a
CN053AE;3;1;CN053AE;CN053AE;Картридж HP №932XL (CN053AE) черный;0.0;77206946-19dc-11ec-0a80-01ce002bbe26
CN054AE;3;1;CN054AE;CN054AE;Картридж HP №933XL (CN054AE) голубой;25.9;1979aa64-a434-11eb-0a80-04690006aa32
CN054AE;3;1;CN054AE;CN054AE;К-ж HP CN054AE HP 933XL Officejet (825 страниц) голубой;26.068;a2770916-3530-11eb-0a80-06530015b69e
CN054AE;3;1;CN054AE;CN054AE;Картридж HP 933XL Cyan OR;13.8539;599ae0f4-9f29-11ea-0a80-012d000401e6
CN055AE;3;1;CN055AE;CN055AE;К-ж HP CN055AE HP 933XL Officejet (825 страниц) пурпурный;26.068;a2787973-3530-11eb-0a80-06530015b6a2
CN055AE;3;1;CN055AE;CN055AE;Картридж HP 933XL Magenta OR;25.9;77e31594-9f29-11ea-0a80-03690003b0bb
CN055AE;3;1;CN055AE;CN055AE;Картридж HP №933XL (CN055AE) пурпурный;0.0;194def08-a434-11eb-0a80-02b10006b9b9
CN056AE;3;1;CN056AE;CN056AE;Картридж HP №933XL (CN056AE) желтый;25.9;192701d8-a434-11eb-0a80-035d0006c39d
CN056AE;3;1;CN056AE;CN056AE;К-ж HP CN056AE HP 933XL Officejet (825 страниц) желтый;26.068;a279ebd6-3530-11eb-0a80-06530015b6a6
CN056AE;3;1;CN056AE;CN056AE;Картридж HP 933XL Yellow OR;13.8539;91086390-9f29-11ea-0a80-05d800041c45
F6V17AE;3;1;F6V17AE;F6V17AE;К-ж HP F6V17AE №123 для HP Deskjet Ink,  Black (Черный);17.6675;a2b70341-3530-11eb-0a80-06530015b777
F6V17AE;3;1;F6V17AE;F6V17AE;Картридж HP 123 Black Original;17.7821;bb96d0c2-ae53-11e7-6b01-4b1d00035677
F6V17AE;3;1;F6V17AE;F6V17AE;Картридж F6V17AE (№123) черный;8.87;4c4adc54-8016-11eb-0a80-084300172141
wb7lcevdr4;3;1;wb7lcevdr4;wb7lcevdr4;Браслет из натурального жемчуга с сердцем;0.0;cf308316-a503-11ef-0a80-0d53002980b5
wb7lcevdr4;3;1;wb7lcevdr4;wb7lcevdr4;Браслет из натурального жемчуга на руку Древо жизни;0.0;738f23af-401e-11ef-0a80-00ac00072351
wb7lcevdr4;3;1;wb7lcevdr4;wb7lcevdr4;Браслет из натурального жемчуга на руку Инфинити;0.0;0a4cf120-4c01-11ef-0a80-072c0037d4ac
7Q-TN416;2;1;6523msk;6523;Набор картриджей TN419/ TN426/ TN439/ TN449/ TN459 для Brother;0.0;0643626f-804a-11f0-0a80-01ee001b73a2
7Q-TN416;2;1;6523spb;6523;Набор картриджей TN419/ TN426/ TN439/ TN449/ TN459 для Brother;0.0;6259b1ac-804a-11f0-0a80-0b42001c37ac
BFKYEM8124180-BFKYEM8124210;2;1;7064msk;7064;Набор картриджей TK-8118 Kyocera совместимый;41.8488;88f6e307-7196-11f1-0a80-113c0024ebcf
BFKYEM8124180-BFKYEM8124210;2;1;7064spb;7064;Набор картриджей TK-8118 Kyocera совместимый;41.8488;e149feca-7179-11f1-0a80-1b070032859e
CS-TN217;2;1;1438cs;1438;Картридж лазерный Cactus CS-TN217 TN-217 черный (17500стр.) для Konica Minolta bizhub 223/283/363/423;8.7;572c8d90-3baa-11f0-0a80-15c80008a078
CS-TN217;2;1;1438cs;1438;Картридж лазерный Cactus CS-TN217 TN-217 черный (17500стр.) для Konica Minolta bizhub 223/283/363/423;14.6464;416250d4-1e4b-11eb-0a80-05d200086f87
CS-TN221C;2;1;2634cs;2634;Картридж лазерный Cactus CS-TN221C TN-221C голубой (21000стр.) для Konica Minolta bizhub C227/C287;55.8496;4163efe0-1e4b-11eb-0a80-05d200086f8b
CS-TN221C;2;1;2634cs;2634;Картридж лазерный Cactus CS-TN221C TN-221C голубой (21000стр.) для Konica Minolta bizhub C227/C287;27.46;81e6c79b-0d68-11f1-0a80-02a8003e8d6f
CS-TN-321M;2;1;2032cs;2032;Картридж лазерный Cactus CS-TN-321M СS-TN-321M пурпурный (25000стр.) для Konica Minolta bizhub C224/C224e/C284/C284e/C364;34.78;f60bff9e-6abb-11eb-0a80-09720009d1d5
CS-TN-321M;2;1;2032cs;2032;Картридж лазерный Cactus CS-TN-321M СS-TN-321M пурпурный (25000стр.) для Konica Minolta bizhub C224/C224e/C284/C284e/C364;43.19;77d36d99-84c5-11f0-0a80-131600386d50
CS-TN-321Y;2;1;2033cs;2033;Картридж лазерный Cactus CS-TN-321Y СS-TN-321Y желтый (25000стр.) для Konica Minolta bizhub C224/C224e/C284/C284e/C364;34.78;29215fb3-6abc-11eb-0a80-02d9000986f5
CS-TN-321Y;2;1;2033cs;2033;Картридж лазерный Cactus CS-TN-321Y СS-TN-321Y желтый (25000стр.) для Konica Minolta bizhub C224/C224e/C284/C284e/C364;43.19;77dd4dbe-84c5-11f0-0a80-131600386d5d
EFKYEM8130010-EFKYEM8130040;2;1;7070msk;7070;Набор картриджей TK-8128 Kyocera совместимый;49.3688;c44c599a-7196-11f1-0a80-1da600263c26
EFKYEM8130010-EFKYEM8130040;2;1;7070spb;7070;Набор картриджей TK-8128 Kyocera совместимый;49.3688;e2472851-7179-11f1-0a80-1b070032863e
EFRXSC2022010-EFRXSC2022040;2;1;7075msk;7075;Набор картриджей CT202952-CT202955 Fuji Xerox совместимый;36.8856;d7758c0d-7196-11f1-0a80-113c0024f11b
EFRXSC2022010-EFRXSC2022040;2;1;7075spb;7075;Набор картриджей CT202952-CT202955 Fuji Xerox совместимый;36.8856;e35b3732-7179-11f1-0a80-1b07003286c6
F6V16AE;2;1;F6V16AE;F6V16AE;К-ж HP F6V16AE №123 для HP Deskjet Ink,   Tri-colour (Цветной);20.757;a2b6031c-3530-11eb-0a80-06530015b773
F6V16AE;2;1;F6V16AE;F6V16AE;Картридж F6V16AE (№123) цветной;15.9212;98956802-6625-11eb-0a80-06ca000e069b
F6V24AE;2;1;F6V24AE;F6V24AE;К-ж HP F6V24AE 652 Tri-colour (Цветной) Ink Cartridge;14.5;a2bbfc66-3530-11eb-0a80-06530015b787
F6V24AE;2;1;F6V24AE;F6V24AE;Картридж F6V24AE (№652) цветной;14.896;e3584ce6-6148-11eb-0a80-09e100062310
NV-CB435A/436/285/278/725;2;1;5353nv;5353;Картридж NVP совместимый NV-CB435A/CB436A/CE285A/CE278A/NV-725;4.2394;f5e23e95-1765-11eb-0a80-03f10022fe7e
NV-CB435A/436/285/278/725;2;1;5353nv;5353;Картридж NVP совместимый NV-CB435A/CB436A/CE285A/CE278A/NV-725;4.1943;ca506c47-b06f-11ea-0a80-02fe00387812
NV-CE310A/729Bk;2;1;5360nv;5360;Картридж CE310A/ Canon 729 Bk NV;8.316;7383fc55-1b84-4f5e-ba88-6e5d303cde30
NV-CE310A/729Bk;2;1;5360nv;5360;Картридж CE310A/ Canon 729 Bk NV;8.14;70ecf9c3-2d83-11e6-7a69-8f550013b0d4
NV-DR-213CL;2;1;3700nv;3700;Фотобарабан DR-213CL NV;9.086;e36b0d61-01a6-11ec-0a80-056b0004ea3f
NV-DR-213CL;2;1;3700nv;3700;Блок фотобарабана NVP совместимый NV-DR-213CL;8.6976;0dd35107-59f2-11ed-0a80-04220003f243
NV-KXFAT431A7;2;1;1322nv;1322;Картридж NVP Panasonic KX-FAT431A7;23.76;1a5877a8-b7d9-11e8-9ff4-3150001b649d
NV-KXFAT431A7;2;1;1322nv;1322;Картридж KX-FAT431A7 NV;21.12;aaa26cf8-4fb9-11e9-912f-f3d400038a02
NV-SP277HE;2;1;2323nv;2323;Картридж SP277 NV;10.0805;941be615-ebd7-11e8-9ff4-3150001a9651
NV-SP277HE;2;1;2323nv;2323;Картридж SP277HE NV;9.5589;c24fa0e4-304c-11e9-912f-f3d4000ee918
NV-TN2175T;2;1;0081nv;0081;Картридж TN-2175 NV;7.0664;89103f93-a07a-42e4-815c-09ed4fd6b487
NV-TN2175T;2;1;0081nv;0081;Картридж TN-2175 NV;8.1103;a865ed36-f1d1-11e5-7a69-970d0030c50a
SP312203_MSK;2;1;2159sp;2159;Картридж SP CF542X-CF402X-054H-045H для HP и Canon желтый;5.0;2d4c222a-00eb-11f1-0a80-0c71000f0631
SP312203_MSK;2;1;2159sp;2159;Картридж SP CF542X-CF402X-054H-045H для HP и Canon желтый;4.91;eefb55f3-7c34-11f1-0a80-115a00069a0a
TK-5450;2;1;6413msk;6413;Набор картриджей TK-5450 Kyocera;0.0;e83904bc-790e-11f0-0a80-13d9000769cb
TK-5450;2;1;6413spb;6413;Набор картриджей TK-5450 Kyocera;0.0;16da0390-790f-11f0-0a80-0dd0000f8c78
TK-5490;2;1;6418msk;6418;Набор картриджей TK-5490 Kyocera;0.0;e879349e-790e-11f0-0a80-13d9000769e9
TK-5490;2;1;6418spb;6418;Набор картриджей TK-5490 Kyocera;0.0;2d55646b-790f-11f0-0a80-077d0010244c
