article;cards;code;external_code;name;buy_price;ms_id
151069;2;1285ct;1285;Картридж AOEM Brother TN-3480;813.88;ab136adf-e85a-11ef-0a80-00c100081f90
151069;2;1285ao;1285;Картридж TN-3480 AO;739.2;d86a8e14-a3ca-11ee-0a80-0d1a000b307e
CB335HE;2;3624-or;3624;К-ж HP CB335HE OfficeJet J5783 № 140 стандартный черный;3528.88;a236b599-3530-11eb-0a80-06530015b5c1
CB335HE;2;0198-or;0198;Картридж hp 140xl HP;2706.74;b84a738d-4473-11e8-9ff4-31500003fed8
CB337HE;2;0199-or;0199;Картридж HP 141XL HP;4337.32;505a2ed8-4474-11e8-9109-f8fc000385fe
CB337HE;2;3625-or;3625;К-ж HP CB337HE OfficeJet J5783 № 141 стандартный цветной;3326.85;a238ee72-3530-11eb-0a80-06530015b5c9
CN053AE;2;CN053AE;CN053AE;Картридж HP 932XL Bk OR;5004.25;3ee36504-9f29-11ea-0a80-05d80004110b
CN053AE;2;CN053AE;CN053AE;К-ж HP CN053AE HP 932XL Officejet (1000 страниц) черный;5036.71;a275f655-3530-11eb-0a80-06530015b69a
CN054AE;2;CN054AE;CN054AE;Картридж HP 933XL Cyan OR;1385.39;599ae0f4-9f29-11ea-0a80-012d000401e6
CN054AE;2;CN054AE;CN054AE;К-ж HP CN054AE HP 933XL Officejet (825 страниц) голубой;2606.8;a2770916-3530-11eb-0a80-06530015b69e
CN055AE;2;CN055AE;CN055AE;Картридж HP 933XL Magenta OR;2590.0;77e31594-9f29-11ea-0a80-03690003b0bb
CN055AE;2;CN055AE;CN055AE;К-ж HP CN055AE HP 933XL Officejet (825 страниц) пурпурный;2606.8;a2787973-3530-11eb-0a80-06530015b6a2
CN056AE;2;CN056AE;CN056AE;Картридж HP 933XL Yellow OR;1385.39;91086390-9f29-11ea-0a80-05d800041c45
CN056AE;2;CN056AE;CN056AE;К-ж HP CN056AE HP 933XL Officejet (825 страниц) желтый;2606.8;a279ebd6-3530-11eb-0a80-06530015b6a6
F6V16AE;2;F6V16AE;F6V16AE;Картридж F6V16AE (№123) цветной;1592.12;98956802-6625-11eb-0a80-06ca000e069b
F6V16AE;2;F6V16AE;F6V16AE;К-ж HP F6V16AE №123 для HP Deskjet Ink,   Tri-colour (Цветной);2075.7;a2b6031c-3530-11eb-0a80-06530015b773
F6V17AE;3;F6V17AE;F6V17AE;Картридж F6V17AE (№123) черный;887.0;4c4adc54-8016-11eb-0a80-084300172141
F6V17AE;3;F6V17AE;F6V17AE;К-ж HP F6V17AE №123 для HP Deskjet Ink,  Black (Черный);1766.75;a2b70341-3530-11eb-0a80-06530015b777
F6V17AE;3;F6V17AE;F6V17AE;Картридж HP 123 Black Original;1778.21;bb96d0c2-ae53-11e7-6b01-4b1d00035677
F6V24AE;2;F6V24AE;F6V24AE;К-ж HP F6V24AE 652 Tri-colour (Цветной) Ink Cartridge;1450.0;a2bbfc66-3530-11eb-0a80-06530015b787
F6V24AE;2;F6V24AE;F6V24AE;Картридж F6V24AE (№652) цветной;1489.6;e3584ce6-6148-11eb-0a80-09e100062310
NV-CC530A/718Bk;2;0714nv;0714;Картридж Canon 718 BK NV;1067.22;565cbb66-1623-11e3-3e2f-7054d21a8d1e
NV-CC530A/718Bk;2;0104nv;0104;Картридж CC530A/ 718 BK NV;1191.96;90046750-6aff-11e7-7a31-d0fd0020c262
NV-CC531A/718C;3;0105nv;0105;Картридж CC531A/ 718 C NV;1113.2;ceb325b3-65e2-4ddc-bff3-3b28958f2772
NV-CC531A/718C;3;0715nv;0715;Картридж Canon 718 C NV;1277.65;6ef5e5e2-1623-11e3-9586-7054d21a8d1e
NV-CC531A/718C;3;0105nv;0105;Картридж CC531A NV;1195.43;c3b655b7-6aff-11e7-7a34-5acf001ff7ce
NV-CC532A/718Y;2;0717nv;0717;Картридж Canon 718 Y NV;1195.43;9b302ef3-1623-11e3-7563-7054d21a8d1e
NV-CC532A/718Y;2;0106nv;0106;Картридж CC532A/ 718 Y NV;1277.65;d9606a23-6aff-11e7-7a6c-d2a900212cea
NV-CC533A/718M;2;0716nv;0716;Картридж Canon 718 M NV;1195.43;86b75a84-1623-11e3-80f0-7054d21a8d1e
NV-CC533A/718M;2;0107nv;0107;Картридж CC533A/ 718 M NV;1277.65;ea89709c-6aff-11e7-7a6c-d2a900212f27
NV-CE310A/729Bk;2;5360nv;5360;Картридж CE310A/ Canon 729 Bk NV;814.0;70ecf9c3-2d83-11e6-7a69-8f550013b0d4
NV-CE310A/729Bk;2;5360nv;5360;Картридж CE310A/ Canon 729 Bk NV;831.6;7383fc55-1b84-4f5e-ba88-6e5d303cde30
NV-CF283X/737;2;1168nv;1168;Картридж CF283X/ Canon 737 NV;733.26;2e910afb-6b6e-11e6-7a69-8f550007034d
NV-CF283X/737;2;1276nv;1276;Картридж CF283X/ Canon 737 NV;686.07;6d2d0ffc-da68-11e7-7a31-d0fd00065532
NV-D320T24KY;2;5605nv;5605;Картридж NVP совместимый NV-D320T24KY Yellow;7647.2;02f58d84-51b9-11ef-0a80-09860083f02b
NV-D320T24KY;2;5606nv;5606;Набор картриджей D320T24K;7647.2;850a6513-e16e-11f0-0a80-1607000888de
NV-DR-213CL;2;3700nv;3700;Блок фотобарабана NVP совместимый NV-DR-213CL;869.76;0dd35107-59f2-11ed-0a80-04220003f243
NV-DR-213CL;2;3700nv;3700;Фотобарабан DR-213CL NV;908.6;e36b0d61-01a6-11ec-0a80-056b0004ea3f
NV-KXFAT431A7;2;1322nv;1322;Картридж NVP Panasonic KX-FAT431A7;2376.0;1a5877a8-b7d9-11e8-9ff4-3150001b649d
NV-KXFAT431A7;2;1322nv;1322;Картридж KX-FAT431A7 NV;2112.0;aaa26cf8-4fb9-11e9-912f-f3d400038a02
NV-SP277HE;2;2323nv;2323;Картридж SP277 NV;1008.05;941be615-ebd7-11e8-9ff4-3150001a9651
NV-SP277HE;2;2323nv;2323;Картридж SP277HE NV;955.89;c24fa0e4-304c-11e9-912f-f3d4000ee918
NV-TN2175T;2;0081nv;0081;Картридж TN-2175 NV;811.03;a865ed36-f1d1-11e5-7a69-970d0030c50a
NV-TN2175T;2;0081nv;0081;Картридж TN-2175 NV;706.64;89103f93-a07a-42e4-815c-09ed4fd6b487
W2210X;2;;gJ1qZXFMiAGCb7qjrqfnn0;Картридж HP 207X лазерный черный (3150 стр) OR;0.0;866f19db-ed03-11ea-0a80-04f50043530f
W2210X;2;;lFFg2EHGie1VRJEh99KeX3;Картридж лазерный HP 207X для HP M255/MFP M282/M283 3,15К (О) черный W2210X;12063.2;98526992-3530-11eb-0a80-0653001590c5
W2211X;2;;FNNhQTNUhQfJCNZOvbJ9K1;Картридж HP 207X лазерный голубой (2450 стр) OR;0.0;1510b1b7-ed04-11ea-0a80-00e90043b02e
W2211X;2;;WT6-xT6LgiMMKw1oBZNl13;W2211X  К-ж HP 207X  лазерный голубой (2450 стр), ориг.;13505.0;985441d6-3530-11eb-0a80-0653001590cd
W2212X;2;;nFqWTgySiHZNluJvtrB1t3;Картридж HP 207X лазерный желтый (2450 стр) OR;0.0;548f75a5-ed04-11ea-0a80-011f004437b9
W2212X;2;;Xhi1XvuRivZlkyfKVbv4x1;W2212X  К-ж HP 207X  лазерный желтый (2450 стр), ориг.;13505.0;98561b03-3530-11eb-0a80-0653001590d5
W2213X;2;;-N-66Op5hPGoVO6QjMAj-1;W2213X  К-ж HP 207X  лазерный пурпурный (2450 стр), ориг.;14812.95;985822e9-3530-11eb-0a80-0653001590dd
W2213X;2;;JmTsngzPjN4TixDXjVLID0;Картридж HP 207X лазерный пурпурный (2450 стр) OR;0.0;c24a46a5-ed04-11ea-0a80-09e00043af83
wb7lcevdr4;3;wb7lcevdr4;wb7lcevdr4;Браслет из натурального жемчуга на руку Инфинити;0.0;0a4cf120-4c01-11ef-0a80-072c0037d4ac
wb7lcevdr4;3;wb7lcevdr4;wb7lcevdr4;Браслет из натурального жемчуга на руку Древо жизни;0.0;738f23af-401e-11ef-0a80-00ac00072351
wb7lcevdr4;3;wb7lcevdr4;wb7lcevdr4;Браслет из натурального жемчуга с сердцем;0.0;cf308316-a503-11ef-0a80-0d53002980b5
