ms_id;тип;наименование;было: артикул;было: код;было: внеш.код;стало: артикул;стало: код;стало: внеш.код;стало: архив
0a4cf120-4c01-11ef-0a80-072c0037d4ac;архивная в МС;Браслет из натурального жемчуга на руку Инфинити;wb7lcevdr4;wb7lcevdr4;wb7lcevdr4;wb7lcevdr4;wb7lcevdr4;wb7lcevdr4;1
5a548e05-16c2-11f1-0a80-0b5d000a33ef;архивная в МС;Тонер-картридж Smart Graphics TK-1060 для Avision AM7630i, AM7640i (Чё;SG-TK-1060;6202sg;6202;;;10PJTJJTjGt7y2mjOn9cX2;1
00b52626-51b9-11ef-0a80-09860083ef17;архивная в МС;Картридж Colortek HP W1540A (154A);178168;5495ct;5495;;;REnKJbWWjKBnITIM-awAb2;1
02f58d84-51b9-11ef-0a80-09860083f02b;архивная в МС;Картридж NVP совместимый NV-D320T24KY Yellow;NV-D320T24KY;5605nv;5605;;;sb3-udy1gMSWW-PubLbQr3;1
0311c83f-7db1-11ef-0a80-07ef0035c78e;архивная в МС;Тонер Konica-Minolta Di152/183/211/1611/2011/bizhub 162/163/210/211  т;DI152 ЯП 6702B;;T8URA4dLiUDmCj93kt7MA1;;;T8URA4dLiUDmCj93kt7MA1;1
70ecf9c3-2d83-11e6-7a69-8f550013b0d4;архивная в МС;Картридж CE310A/ Canon 729 Bk NV;NV-CE310A/729Bk;5360nv;5360;;;wOxOHp6vgL6P5x8h4ztu23;1
738f23af-401e-11ef-0a80-00ac00072351;архивная в МС;Браслет из натурального жемчуга на руку Древо жизни;wb7lcevdr4;wb7lcevdr4;wb7lcevdr4;wb7lcevdr4;wb7lcevdr4;wb7lcevdr4;1
034e7a6a-e02d-11e9-0a80-05c100022860;архивная в МС;Картридж PG-445 BK OR;PG-445/8283B001;;DBc1wyG7jfRum3pmf59572;;;DBc1wyG7jfRum3pmf59572;1
1b4297c6-2c34-11f0-0a80-195d001a550a;архивная в МС;Тонер-картридж Avision AM7630i/AM5630i 015-0298-21 (20k).;DFAVAM7630030;6202bt;6202;;;lvbPBgZiig7GUZZQM1Ken3;1
8145e073-e901-11ee-0a80-0bfb0049d176;архивная в МС;Тонер-картридж Xerox 106R02609 для Phaser 7100, C, 4,5K, Blossom;BS-X106R02609;;0KrdFzVZj1PiiuGo5FVpm3;;;0KrdFzVZj1PiiuGo5FVpm3;1
814e09c7-e901-11ee-0a80-0bfb0049d17b;архивная в МС;Тонер-картридж Xerox 106R02610 для Phaser 7100 1 туба, M, 4,5K, Blosso;BS-X106R02610;;qOCSPxRejUPOyO4WlrZpf0;;;qOCSPxRejUPOyO4WlrZpf0;1
3634c57f-0c65-11eb-0a80-01270023886d;архивная в МС;Набор картриджей CLI-8 C/M/Y мульти-упаковка OR;CLI-8C/M/Y/0621B029;;4oyuofQoiTGYj-lz1wtv51;;;4oyuofQoiTGYj-lz1wtv51;1
9807768d-3530-11eb-0a80-065300158f69;архивная в МС;Q2613X  К-ж HP Smart Cartridge LJ 1300 ориг.;Q2613X;;-v62UWyVjOJb0foZZ-w8K3;;;-v62UWyVjOJb0foZZ-w8K3;1
98526992-3530-11eb-0a80-0653001590c5;архивная в МС;Картридж лазерный HP 207X для HP M255/MFP M282/M283 3,15К (О) черный W;W2210X;;lFFg2EHGie1VRJEh99KeX3;W2210X;;lFFg2EHGie1VRJEh99KeX3;1
98561b03-3530-11eb-0a80-0653001590d5;архивная в МС;W2212X  К-ж HP 207X  лазерный желтый (2450 стр), ориг.;W2212X;;Xhi1XvuRivZlkyfKVbv4x1;W2212X;;Xhi1XvuRivZlkyfKVbv4x1;1
985822e9-3530-11eb-0a80-0653001590dd;архивная в МС;W2213X  К-ж HP 207X  лазерный пурпурный (2450 стр), ориг.;W2213X;;-N-66Op5hPGoVO6QjMAj-1;W2213X;;-N-66Op5hPGoVO6QjMAj-1;1
976e551d-3530-11eb-0a80-065300158ca5;архивная в МС;CE740A К-ж HP CLJ CP5220/CP5225 черный, оригинал;CE740A;;yJkmMhRgiTOh6QWWqQ1C61;;;1CiVVqgZiNca3SlnLq91f2;1
9801c57d-3530-11eb-0a80-065300158f4d;архивная в МС;Q2610A  К-ж HP LJ 2300/D/N/DN/DTN/L ориг.;Q2610A;;bjhpltnFhcqeIhCPIqwN53;;;R2MIVkBxjRsOIsZbKSXCw1;1
998d5240-3530-11eb-0a80-0653001595c3;архивная в МС;Тонер К-ж Kyocera TK-3130 FS-4200DN/FS-4300DN, 25000 стр (о);TK-3130;;hRRKmOrQjONBZjlOySFUV0;;;hRRKmOrQjONBZjlOySFUV0;1
998ededc-3530-11eb-0a80-0653001595cb;архивная в МС;Тонер к-ж Kyocera TK-160 к FS-1120D/DN, P2035d, 2500 стр (о);TK-160;;TeUcr9udghvlB0ZIFfZJ93;;;TeUcr9udghvlB0ZIFfZJ93;1
998fa78c-3530-11eb-0a80-0653001595cf;архивная в МС;Тонер К-ж Kyocera TK-170 к FS-1320D, 7200 стр (о);TK-170;;5euLPXSzjOYzIQWuyDD1o1;;;5euLPXSzjOYzIQWuyDD1o1;1
99969a96-3530-11eb-0a80-0653001595ef;архивная в МС;Тонер К-ж Kyocera TK-3110 FS-4100DN, 15500 стр (оригинал) арт. 1T02MT0;TK-3110;;4ROvNNBmiUz8MG1meU6xt3;;;4ROvNNBmiUz8MG1meU6xt3;1
9acd183e-3530-11eb-0a80-065300159a99;архивная в МС;К-ж ML-D2850B Samsung  к ML-2850D/2851ND увеличенный оригинал;ML-D2850B;;vnRH7BnTg5XZuNDxR2a6P3;;;vnRH7BnTg5XZuNDxR2a6P3;1
9ad152cf-3530-11eb-0a80-065300159aad;архивная в МС;К-ж ML-D3470B Samsung  к ML-3470D увеличенный, оригинал;ML-D3470B;;HaqSjblZiPZ6DJUZc7msn3;;;HaqSjblZiPZ6DJUZc7msn3;1
99a9bb6f-3530-11eb-0a80-065300159647;архивная в МС;Тонер К-ж Kyocera TK-1160 для P2040dn/P2040dw, 7200стр., оригинал, арт;TK-1160;;qLdrlr5fhpDbDF9sSf0NA2;;;BmyK5fSKgwnICNQV-kToI2;1
9acf8b77-3530-11eb-0a80-065300159aa5;архивная в МС;К-ж ML-D3050B Samsung  к ML-3050/3051 увеличенный, оригинал;ML-D3050B;;5O1RuR91i8mLZjWshu1bI3;;;0YMeDIPbjnB6v6CM6doHX0;1
9c1554e0-3530-11eb-0a80-065300159fdb;архивная в МС;101R00432 Копи к-ж XEROX WC 5016/5020B 22000 страниц  CNL;101R00432;;MoEl8qOHiyhifiUmDDLp93;;;i6TXePyYh9bdXoIIOsg562;1
a236b599-3530-11eb-0a80-06530015b5c1;архивная в МС;К-ж HP CB335HE OfficeJet J5783 № 140 стандартный черный;CB335HE;3624-or;3624;CB335HE;3624-or;3624;1
a238ee72-3530-11eb-0a80-06530015b5c9;архивная в МС;К-ж HP CB337HE OfficeJet J5783 № 141 стандартный цветной;CB337HE;3625-or;3625;CB337HE;3625-or;3625;1
a2b70341-3530-11eb-0a80-06530015b777;архивная в МС;К-ж HP F6V17AE №123 для HP Deskjet Ink,  Black (Черный);F6V17AE;F6V17AE;F6V17AE;;;68eKhoRSiClabbZdHwwtx1;1
a2bbfc66-3530-11eb-0a80-06530015b787;архивная в МС;К-ж HP F6V24AE 652 Tri-colour (Цветной) Ink Cartridge;F6V24AE;F6V24AE;F6V24AE;;;fKkEILmUjLehqSEScb4Bg0;1
a2b8e79d-3530-11eb-0a80-06530015b77b;архивная в МС;К-ж HP F6V18AE №123XL для HP Deskjet Ink,   Tri-colour (Цветной);F6V18AE;;8nSxAeIOjYXeloZC9ffBc2;;;ar2YPmmJgRAcN5HZg7cOt1;1
a2badd2b-3530-11eb-0a80-06530015b783;архивная в МС;К-ж HP F6V19AE №123XL для HP Deskjet Ink,  Black (Черный);F6V19AE;;JPPr418gitoeK-GtxbbWT1;;;sMabw8VRisOphPdwb6ccd3;1
a315fa30-3530-11eb-0a80-06530015b8d9;архивная в МС;К-ж CANON CLI-42BK  черный  для PIXMA PRO-100;CLI-42 BK/6384B001;;PrIgKHURgc-NCddYs9NRA2;;;qX9WbQbKh1zDvL3ojD4mY3;1
a3578ebc-3530-11eb-0a80-06530015b999;архивная в МС;К-ж CANON CLI-8C cyan (МФУ Pixma MP500/800, Pixma  IP6600,5200,4200);CLI-8C/0621B024;;yyJ8vodNjUzGVe5Mk7s7O1;;;LiP1z8tVinRlFrazaBn-B0;1
a5026964-3530-11eb-0a80-06530015bf64;архивная в МС;Картридж EPSON T1704 для XP-33/103/203/207/303/306/406 (yellow) HAV3-P;C13T17044A10;;Zg0iy8wMgwOpxxd6fCvEr2;;;Zg0iy8wMgwOpxxd6fCvEr2;1
bb96d0c2-ae53-11e7-6b01-4b1d00035677;архивная в МС;Картридж HP 123 Black Original;F6V17AE;F6V17AE;F6V17AE;;;W-RcUPW3gZYD0e68LlWQA2;1
19fda3d5-f305-11e8-9ff4-34e80007b385;архивная в МС;Картриджи Pantum PC-211EV OR;PC-211EV;3262-or;3262-or;;;EDzNQejjiqdXfrSIT-K1M1;1
c24a46a5-ed04-11ea-0a80-09e00043af83;архивная в МС;Картридж HP 207X лазерный пурпурный (2450 стр) OR;W2213X	;;JmTsngzPjN4TixDXjVLID0;W2213X	;;JmTsngzPjN4TixDXjVLID0;1
c9042b95-45be-11ef-0a80-158b00105806;архивная в МС;Картридж струйный G&G GG-C4911A № 82 голубой (72мл) для HP DJ 500/800C;GG-C4911A;0317gg;7qj6Y2LOj8iZsYHcwfHOk3;;;7qj6Y2LOj8iZsYHcwfHOk3;1
c99a7fcd-694b-11f0-0a80-052100057634;архивная в МС;Картридж лазерный Cet CET6701U TN-116/TN-117H/TN-118/TN-119 черный (12;CET6701U;1293bt;1293;;;cW77hAumi6YYcmCfs5X-F3;1
c9acb383-694b-11f0-0a80-052100057642;архивная в МС;Картридж лазерный Cet CET6685 TK-1150 черный (3000стр.) для Kyocera Ec;CET6685;1718bt;1718;;;6pQ9inSwgJ0g3R48waOuu0;1
c9b5aeeb-694b-11f0-0a80-052100057649;архивная в МС;Картридж лазерный Cet CET8989 TK-1170 черный (7200стр.) для Kyocera EC;CET8989;5369bt;5369;;;ZMBrCaGnjasuXaeVOw4sE1;1
c9befee5-694b-11f0-0a80-052100057650;архивная в МС;Картридж лазерный Cet CET8996CR TK-5240C голубой (3000стр.) для Kyocer;CET8996CR;2136bt;2136;;;MKtErXEZjnFpnQf80Q03i2;1
c9c85b3d-694b-11f0-0a80-052100057657;архивная в МС;Картридж лазерный Cet CET8996M TK-5240M пурпурный (3000стр.) для Kyoce;CET8996M;2137bt;2137;;;oaV8ghsehhn4NK3k555t-1;1
cf308316-a503-11ef-0a80-0d53002980b5;архивная в МС;Браслет из натурального жемчуга с сердцем;wb7lcevdr4;wb7lcevdr4;wb7lcevdr4;wb7lcevdr4;wb7lcevdr4;wb7lcevdr4;1
d5f064cf-248a-11e9-9109-f8fc0006a420;архивная в МС;Картридж CF256A OR;CF256A;;HmV3Nmx8gm9QTg-8RvEi00;;;HmV3Nmx8gm9QTg-8RvEi00;1
e368c755-7a9b-11f0-0a80-1037005129ec;архивная в МС;Картридж лазерный Cet CET141209 006R01517 черный (26000стр.) для Xerox;CET141209;1078bt;1078;;;OObdL1XGju5j0YusEqqR50;1
0b0d3e74-233a-11eb-0a80-014300137d37;архивная в МС;Картридж струйный Cactus CS-R-CAN520 многоцветный набор для Canon Pixm;CS-R-CAN520;0141cs;0141;;;3cz4gAeniTqL4hW7oBwaV0;1
1a5877a8-b7d9-11e8-9ff4-3150001b649d;архивная в МС;Картридж NVP Panasonic KX-FAT431A7;NV-KXFAT431A7;1322nv;1322;;;Qgmx4ZbXiE7aQnRo6ey3a1;1
1510b1b7-ed04-11ea-0a80-00e90043b02e;архивная в МС;Картридж HP 207X лазерный голубой (2450 стр) OR;W2211X	;;FNNhQTNUhQfJCNZOvbJ9K1;W2211X	;;FNNhQTNUhQfJCNZOvbJ9K1;1
548f75a5-ed04-11ea-0a80-011f004437b9;архивная в МС;Картридж HP 207X лазерный желтый (2450 стр) OR;W2212X	;;nFqWTgySiHZNluJvtrB1t3;W2212X	;;nFqWTgySiHZNluJvtrB1t3;1
55697834-a28f-11e7-7a31-d0fd00236ffd;архивная в МС;Печатающая головка HP C9380A;C9380A;;GtNh-TSdgLKhV-GHRSM3p0;;;GtNh-TSdgLKhV-GHRSM3p0;1
2d4c222a-00eb-11f1-0a80-0c71000f0631;архивная в МС;Картридж SP CF542X-CF402X-054H-045H для HP и Canon желтый;SP312203_MSK;2159sp;2159;;;kO2QaRxUjPVY3c6DffAMy1;1
34dafcd5-037f-11f0-0a80-171300006e6b;архивная в МС;Картридж для КАТЮША P130/M130 DRUM 30K White Box (Совместимый);WB PCM130 DRUM;5944wb;5944;;;W3GTR7EghwW2DUWu4gBhy1;1
2b72035f-037f-11f0-0a80-171300006854;архивная в МС;Картридж Sakura T31 для Deli  P3100/M3100, черный, 3500к.;SAT31;5290sk;5290;;;Z0XnA7VWiofNLMAk5hNDB0;1
495568d7-7f94-11f0-0a80-16d300256f28;архивная в МС;Картридж SP T31-EA1 для Deli черный;SP353637;5290sp;5290;;;cJ6YQvHqjONapRj3EKXt41;1
3ab7b58b-00eb-11f1-0a80-0bb4000c4a3a;архивная в МС;Картридж SP CF542X-CF402X-054H-045H для HP и Canon желтый;SP312203;2159sp;2159;;;LKfFNTgxhAzCasnWB9YsE0;1
3ee36504-9f29-11ea-0a80-05d80004110b;архивная в МС;Картридж HP 932XL Bk OR;CN053AE;CN053AE;CN053AE;CN053AE;CN053AE;CN053AE;1
4ad0be00-7f94-11f0-0a80-16d300257063;архивная в МС;Фотобарабан SP 108R00861 для Xerox Phaser 7500 (Цветной, OEM, тех. упа;SP357397;1866sp;1866;;;Wr49hQblj0625R8hxF8Lu1;1
81569785-e901-11ee-0a80-0bfb0049d180;архивная в МС;Тонер-картридж Xerox 106R02611 для Phaser 7100 1 туба, Y, 4,5K, Blosso;BS-X106R02611;;CMS3OXDhi9fe0cAaNLVV71;;;usOGgcIniw3vuRgMvc6qb1;1
599ae0f4-9f29-11ea-0a80-012d000401e6;архивная в МС;Картридж HP 933XL Cyan OR;CN054AE;CN054AE;CN054AE;CN054AE;CN054AE;CN054AE;1
647e1d73-b0a9-11ef-0a80-11b9019d2984;архивная в МС;T31 Картридж EasyPrint LDELI-T31 для DELI P3100/M3100 (3500стр.) черны;LDELI-T31;5290ep;5290;;;MciHui5kh1H2gBId9GXni2;1
505a2ed8-4474-11e8-9109-f8fc000385fe;архивная в МС;Картридж HP 141XL HP;CB337HE;0199-or;0199;CB337HE;0199-or;0199;1
6e8cb1cd-6b73-11f0-0a80-0306001cb212;архивная в МС;Картридж Colortek Deli T31 (3.5k);183484;5290ct;5290;;;L3WaRiiRgjNE8zolDN2YA3;1
866f19db-ed03-11ea-0a80-04f50043530f;архивная в МС;Картридж HP 207X лазерный черный (3150 стр) OR;W2210X	;;gJ1qZXFMiAGCb7qjrqfnn0;W2210X	;;gJ1qZXFMiAGCb7qjrqfnn0;1
67196671-00eb-11f1-0a80-1579000e1856;архивная в МС;Картридж SP CF543X-CF403X-054H-045H для HP и Canon пурпурный;SP312205_MSK;1166sp;1166;;;QZdhOsJWjTiz0HG7b2TQm2;1
72e2da80-00eb-11f1-0a80-0ede000cae5d;архивная в МС;Картридж SP CF543X-CF403X-054H-045H для HP и Canon пурпурный;SP312205;1166sp;1166;;;zCeruFkeiaoyMikgb9u4F2;1
84351170-8409-11f1-0a80-100600632ccc;архивная в МС;Тонер Cactus CS-THPCHUBK-100 черный флакон 100гр. для принтера HP Colo;CS-THPCHUBK-100;7119cs;7119;;;QUgcc1w5jq5KucFIsWZML3;1
8453d324-8409-11f1-0a80-100600632cd2;архивная в МС;Тонер Cactus CS-THPCHUС-100 голубой флакон 100гр. для принтера HP Colo;CS-THPCHUС-100;7120cs;7120;;;8Ezj3XqTg5Xr17GpIRm6R3;1
77e31594-9f29-11ea-0a80-03690003b0bb;архивная в МС;Картридж HP 933XL Magenta OR;CN055AE;CN055AE;CN055AE;CN055AE;CN055AE;CN055AE;1
98956802-6625-11eb-0a80-06ca000e069b;архивная в МС;Картридж F6V16AE (№123) цветной;F6V16AE;F6V16AE;F6V16AE;;;7EcEI6rzgyMttbaYyV1dk0;1
9b3e94e1-3530-11eb-0a80-065300159c7d;архивная в МС;К-ж SAMSUNG-hp CLT-404-серия желтый для SL-C430/C430W/C480/C480W/C480F;CLT-Y404S/XEV;;JLA8AKWWiMrWhE4A3Ldwm2;;;JLA8AKWWiMrWhE4A3Ldwm2;1
91086390-9f29-11ea-0a80-05d800041c45;архивная в МС;Картридж HP 933XL Yellow OR;CN056AE;CN056AE;CN056AE;CN056AE;CN056AE;CN056AE;1
8f99744f-d8e5-11ef-0a80-05f5001622eb;архивная в МС;Картридж NetProduct (N-T31) для Deli M3100/P3100, 3,5K;98010822;5290np;5290;;;8Spc4KwSiRglxVGtLrsHb2;1
985441d6-3530-11eb-0a80-0653001590cd;архивная в МС;W2211X  К-ж HP 207X  лазерный голубой (2450 стр), ориг.;W2211X;;WT6-xT6LgiMMKw1oBZNl13;W2211X;;WT6-xT6LgiMMKw1oBZNl13;1
9d057fda-3530-11eb-0a80-06530015a343;архивная в МС;106R02778 Картридж Xerox Phaser 3052/3260 WC3215/3225 3000стр. CNL;106R02778;;fufLrYxDgWJB9L-yfXZ9y2;;;EXC6c7GFhaM0uiwInswyd3;1
941be615-ebd7-11e8-9ff4-3150001a9651;архивная в МС;Картридж SP277 NV;NV-SP277HE;2323nv;2323;;;4KfqdOQfg0KzYGKr3bGx-3;1
a1e0851c-3530-11eb-0a80-06530015b49f;архивная в МС;К-ж HP C9384A HP №72 Печатающая головка  матовая, черная и желтая;C9384A;;ZVm83l8chYDgyjDTUgQWX0;;;ZVm83l8chYDgyjDTUgQWX0;1
a3421d12-4739-11ef-0a80-00be003bed24;архивная в МС;Картридж для Deli T31 P3100/M3100  3.5K White Box (Совместимый);WB Deli T31;5290wb;5290;;;NTVMIFx7gi1k10kNRA1W01;1
a865ed36-f1d1-11e5-7a69-970d0030c50a;архивная в МС;Картридж TN-2175 NV;NV-TN2175T;0081nv;0081;;;H6OPZZ4ri1PNSo5J30e-Y2;1
abac8706-388c-11f1-0a80-11e60005b8ae;архивная в МС;Тонер-картридж GP-T31 для принтеров Deli P3100/M3100 3500 копий GalaPr;GP_T31;5290gp;5290;GP_T31;;W-ee3XLlhag8R4SkXkWh73;1
b5b576d7-a83a-11f0-0a80-1453004674ce;архивная в МС;Картридж SP T31-EA1 для Deli черный;SP353637_MSK;5290sp;5290;;;Ewwh0XxHgKpinkjBgGjuV0;1
b38bef3c-a83a-11f0-0a80-145300467185;архивная в МС;Фотобарабан SP 108R00861 для Xerox Phaser 7500 (Цветной, OEM, тех. упа;SP357397_MSK;1866sp;1866;;;xJ5IJQfJhTOpr2KhB2stU2;1
ba2de74b-00ea-11f1-0a80-0bb4000c2bde;архивная в МС;Картридж SP CF540X-CF400X-054H-045H для HP и Canon черный;SP312201_MSK;1163sp;1163;;;osf9d2y5hfJj0GpGXPM-Z0;1
b84a738d-4473-11e8-9ff4-31500003fed8;архивная в МС;Картридж hp 140xl HP;CB335HE;0198-or;0198;CB335HE;0198-or;0198;1
c3b655b7-6aff-11e7-7a34-5acf001ff7ce;архивная в МС;Картридж CC531A NV;NV-CC531A/718C;0105nv;0105;;;vmojsRxfhtXQNtn6u0J6D1;1
cb6172a9-00ea-11f1-0a80-05db000c8c7f;архивная в МС;Картридж SP CF540X-CF400X-054H-045H для HP и Canon черный;SP312201;1163sp;1163;;;soBZZv7xiWVp4MTkmvwej1;1
d1d1dc0b-fb76-11ec-0a80-0294002cc1b2;архивная в МС;Картридж CE313A M UN;145409;0211un;0211;;;FZyXxyPAhihftCmyDtIKo0;1
d86a8e14-a3ca-11ee-0a80-0d1a000b307e;архивная в МС;Картридж TN-3480 AO;151069			;1285ao;1285;	;;G1o18ZlegULTs6wnKWpG02;1
e36b0d61-01a6-11ec-0a80-056b0004ea3f;архивная в МС;Фотобарабан DR-213CL NV;NV-DR-213CL;3700nv;3700;;;0UhykHnljDiiDrFFJuA-z1;1
e42ba784-5e94-11f0-0a80-044e00137912;архивная в МС;$_СРОЧНО Фотобарабан Sakura PCM130 для принтера Катюша (Katusha) P130/;SAPCM130;5944sk;5944;;;5XqBPel8gWtQNOAWJ11hz3;1
f1e93870-00ea-11f1-0a80-0de2000d6d51;архивная в МС;Картридж SP CF541X-CF401X-054H-045H для HP и Canon голубой;SP312202_MSK;1164sp;1164;;;DHxH3ceDgaQ5lHpUpYKzH1;1
fa7c214c-b2a4-11e8-9109-f8fc0012babf;архивная в МС;Картридж PG-445XL BK OR;PG-445XL;PG-445XL/8282B001;Z3Hrkhptj5jdBAk0a26h32;;;Z3Hrkhptj5jdBAk0a26h32;1
fff62722-00ea-11f1-0a80-1c27000bfb22;архивная в МС;Картридж SP CF541X-CF401X-054H-045H для HP и Canon голубой;SP312202;1164sp;1164;;;MRMMDLhehvF6pfwWYGL2c2;1
fcb06dfd-284a-11f1-0a80-1bcf002c1bd8;архивная в МС;Картридж Deli T31 для P/M3100, Bk, 3,5K, Blossom;BS-T31;5290bs;5290;;;WqnixcWgiy9ZwdwfBNX-I1;1
febf0069-20c1-11ef-0a80-000b006ddc5d;архивная в МС;Картридж лазерный Cactus deli T31 CS-T31 черный (3500стр.) для Deli P3;CS-T31;5290cs;5290;;;AjT5pT8ngOhnD5aAf7M0L1;1
194def08-a434-11eb-0a80-02b10006b9b9;в МС нет;Картридж HP №933XL (CN055AE) пурпурный;CN055AE;CN055AE;CN055AE;;;CN055AE;1
192701d8-a434-11eb-0a80-035d0006c39d;в МС нет;Картридж HP №933XL (CN056AE) желтый;CN056AE;CN056AE;CN056AE;;;CN056AE;1
6031fd55-8173-11eb-0a80-06d800062062;в МС нет;Печатающая головка PF-04 Canon iPF650/750/760/770/780;PF-04/3630B001;;0RqGt-6SjBshD1CwDXBVI0;;;0RqGt-6SjBshD1CwDXBVI0;1
81697eae-92ed-11ec-0a80-098e002b8c03;в МС нет;Тонер К-ж Kyocera TK-3160 для P3045dn/P3050dn/P3055dn/P3060dn (12 500 ;TK-3160;;z7d0iVufjEDE9YGfjTvbZ2;;;z7d0iVufjEDE9YGfjTvbZ2;1
1979aa64-a434-11eb-0a80-04690006aa32;в МС нет;Картридж HP №933XL (CN054AE) голубой;CN054AE;CN054AE;CN054AE;;;CN054AE;1
884bcdb6-0122-11ed-0a80-0d790036fced;в МС нет;Картридж HP Q7551X  LJ P3005 13K оригинал;Q7551X;0032_sf;QkiqSRS5gdvlpnoXDWln00;;;QkiqSRS5gdvlpnoXDWln00;1
09ee2fdd-1487-11ec-0a80-0d9c00324d4b;в МС нет;К-ж HP CC656AE J4580/4660/4680 № 901 цветной;CC656AE;;gxcCAJ03h6cnmrLETtLbv3;;;gxcCAJ03h6cnmrLETtLbv3;1
96bfffaa-3530-11eb-0a80-0653001589c1;в МС нет;92298X,  К-ж HP LJ 4/4+/4M/4M+/5/5M+ ориг.;92298X;;k2vsOkkZghjNZVhhQiDo12;;;k2vsOkkZghjNZVhhQiDo12;1
96c31179-3530-11eb-0a80-0653001589cd;в МС нет;C4096A  К-ж HP LJ 2100/2200, ориг. 5000 страниц;C4096A;;hWeLOJUfgdXtDvutT1KPr0;;;hWeLOJUfgdXtDvutT1KPr0;1
96c5cbba-3530-11eb-0a80-0653001589d9;в МС нет;C4127X  К-ж HP LJ 4000/4000N/4000T ориг.ресурс 10000;C4127X;;rSbKCyyNgxoi32Hyes6CU0;;;rSbKCyyNgxoi32Hyes6CU0;1
97568c12-3530-11eb-0a80-065300158c3d;в МС нет;CE400X К-ж HP 507X CLJ Color M551 черный, увеличенный, оригинал;CE400X;;A3g7cY09hw3i5LdcZcY6k2;;;A3g7cY09hw3i5LdcZcY6k2;1
976f44e5-3530-11eb-0a80-065300158ca9;в МС нет;CE741A К-ж HP CLJ CP5220/CP5225 голубой, оригинал;CE741A;;Nk1yJ-75hKJzz2H2k8sx41;;;Nk1yJ-75hKJzz2H2k8sx41;1
97702c19-3530-11eb-0a80-065300158cad;в МС нет;CE742A К-ж HP CLJ CP5220/CP5225 желтый, оригинал;CE742A;;0IkmMYYZhA3WH9f62WTei2;;;0IkmMYYZhA3WH9f62WTei2;1
977125f6-3530-11eb-0a80-065300158cb1;в МС нет;CE743A К-ж HP CLJ CP5220/CP5225 пурпурный, оригинал;CE743A;;XIHvJ-f1h-tJrFiNPn13u2;;;XIHvJ-f1h-tJrFiNPn13u2;1
97a1c47e-3530-11eb-0a80-065300158d81;в МС нет;CF283XF К-ж HP LJ M225 MFP/M201, двойная упаковка, увелич.ресурс, ориг;CF283XF;;7naGVCQij-hTonrDNV1ai3;;;7naGVCQij-hTonrDNV1ai3;1
982ec8c8-3530-11eb-0a80-065300159021;в МС нет;Q7551A  К-ж HP LJ 3005/M3027/3035 mfp ресурс 6500 страниц оригинал;Q7551A;;T01BFglmgZQUZ3Glxiu8Z2;;;T01BFglmgZQUZ3Glxiu8Z2;1
982fba30-3530-11eb-0a80-065300159025;в МС нет;Q7551X  К-ж HP LJ 3005/M3027/3035 mfp ресурс 13000 страниц оригинал;Q7551X;;CYRKyEwrj4G0JcC7TNZoD2;;;CYRKyEwrj4G0JcC7TNZoD2;1
98973686-3530-11eb-0a80-0653001591d4;в МС нет;К-ж E 30  CANON FC210/330, Оригинал;E 30/1491A003;;vz9uou9XhZYYy30qb44gX2;;;vz9uou9XhZYYy30qb44gX2;1
98f1b511-862d-11eb-0a80-005a003de8c7;в МС нет;Блок проявки изображения для Kyocera FS-3920DN DV-350 арт. 302LW93010;DV-350;;sJdGAlENgPZFUYPq2GXHk0;;;sJdGAlENgPZFUYPq2GXHk0;1
9954aead-3530-11eb-0a80-0653001594bf;в МС нет;Блок проявки изображения для Kyocera FS-3920DN DV-350;DV-350;;65FKT8UVgMnzJeEOieglz2;;;65FKT8UVgMnzJeEOieglz2;1
996df181-3530-11eb-0a80-06530015952f;в МС нет;Тонер К-ж Kyocera TK-120 FS-1030D оригинал;TK-120;;6Se0yO1zhWR80dbfrMChF1;;;6Se0yO1zhWR80dbfrMChF1;1
99eb7bae-3530-11eb-0a80-06530015974f;в МС нет;Тонер-картридж Kyocera TK-5220K  Black для P5021cdn/cdw, M5521cdn/cdw ;TK-5220K;;N2tWVzJ-jiMFuaAN0aBLm2;;;N2tWVzJ-jiMFuaAN0aBLm2;1
99ec7d6e-3530-11eb-0a80-065300159753;в МС нет;Тонер-картридж Kyocera TK-5220Y  Yellow для P5021cdn/cdw, M5521cdn/cdw;TK-5220Y;;avqs-bK1j9XnRglT0IIi-3;;;avqs-bK1j9XnRglT0IIi-3;1
99ed6dd2-3530-11eb-0a80-065300159757;в МС нет;Тонер-картридж Kyocera TK-5220M Magenta для P5021cdn/cdw, M5521cdn/cdw;TK-5220M;;wlGz7riXiYbr7r4U5s4oU2;;;wlGz7riXiYbr7r4U5s4oU2;1
99ee59cb-3530-11eb-0a80-06530015975b;в МС нет;Тонер-картридж Kyocera TK-5220C  Cyan для P5021cdn/cdw, M5521cdn/cdw (;TK-5220C;;3s3Si6gwg9nGB4r0nIOXC0;;;3s3Si6gwg9nGB4r0nIOXC0;1
9a502a4c-3530-11eb-0a80-06530015989a;в МС нет;Драм к-ж BROTHER HL-5130/4050D/70DN DR-3000;DR-3000;;8qQgNvjygZIsvGd4UnZdS1;;;8qQgNvjygZIsvGd4UnZdS1;1
9a7d9b48-3530-11eb-0a80-06530015994a;в МС нет;Тонер к-ж BROTHER TN-3330 HL5440D/5450DN/5470DW/6180DW 3000 стр ориг;TN-3330;;1xZT43Tsjtkr7YdyN5muS3;;;1xZT43Tsjtkr7YdyN5muS3;1
9a865cdc-3530-11eb-0a80-06530015996e;в МС нет;Тонер-картридж BROTHER TN-130Y MFC-9440CN/HL-4040CN 1500 страниц желты;TN-130Y;;Cj0pTLNJj8SUKKKlSJJhM3;;;Cj0pTLNJj8SUKKKlSJJhM3;1
9aa5e7fa-3530-11eb-0a80-0653001599ed;в МС нет;SU403A Барабан hp-SAMSUNG CLT-R406 к Samsung CLP-360/365/368/CLX-3300/;CLT-R406;;ZnNy56XFiA7ATxfdzVjLG0;;;ZnNy56XFiA7ATxfdzVjLG0;1
9aaa6d3c-3530-11eb-0a80-065300159a01;в МС нет;Барабан SAMSUNG CLT-R406 к Samsung CLP-360/365/368/CLX-3300/3305 ориги;CLT-R406;;NtkUJTagh1Hw8SYnWNLnK0;;;NtkUJTagh1Hw8SYnWNLnK0;1
9aae1f6f-3530-11eb-0a80-065300159a11;в МС нет;Барабан Samsung CLT-R607K CLX-9250/52/9350/52 BLACK 75K;CLT-R607K;;Xte8UKElh876VZp7Oln7q3;;;Xte8UKElh876VZp7Oln7q3;1
9ab5d6a2-3530-11eb-0a80-065300159a31;в МС нет;Барабан SAMSUNG MLT-R309 к Samsung ML-5510N/ML-5510ND/ML-6510ND, 80k с;MLT-R309;;LF1D9BUXicCc2ht0daQ6x2;;;LF1D9BUXicCc2ht0daQ6x2;1
9ab9c34b-3530-11eb-0a80-065300159a41;в МС нет;Барабан Samsung-hp MLT-R309 к Samsung ML-5510N/ML-5510ND/ML-6510ND, 80;MLT-R309;;xMMUJfDvhASijQ57ccUK32;;;xMMUJfDvhASijQ57ccUK32;1
9ad3e041-3530-11eb-0a80-065300159ab9;в МС нет;К-ж MLT-D101S Samsung  к ML-2160/65/SCX-3400/05  оригинал;MLT-D101S/SEE;;nARNwJrJhTCPU5Eh1wDh80;;;nARNwJrJhTCPU5Eh1wDh80;1
9ad77272-3530-11eb-0a80-065300159ac9;в МС нет;К-ж MLT-D104S Samsung  к ML-1660/65/1860/65/SCX3200/05 увеличенный ори;MLT-D104S/SEE;;JwsIyPfYh2YtmP02QW0sN0;;;JwsIyPfYh2YtmP02QW0sN0;1
9ad927d0-3530-11eb-0a80-065300159ad1;в МС нет;К-ж MLT-D105L Samsung  к ML-1910/1915/2525/2580N/SCX4600 увеличенный о;MLT-D105L/SEE;;41w0RbThiQrPAyX0f77dv3;;;41w0RbThiQrPAyX0f77dv3;1
9ada0866-3530-11eb-0a80-065300159ad5;в МС нет;К-ж MLT-D105S Samsung  к ML-1910/1915/2525/2580N/SCX-4600 стандартный ;MLT-D105S/SEE;;7LjSIZ78j3F9tDYOARj-B1;;;7LjSIZ78j3F9tDYOARj-B1;1
9adcc6bd-3530-11eb-0a80-065300159ae1;в МС нет;К-ж MLT-D108S Samsung  к ML-1640/1641/2240/2241 оригинал;MLT-D108S/SEE;;5229PMXaguIeSYH267LRT2;;;5229PMXaguIeSYH267LRT2;1
9adf60c7-3530-11eb-0a80-065300159aed;в МС нет;К-ж MLT-D111S Samsung SL-M2020 SL-M2020W SL-M2070 SL-M2070W, черный;MLT-D111S/SEE;;uYI5LszDh0uwNCayGfs7e3;;;uYI5LszDh0uwNCayGfs7e3;1
9ae04501-3530-11eb-0a80-065300159af1;в МС нет;К-ж MLT-D115L Samsung к SL-M2620D/M2820ND/M2820DW, увеличенный, оригин;MLT-D115L/SEE;;CLngiAhdiUvMOHEmnXcC51;;;CLngiAhdiUvMOHEmnXcC51;1
9ae20894-3530-11eb-0a80-065300159af9;в МС нет;К-ж MLT-D119S Samsung  к ML-1615/2015/SCX-4521 (замена ML-1610/2010/SC;MLT-D119S/SEE;;hUZXOCE7hjlDYRjBeu9ee3;;;hUZXOCE7hjlDYRjBeu9ee3;1
9ae3cedb-3530-11eb-0a80-065300159b01;в МС нет;К-ж MLT-D203L Samsung  к SL-M3820/3870/4020/4070, 5k, оригинал;MLT-D203L/SEE;;wr8uFDDGguQmp149WL0lD3;;;wr8uFDDGguQmp149WL0lD3;1
9ae4af8f-3530-11eb-0a80-065300159b05;в МС нет;К-ж MLT-D203S Samsung  к SL-M3820/3870/4020/4070, 3k, оригинал;MLT-D203S/SEE;;v8LathB4gihGHeKYH7C0P2;;;v8LathB4gihGHeKYH7C0P2;1
9ae586c3-3530-11eb-0a80-065300159b09;в МС нет;К-ж MLT-D203U Samsung  к SL-M4020/4070, 15k, оригинал;MLT-D203U/SEE;;GxkU2ga-gqMzESHrp-rRW2;;;GxkU2ga-gqMzESHrp-rRW2;1
9ae64fc4-3530-11eb-0a80-065300159b0d;в МС нет;К-ж MLT-D205E Samsung  к ML-3710/SCX-5637  мега-увеличенный, оригинал;MLT-D205E/SEE;;wToryIU8iesgkkX9zPRKY2;;;wToryIU8iesgkkX9zPRKY2;1
9ae72ad1-3530-11eb-0a80-065300159b11;в МС нет;К-ж MLT-D205L Samsung  к ML-3310/3710/SCX-4833/5637 увеличенный оригин;MLT-D205L/SEE;;ygubeKnShl8bCQcViiire2;;;ygubeKnShl8bCQcViiire2;1
9ae807eb-3530-11eb-0a80-065300159b15;в МС нет;К-ж MLT-D205S Samsung  к ML-3310/3710/SCX-4833/5637 стандартный оригин;MLT-D205S/SEE;;h8dRdawagzmJuJH-J0jYf2;;;h8dRdawagzmJuJH-J0jYf2;1
9aec1d1e-3530-11eb-0a80-065300159b25;в МС нет;К-ж MLT-D209S Samsung  к ML-2855ND/SCX4824FN/4828FN стандартный оригин;MLT-D209S/SEE;;9LxreES4j1T5QfuHg-8PL0;;;9LxreES4j1T5QfuHg-8PL0;1
9b072700-3530-11eb-0a80-065300159b91;в МС нет;К-ж Samsung CLP-600-серия пурпурный CLP-M600A;CLP-M600A;;15kWhjHBiNPl6WqiQQ4nL2;;;15kWhjHBiNPl6WqiQQ4nL2;1
9b0813a0-3530-11eb-0a80-065300159b95;в МС нет;К-ж Samsung CLP-600-серия черный CLP-K600A;CLP-K600A;;RqFdS79Qhj6jXIGS8rrJ80;;;RqFdS79Qhj6jXIGS8rrJ80;1
9b1d26a0-3530-11eb-0a80-065300159bed;в МС нет;К-ж Samsung CLP-680-серия увеличенный желтый CLT-Y506L/SEE;CLT-Y506L/SEE;;0aghf4K4hekNLM-seWgCc1;;;0aghf4K4hekNLM-seWgCc1;1
9b1def63-3530-11eb-0a80-065300159bf1;в МС нет;К-ж Samsung CLP-680-серия увеличенный пурпурный CLT-M506L;CLT-M506L/SEE;;kQSX0z0yhzZOkHDls8gma1;;;kQSX0z0yhzZOkHDls8gma1;1
9b1efdfd-3530-11eb-0a80-065300159bf5;в МС нет;К-ж Samsung CLP-680-серия увеличенный черный CLT-K506L;CLT-K506L/SEE;;5mZJ1n8lgE-MNrPv0AGZX3;;;5mZJ1n8lgE-MNrPv0AGZX3;1
9b1fe4f4-3530-11eb-0a80-065300159bf9;в МС нет;К-ж Samsung CLT-404-серия голубой для SL-C430/C430W/C480/C480W/C480FW ;CLT-C404S/XEV;;x3Pn5CKegy5B23mQ8g7KT2;;;x3Pn5CKegy5B23mQ8g7KT2;1
9b21db14-3530-11eb-0a80-065300159c01;в МС нет;К-ж Samsung CLT-404-серия пурпурный для SL-C430/C430W/C480/C480W/C480F;CLT-M404S/XEV;;4OiGBr4ZiqdDK8lzN0E4k3;;;4OiGBr4ZiqdDK8lzN0E4k3;1
9b22d3e2-3530-11eb-0a80-065300159c05;в МС нет;К-ж Samsung CLT-404-серия черный для SL-C430/C430W/C480/C480W/C480FW о;CLT-K404S/XEV;;5KVH0WHwgFoxqgRf3TLv11;;;5KVH0WHwgFoxqgRf3TLv11;1
9b23d49a-3530-11eb-0a80-065300159c09;в МС нет;К-ж Samsung CLT-406-серия голубой для CLP-360/365/368/CLX-3300/3305  о;CLT-C406S/SEE;;D6VyVt4jjVkbAAQ1sI8V23;;;D6VyVt4jjVkbAAQ1sI8V23;1
9b24c9ca-3530-11eb-0a80-065300159c0d;в МС нет;К-ж Samsung CLT-406-серия желтый для CLP-360/365/368/CLX-3300/3305  ор;CLT-Y406S/SEE;;867Ui1AvgXKZ0uoyNkpBi0;;;867Ui1AvgXKZ0uoyNkpBi0;1
9b25bc08-3530-11eb-0a80-065300159c11;в МС нет;К-ж Samsung CLT-406-серия пурпурный для CLP-360/365/368/CLX-3300/3305 ;CLT-M406S/SEE;;051CPLTkhQboo7C3U3xjc1;;;051CPLTkhQboo7C3U3xjc1;1
9b26aead-3530-11eb-0a80-065300159c15;в МС нет;К-ж Samsung CLT-406-серия черный для CLP-360/365/368/CLX-3300/3305  ор;CLT-K406S/SEE;;3qmsxE4Ri50U0OtQq56Xr2;;;3qmsxE4Ri50U0OtQq56Xr2;1
9b2bfcd1-3530-11eb-0a80-065300159c2d;в МС нет;К-ж Samsung CLT-407-серия черный для CLP-320/325/CLX-3185 оригинал CLT;CLT-K407S/SEE;;4ryToeNhg7N-59-DsqAVW1;;;4ryToeNhg7N-59-DsqAVW1;1
9b3f7276-3530-11eb-0a80-065300159c81;в МС нет;К-ж Samsung-hp CLT-C406S/SEE  CLP-360/365/368/CLX-3300/05 1.0K Cyan S-;CLT-C406S/SEE;;P3X5APp0gxkaZwaENeeMx0;;;P3X5APp0gxkaZwaENeeMx0;1
9b414158-3530-11eb-0a80-065300159c89;в МС нет;К-ж SAMSUNG-hp CLT-C506L/SEE синий для CLP-680/CLX-6260 3.5K Cyan S-pr;CLT-C506L/SEE;;llPwLXEEhGxIeUYVGIu0X3;;;llPwLXEEhGxIeUYVGIu0X3;1
9b4305d3-3530-11eb-0a80-065300159c91;в МС нет;К-ж Samsung-hp CLT-K406S/SEE  CLP-360/365/368/CLX-3300 1.5K Black S-pr;CLT-K406S/SEE;;RWd1oPkKinZ7LiNcC4pUa2;;;RWd1oPkKinZ7LiNcC4pUa2;1
9b452fa4-3530-11eb-0a80-065300159c99;в МС нет;К-ж SAMSUNG-hp CLT-K506L/SEE черный для CLP-680/CLX-6260 6.0K Black S-;CLT-K506L/SEE;;iX2RD6CZgJELG00L8zv2n2;;;iX2RD6CZgJELG00L8zv2n2;1
9b49fd35-3530-11eb-0a80-065300159cad;в МС нет;К-ж SAMSUNG-hp CLT-M506L/SEE пурпурный для CLP-680/CLX-6260 3.5K Magen;CLT-M506L/SEE;;l36fWLk9io-QKPE0i-kEQ3;;;l36fWLk9io-QKPE0i-kEQ3;1
9b4bbda6-3530-11eb-0a80-065300159cb5;в МС нет;К-ж Samsung-hp CLT-Y406S/SEE  CLP-360/365/368/CLX-3300/05 1.0K Yellow ;CLT-Y406S/SEE;;77EY8v4Vigm7duLYWfTgz3;;;77EY8v4Vigm7duLYWfTgz3;1
9b4d8dc6-3530-11eb-0a80-065300159cbd;в МС нет;К-ж SAMSUNG-hp CLT-Y506L/SEE желтый для CLP-680/CLX-6260 3.5K Yellow S;CLT-Y506L/SEE;;vJb9CNAMiIHmX3IMK689w1;;;vJb9CNAMiIHmX3IMK689w1;1
9b5f066b-3530-11eb-0a80-065300159d05;в МС нет;Картридж Samsung-HP  CLT-K407S/SEE (SU132A) CLP-320/325/CLX-3185 1.5K ;CLT-K407S/SEE;;Noo0qVzNintPeBFGRSXRR2;;;Noo0qVzNintPeBFGRSXRR2;1
9b62caf7-3530-11eb-0a80-065300159d11;в МС нет;Картридж SAMSUNG-HP  MLT-D101S/SEE (SU698A) ML-2160/65/SCX-3400/05  S-;MLT-D101S/SEE;;DpNTVlyIhh47PNg27USwW1;;;DpNTVlyIhh47PNg27USwW1;1
9b639aed-3530-11eb-0a80-065300159d15;в МС нет;Картридж SAMSUNG-HP MLT-D103L/SEE (SU718A) ML-2955ND/DW/SCX-472x 2.5K ;MLT-D103L/SEE;;TCpDqRLBjlc8y-FolS44g2;;;TCpDqRLBjlc8y-FolS44g2;1
9b6467f2-3530-11eb-0a80-065300159d19;в МС нет;Картридж SAMSUNG-HP  MLT-D104S/SEE (SU748A) ML-1660/65/1860/65/SCX-320;MLT-D104S/SEE;;hMEU3Mfwg1rYxIZ-QF7Ye1;;;hMEU3Mfwg1rYxIZ-QF7Ye1;1
9b654143-3530-11eb-0a80-065300159d1d;в МС нет;Картридж SAMSUNG-HP MLT-D105L/SEE (SU768A) ML-1910/15/2525/SCX-4600/23;MLT-D105L/SEE;;te9K2y8HjcbwV-MpGfoMO1;;;te9K2y8HjcbwV-MpGfoMO1;1
9b661878-3530-11eb-0a80-065300159d21;в МС нет;Картридж SAMSUNG-HP MLT-D105S/SEE (SU776A) ML-1910/15/2525/SCX-4600/23;MLT-D105S/SEE;;WWgNoMOchBAPfO9X3j0MN0;;;WWgNoMOchBAPfO9X3j0MN0;1
9b66fae2-3530-11eb-0a80-065300159d25;в МС нет;Картридж SAMSUNG-HP  MLT-D108S/SEE (SU785A) ML-1640/1641/2240/2241 S-p;MLT-D108S/SEE;;KjNT-G2qizicxvrEIGHyx2;;;KjNT-G2qizicxvrEIGHyx2;1
9b67e32d-3530-11eb-0a80-065300159d29;в МС нет;Картридж SAMSUNG-HP  MLT-D111L/SEE	 (SU801A) SL-M2020/W/2070/W/FW S-pr;MLT-D111L/SEE;;7HDXacbOh46fCPFr8Y0fJ2;;;7HDXacbOh46fCPFr8Y0fJ2;1
9b68bd60-3530-11eb-0a80-065300159d2d;в МС нет;Картридж Samsung-HP  MLT-D111S/SEE	 (SU812A) SL-M2020/W/2070/W/FW 1K S;MLT-D111S/SEE;;PbHHSmfIg8SBCAi9Y3AEq1;;;PbHHSmfIg8SBCAi9Y3AEq1;1
9b699a34-3530-11eb-0a80-065300159d31;в МС нет;Картридж Samsung-HP  MLT-D115L/SEE	 (SU822A) SL-M2620/2820/2870 S-prin;MLT-D115L/SEE;;OPYjBLnOjy1TpmwetzRNn1;;;OPYjBLnOjy1TpmwetzRNn1;1
9b6a7dbb-3530-11eb-0a80-065300159d35;в МС нет;Картридж Samsung-HP MLT-D119S/SEE (SU864A) ML-2015/4521 ML-1610D2/2010;MLT-D119S/SEE;;hC0oL1jyhPVVeZa1K4zrD3;;;hC0oL1jyhPVVeZa1K4zrD3;1
9b6c6295-3530-11eb-0a80-065300159d3d;в МС нет;Картридж Samsung-HP  MLT-D203L/SEE (SU899A) SL-M3820/3870/4020/4070 S-;MLT-D203L/SEE;;gX00ekTGjlDB0k2wxnW0x3;;;gX00ekTGjlDB0k2wxnW0x3;1
9b6d646c-3530-11eb-0a80-065300159d41;в МС нет;Картридж Samsung-HP  MLT-D203S/SEE	 (SU909A) SL-M3820/3870/4020/4070 S;MLT-D203S/SEE;;KdX8Y0GlgXKHl41mp9mF00;;;KdX8Y0GlgXKHl41mp9mF00;1
9b6e5f7c-3530-11eb-0a80-065300159d45;в МС нет;Картридж SAMSUNG-HP MLT-D203U/SEE для SL-M4020/4070 (SU917A) S-print b;MLT-D203U/SEE;;gx9oxEHpjwGeuOFFFuwlz0;;;gx9oxEHpjwGeuOFFFuwlz0;1
9b6f3bc2-3530-11eb-0a80-065300159d49;в МС нет;Картридж SAMSUNG-HP  MLT-D205E/SEE (SU953A) ML-3710/SCX-5637 10K S-pri;MLT-D205E/SEE;;KO9-y8UPiVs5NFs2mIe8D1;;;KO9-y8UPiVs5NFs2mIe8D1;1
9b7021bd-3530-11eb-0a80-065300159d4d;в МС нет;Картридж SAMSUNG-HP  MLT-D205L/SEE (SU965A) ML-3310/3710/SCX-4833/5637;MLT-D205L/SEE;;IgSTAId7h9b4Uu3w8crnR2;;;IgSTAId7h9b4Uu3w8crnR2;1
9b7110a1-3530-11eb-0a80-065300159d51;в МС нет;Картридж Samsung-hp MLT-D205S/SEE (SU976A) ML-3310/3710/SCX-4833/5637 ;MLT-D205S/SEE;;4dFBjEFVjJgOkppwhW4me0;;;4dFBjEFVjJgOkppwhW4me0;1
9b799d5f-3530-11eb-0a80-065300159d76;в МС нет;Контейнер для отработанного тонера CLT-W809/SEE Samsung CLX-9201/9251/;CLT-W809/SEE;;llMlwEWahUzAKj5TIffw02;;;llMlwEWahUzAKj5TIffw02;1
9bde6c1d-3530-11eb-0a80-065300159f03;в МС нет;013R00606 Принт к-ж XEROX WC PE 120  013R00606 5000 страниц, оригинал;013R00606;;jjFgbs2Rh8mrwwg2qvx4K2;;;jjFgbs2Rh8mrwwg2qvx4K2;1
9dd57c52-3530-11eb-0a80-06530015a65b;в МС нет;Фотобарабан XEROX Phaser 7400 (108R00647) синий оригинал;108R00647;;sEKetBnUhPRX9XhMoWy8e2;;;sEKetBnUhPRX9XhMoWy8e2;1
9f3b1cbf-3530-11eb-0a80-06530015ab19;в МС нет;Фотобарабан для OKI 9600 (ресурс 30 000 стр.) желтый;42918105;;faMWNi3Ag6s-AJdJUR4Ma2;;;faMWNi3Ag6s-AJdJUR4Ma2;1
9f3c1bec-3530-11eb-0a80-06530015ab1d;в МС нет;Фотобарабан для OKI 9600 (ресурс 30 000 стр.) пурпурный;42918106;;L0pqDmMAjuhpoCkQsnyOY2;;;L0pqDmMAjuhpoCkQsnyOY2;1
9f3d1117-3530-11eb-0a80-06530015ab21;в МС нет;Фотобарабан для OKI 9600 (ресурс 30 000 стр.) голубой;42918107;;U4oKPWyQhaAfsi2lAzugu2;;;U4oKPWyQhaAfsi2lAzugu2;1
9f3e31cf-3530-11eb-0a80-06530015ab25;в МС нет;Фотобарабан для OKI 9600 (ресурс 30 000 стр.) черный;42918108;;uxwXssBzgrZmhrfkJEIIh0;;;uxwXssBzgrZmhrfkJEIIh0;1
9f4d6c2b-3530-11eb-0a80-06530015ab5d;в МС нет;Фотобарабан для OKI C810/830/MC860 20k малиновый;44064010;;0IhqJ2gOgUTllzKIVbeYD2;;;0IhqJ2gOgUTllzKIVbeYD2;1
9f6f22c8-3530-11eb-0a80-06530015abd4;в МС нет;12S0400 К-ж Lexmark Optra E220/321/323/323n 12S0400 (ресурс 3000 стран;12S0400;;yNjZqMmqg6gbr8xcDhHmG0;;;yNjZqMmqg6gbr8xcDhHmG0;1
a0b0aeee-3530-11eb-0a80-06530015b05b;в МС нет;Тонер-картридж Ricoh Aficio SP 5200S/5210SF/5210SR/ SP 5200DN черный (;406685;;R9qsLSBojYnrGJni80DmO3;;;R9qsLSBojYnrGJni80DmO3;1
a117760a-3530-11eb-0a80-06530015b1c7;в МС нет;C1Q10A HP 711 Комплект замены печатающей головки (Printhead Replacemen;C1Q10A;;fePL3Q4xgO5LI2WQj5bxd2;;;fePL3Q4xgO5LI2WQj5bxd2;1
a126c99f-3530-11eb-0a80-06530015b1ff;в МС нет;К-ж HP (Чернила) X4E40AE   GT51XL Черный (135 мл) GT5810/5820 6000 стр;X4E40AE;;Vym2ZE4igcmWwK8v9MPwa0;;;Vym2ZE4igcmWwK8v9MPwa0;1
a1837a34-3530-11eb-0a80-06530015b347;в МС нет;К-ж HP C4844A 2000/2500C Color Printer  black;C4844A;;f9OuFRkZiN8P61RCRLRG01;;;f9OuFRkZiN8P61RCRLRG01;1
a1d00c76-3530-11eb-0a80-06530015b463;в МС нет;К-ж HP C9363HE 6543/5743/5740/6843/PS 8153/8453 №134;C9363HE;;xR0IjEv4gYnjuZF0DfzyJ0;;;xR0IjEv4gYnjuZF0DfzyJ0;1
a1ea1884-3530-11eb-0a80-06530015b4c4;в МС нет;К-ж HP C9396AE Officejet Pro K550 № 88 увеличенный черный;C9396AE;;flIAzXy3haoBneeRk8n4V1;;;flIAzXy3haoBneeRk8n4V1;1
a1f1c5d5-3530-11eb-0a80-06530015b4dc;в МС нет;К-ж HP C9403А к Designjet T1100ps (№ 72) Матовый черный ориг;C9403A;;3WMtAdcAjNkkCZf7BWI5h0;;;3WMtAdcAjNkkCZf7BWI5h0;1
a1ffbe59-3530-11eb-0a80-06530015b510;в МС нет;К-ж HP C9421A печатающая головка № 85 magenta;C9421A;;dlYXdYh0iE7K8ig6IHoLi0;;;dlYXdYh0iE7K8ig6IHoLi0;1
a225e0be-3530-11eb-0a80-06530015b585;в МС нет;К-ж HP CB304AE PhotoSmart A430 (№ 110) цветной оригинал;CB304AE;;YG5e1oBQg9bGZWmHEwTT80;;;YG5e1oBQg9bGZWmHEwTT80;1
a2531161-3530-11eb-0a80-06530015b621;в МС нет;К-ж HP CH565A Картридж HP № 82 черный емкость 69 мл.;CH565A;;x7-hzECthYjIzvgs9hYer1;;;x7-hzECthYjIzvgs9hYer1;1
a2bd028d-3530-11eb-0a80-06530015b78b;в МС нет;К-ж HP F6V25AE  652 Black (Черный);F6V25AE;;Z28SuBJeiHRATmTeAKpAb3;;;Z28SuBJeiHRATmTeAKpAb3;1
a303361f-3530-11eb-0a80-06530015b891;в МС нет;К-ж CANON CL-41 к Pixma MP150/170 цветной;CL-41/0617B025;;UQn5s9iLiOUxKjFhWzNly3;;;UQn5s9iLiOUxKjFhWzNly3;1
a3073000-3530-11eb-0a80-06530015b8a1;в МС нет;К-ж CANON CL-446XL к Pixma MG2440/2540 увеличенный цветной;CL-446XL;CL-446XL/8284B001;qJo0k7rqhgq2t5yCnZcOx1;;;qJo0k7rqhgq2t5yCnZcOx1;1
a3871f39-3530-11eb-0a80-06530015ba45;в МС нет;К-ж CANON PG-40 к Pixma MP150/170 черный;PG-40/0615B025;;sVZ7NiYri0u8ATsGNklit0;;;sVZ7NiYri0u8ATsGNklit0;1
a38de0b4-3530-11eb-0a80-06530015ba5d;в МС нет;К-ж CANON PG-445XL к Pixma MG2440/2540 увеличенный черный;PG-445XL;PG-445XL/8282B001;ESy6sCeAhW11b72LkizLZ0;;;ESy6sCeAhW11b72LkizLZ0;1
a3b9c3fc-3530-11eb-0a80-06530015baf9;в МС нет;К-ж CANON PGI-5BK Pixma MP500/800/IP5200/5200R/4200 2 шт/уп. 0628B025;PGI-5BKTWIN PACK/0628B030;;np5PWHQiiHJliz5Af8i1X2;;;np5PWHQiiHJliz5Af8i1X2;1
a40e1d8d-3530-11eb-0a80-06530015bc2d;в МС нет;Печатающая головка PF-04 Canon;PF-04/3630B001;;c7Ye3yLHi5TGyZfp7Icrd1;;;c7Ye3yLHi5TGyZfp7Icrd1;1
a46997e7-3530-11eb-0a80-06530015bd6a;в МС нет;К-ж EPSON T08024011 new Stylus Photo P50/PX660, голубой  оригинал;C13T08024011;;cfyV326jgeo56JHh2LGkH3;;;cfyV326jgeo56JHh2LGkH3;1
a4a3eab9-3530-11eb-0a80-06530015be24;в МС нет;К-ж EPSON T12824012 new S22/SX125 голубой;C13T12824012;;JmuHGnwZie5O4dls0FLb80;;;JmuHGnwZie5O4dls0FLb80;1
a4a61a69-3530-11eb-0a80-06530015be2c;в МС нет;К-ж EPSON T12844010 S22/SX125 желтый;T12844010;;GcA1u6zXikqK-MhWoXrdP2;;;GcA1u6zXikqK-MhWoXrdP2;1
a590764b-3530-11eb-0a80-06530015c1dc;в МС нет;Картридж BROTHER LC970M красный;LC970M;;1Qu92tCCh9ryuaupPOZe90;;;1Qu92tCCh9ryuaupPOZe90;1
a5919442-3530-11eb-0a80-06530015c1e0;в МС нет;Картридж BROTHER LC970Y желтый;LC970Y;;92yy-553iMWh54hhf10Xd3;;;92yy-553iMWh54hhf10Xd3;1
b1f61c30-87f4-11ec-0a80-0604002d6e66;в МС нет;Заправочный комплект Pantum PC-211RB (тонер + чип, 1600стр.), оригинал;PC-211RB;;GTGgfx3Rgh8AfKCQlqN3A0;;;GTGgfx3Rgh8AfKCQlqN3A0;1
b7f1f66c-6173-11ec-0a80-00bc004c77b1;в МС нет;К-ж CANON PG-460XL к Pixma MG5740/MG6840/MG7740  черный;PG-460XL/3710C001;;xfLjYiK8ht4sVxv7szvkG2;;;xfLjYiK8ht4sVxv7szvkG2;1
be694d96-bc78-11eb-0a80-0053002a7842;в МС нет;CF283XF / XD К-ж HP LJ M225 MFP/M201, двойная упаковка, увелич.ресурс,;CF283XF;;vYMfVGdbgAfA0dN4M4kQe2;;;vYMfVGdbgAfA0dN4M4kQe2;1
13ff28f5-325c-11f1-0a80-09e70017eaaa;в МС нет;Комплект картриджей MPC2503 Ricoh;;4724dsk;4724;;;4724;1
2c68c0dd-6173-11ec-0a80-0b0e004b1218;в МС нет;Тонер-картридж Pantum PC-211EV (1600 стр.), оригинал;PC-211EV;;rU6A5yxvgQjW1TdGu7KGj3;;;rU6A5yxvgQjW1TdGu7KGj3;1
572c8d90-3baa-11f0-0a80-15c80008a078;в МС нет;Картридж лазерный Cactus CS-TN217 TN-217 черный (17500стр.) для Konica;CS-TN217;1438cs;1438;;;1438;1
40a1743b-b238-11eb-0a80-09d300529b7f;в МС нет;Барабан Samsung-hp CLT-R607K CLX-9250/52/9350/52 BLACK 75K (SS660A);CLT-R607K;;Uhd--N8Ch830EnSitLiFy2;;;Uhd--N8Ch830EnSitLiFy2;1
77206946-19dc-11ec-0a80-01ce002bbe26;в МС нет;Картридж HP №932XL (CN053AE) черный;CN053AE;CN053AE;CN053AE;;;CN053AE;1
77d36d99-84c5-11f0-0a80-131600386d50;в МС нет;Картридж лазерный Cactus CS-TN-321M СS-TN-321M пурпурный (25000стр.) д;CS-TN-321M;2032cs;2032;;;2032;1
77dd4dbe-84c5-11f0-0a80-131600386d5d;в МС нет;Картридж лазерный Cactus CS-TN-321Y СS-TN-321Y желтый (25000стр.) для ;CS-TN-321Y;2033cs;2033;;;2033;1
81e6c79b-0d68-11f1-0a80-02a8003e8d6f;в МС нет;Картридж лазерный Cactus CS-TN221C TN-221C голубой (21000стр.) для Kon;CS-TN221C;2634cs;2634;;;2634;1
62bd9348-551d-11f1-0a80-0768004dcd1e;в МС нет;Барабан NetProduct для Xerox VersaLink B600/B605/B610/B615, 60К;N-OPC-XRB600;3771np;3771;;;3771;1
88f6e307-7196-11f1-0a80-113c0024ebcf;в МС нет;Набор картриджей TK-8118 Kyocera совместимый;BFKYEM8124180-BFKYEM8124210;7064msk;7064;;;7064;1
9819afa3-3530-11eb-0a80-065300158fbd;в МС нет;Q5949ХC  К-ж HP LJ 1320 ориг. 6000 копий;Q5949XC;;1ll3sO6ZjM3K1nPHT41il3;;;1ll3sO6ZjM3K1nPHT41il3;1
9ad5bd7d-3530-11eb-0a80-065300159ac1;в МС нет;К-ж MLT-D103L Samsung  к ML-2955ND/DW увеличенный оригинал;MLT-D103L/SEE;;wQimCYWagd88sEHwLQHH43;;;wQimCYWagd88sEHwLQHH43;1
9ae2ed4c-3530-11eb-0a80-065300159afd;в МС нет;К-ж MLT-D203E Samsung  к SL-M3820/3870/4020/4070, 10k, оригинал;MLT-D203E/SEE;;Jfq7x-IEjpcjuSmqo8rSZ3;;;Jfq7x-IEjpcjuSmqo8rSZ3;1
9b720c06-3530-11eb-0a80-065300159d55;в МС нет;Картридж Samsung-hp MLT-D209S/SEE (SV017A) SCX-4824/4828 2K S-print by;MLT-D209S/SEE;;UgeKDIIIj-tQD40YYsOMS1;;;UgeKDIIIj-tQD40YYsOMS1;1
98954786-3530-11eb-0a80-0653001591cc;в МС нет;К-ж E 16 CANON FC2xx/3xx/530, Азия (разборные);E 16/1492A003;;880OTtC6jWJitqrBPgtpy3;;;880OTtC6jWJitqrBPgtpy3;1
9b1c4b74-3530-11eb-0a80-065300159be9;в МС нет;К-ж Samsung CLP-680-серия увеличенный голубой CLT-C506L;CLT-C506L/SEE;;mcrDYGTNjqlv7-ZWbBGQn0;;;mcrDYGTNjqlv7-ZWbBGQn0;1
9b6b629c-3530-11eb-0a80-065300159d39;в МС нет;Картридж Samsung-HP  MLT-D203E/SEE	 (SU887A) SL-M3820/3870/4020/4070 S;MLT-D203E/SEE;;wsbz0hayg1biwKzZMjHAU1;;;wsbz0hayg1biwKzZMjHAU1;1
8e79e762-4e0a-11f1-0a80-17c8003e635a;в МС нет;Картридж для Deli T200 P2000s/M2000s 4.5K White Box (Совместимый);WB Deli T200;5288wb;5288;;;5288;1
9b06302c-3530-11eb-0a80-065300159b8d;в МС нет;К-ж Samsung CLP-600-серия желтый CLP-Y600A;CLP-Y600A;;6pc4TagegDup0LqNiyh771;;;6pc4TagegDup0LqNiyh771;1
9ade881f-3530-11eb-0a80-065300159ae9;в МС нет;К-ж MLT-D111L Samsung SL-M2020/W/2070/W/FW , черный;MLT-D111L/SEE;;Msv20zXsgLNHLjuqQ0MQP2;;;Msv20zXsgLNHLjuqQ0MQP2;1
983ffba1-3530-11eb-0a80-065300159075;в МС нет;W1106A  К-ж HP 106A лазерный черный (1000 стр), ориг.;W1106A;;rzB7WQSLgpr1tlEqameya3;;;rzB7WQSLgpr1tlEqameya3;1
98d2539a-3530-11eb-0a80-0653001592b4;в МС нет;Тонер Canon C-EXV-33 IR2520/20i/25/25i/30/30i 2785B002;C-EXV-33/2785B002;;FdlA1c-xhX2Dj6HGyFF9F0;;;FdlA1c-xhX2Dj6HGyFF9F0;1
a2b4eee5-3530-11eb-0a80-06530015b76f;в МС нет;К-ж HP F6U18AE №953XL High Yield Yellow (желтый);F6U18AE;;0jRn6lx9hlvNRmkMBucds0;;;0jRn6lx9hlvNRmkMBucds0;1
9a7bd6da-3530-11eb-0a80-065300159942;в МС нет;Тонер к-ж BROTHER TN-3230 HL-5340D/5350DN/5370DW 3000 стр ориг;TN-3230;;mNgqVUMwi2E-9e-MWpOnR0;;;mNgqVUMwi2E-9e-MWpOnR0;1
9b051ba4-3530-11eb-0a80-065300159b89;в МС нет;К-ж Samsung CLP-600-серия голубой CLP-C600A;CLP-C600A;;Qz-KsXV6iW1ggEcbNK2RF3;;;Qz-KsXV6iW1ggEcbNK2RF3;1
9abe55b1-3530-11eb-0a80-065300159a55;в МС нет;Бункер CLT-W809/SEE SAMSUNG-hp для CLX-9201/9251/9301 50K (SS704A);CLT-W809/SEE;;0lkhrALHgEK-I9Oq7duRz0;;;0lkhrALHgEK-I9Oq7duRz0;1
a0c10799-3530-11eb-0a80-06530015b097;в МС нет;Тонер-картридж тип SP5200HE Aficio SP 5200S/5210SF/5210SR/ SP 5200DN/5;406685;;l7XXt-tbjmUi6rcDLWxI42;;;l7XXt-tbjmUi6rcDLWxI42;1
a4686df2-3530-11eb-0a80-06530015bd66;в МС нет;К-ж EPSON T08024010 Stylus Photo P50/PX660, голубой  оригинал;C13T08024011;;XSiiXPGfj4KAcgvNbSipi1;;;XSiiXPGfj4KAcgvNbSipi1;1
a13c26a9-3530-11eb-0a80-06530015b24b;в МС нет;К-ж HP 51629A   6XX черн. ориг;51629A;;roL9U7K7hAS1T6eMVExxj2;;;roL9U7K7hAS1T6eMVExxj2;1
a5ade8f0-3530-11eb-0a80-06530015c233;в МС нет;S015307BA К-ж EPSON LQ-630 оригинал;S015307BA;;aFrcKHxEitDc0GVThBg9j0;;;aFrcKHxEitDc0GVThBg9j0;1
a5906079-ed25-11ef-0a80-0b6a008a473f;в МС нет;Набор совместимых картриджей 841925-841931 (MPC2503);;4724msk;4724;;;4724;1
ca506c47-b06f-11ea-0a80-02fe00387812;в МС нет;Картридж NVP совместимый NV-CB435A/CB436A/CE285A/CE278A/NV-725;NV-CB435A/436/285/278/725;5353nv;5353;;;5353;1
c44c599a-7196-11f1-0a80-1da600263c26;в МС нет;Набор картриджей TK-8128 Kyocera совместимый;EFKYEM8130010-EFKYEM8130040;7070msk;7070;;;7070;1
d7758c0d-7196-11f1-0a80-113c0024f11b;в МС нет;Набор картриджей CT202952-CT202955 Fuji Xerox совместимый;EFRXSC2022010-EFRXSC2022040;7075msk;7075;;;7075;1
d4fddd83-ed20-11ef-0a80-04be008b24df;в МС нет;Набор совместимых картриджей 841925-841931 (MPC2503);;4724spb;4724;;;4724;1
e149feca-7179-11f1-0a80-1b070032859e;в МС нет;Набор картриджей TK-8118 Kyocera совместимый;BFKYEM8124180-BFKYEM8124210;7064spb;7064;;;7064;1
e2472851-7179-11f1-0a80-1b070032863e;в МС нет;Набор картриджей TK-8128 Kyocera совместимый;EFKYEM8130010-EFKYEM8130040;7070spb;7070;;;7070;1
e35b3732-7179-11f1-0a80-1b07003286c6;в МС нет;Набор картриджей CT202952-CT202955 Fuji Xerox совместимый;EFRXSC2022010-EFRXSC2022040;7075spb;7075;;;7075;1
f60bff9e-6abb-11eb-0a80-09720009d1d5;в МС нет;Картридж лазерный Cactus CS-TN-321M СS-TN-321M пурпурный (25000стр.) д;CS-TN-321M;2032cs;2032;;;2032;1
12e9dfb8-36dc-11ef-0a80-0bea000bfa9c;сменился внеш.код;Драм-картридж БУЛАТ W9006MC для HP LJ E72525, E72425, ref.;AFHPE72525030;;T9MKIkx9in6Mnns2hy8f50;AFHPE72525030;6591bt;6591;0
0736e146-36dc-11ef-0a80-0bea000bf8da;сменился внеш.код;Драм-картридж 7Q DR-2175 для Brother HL-2140 (Чёрный, 12000 стр.);AFBRHL2140020;;PZs7rJjejWNyRH3I4Inyd3;AFBRHL2140020;03767q;0376;0
2d8d8683-36dc-11ef-0a80-0bea000bfee3;сменился внеш.код;Драм-картридж БУЛАТ DK-8550 для Kyocera ECOSYS P8060c, TASKalfa 4052ci;EFKYEP8060170;;87iIs6m9gDujkJPFjeIwb2;EFKYEP8060170;6264bt;6264;0
33a0fb5a-36dc-11ef-0a80-0bea000bff83;сменился внеш.код;Драм-картридж БУЛАТ s-Line 76C0PV0 для Lexmark CS, CX923 (Цветной, 900;EFLX0CS923060;;lOTaAo2RigOJZ19qi6MlA0;EFLX0CS923060;6594sl;6594;0
262d786c-36dc-11ef-0a80-0bea000bfd78;сменился внеш.код;Блок проявки БУЛАТ DV-1150 (302RV93020) для Kyocera ECOSYS P2040, M204;DFKYEP2040100;;Pd-PPdc6iIrnTXuTK5B6e2;DFKYEP2040100;5600bt;5600;0
496a8d42-36dc-11ef-0a80-0bea000c03dd;сменился внеш.код;Драм-картридж БУЛАТ s-Line 013R00668, 013R00666 для Xerox D95, совмест;DFRX000D95020;;FV3GX0qljLR23AgglRRlF1;DFRX000D95020;5737sl;5737;0
4b19c47f-36dc-11ef-0a80-0bea000c0409;сменился внеш.код;Драм-картридж БУЛАТ s-Line Xerox 013R00688 для VersaLink C7120 (Цветно;EFRXVL7120050;;DOsTWi55h9jQvBizNPdZD2;EFRXVL7120050;6230sl;6230;0
54477b69-36dc-11ef-0a80-0bea000c0574;сменился внеш.код;Драм-картридж БУЛАТ s-Line 101R00435 для Xerox WC 5225 (Чёрный, 80000 ;DFRXWC5225030;;r5zIGC0-gPqhb3LyXqMgS1;DFRXWC5225030;1087sl;1087;0
58ee1567-36dc-11ef-0a80-0bea000c05fc;сменился внеш.код;Струйный картридж БУЛАТ PFI-102BK (0895B001) для Canon imagePROGRAF iP;GFCNPFI102010;;hEXS6ERFiR4NA0WnlA03l3;GFCNPFI102010;1238bt;1238;0
58f78882-36dc-11ef-0a80-0bea000c0600;сменился внеш.код;Струйный картридж БУЛАТ PFI-102MBK (0894B001) для Canon imagePROGRAF i;GFCNPFI102020;;DiW3uKDeib6LvFUHIPyxp0;GFCNPFI102020;1242bt;1242;0
59c23187-36dc-11ef-0a80-0bea000c0650;сменился внеш.код;Струйный картридж БУЛАТ CL-41 Color (0617B025) для Canon Pixma iP1200,;GFCNIP1200010;;4c0jndgPjxccJJ8SKhttd1;GFCNIP1200010;0183bt;0183;0
5a0ff600-36dc-11ef-0a80-0bea000c0670;сменился внеш.код;Струйный картридж БУЛАТ CL-441XL Color (5220B001) для Canon Pixma MG21;GFCNMG2140020;;7faVBGrrgmshBtKqEUatu0;GFCNMG2140020;4395bt;4395;0
5c78c67f-36dc-11ef-0a80-0bea000c07f7;сменился внеш.код;Струйный картридж БУЛАТ 650XL (CZ102AE) для HP DeskJet 1015, 2515, 351;GFHPDJ1015020;;dTnoX095hEbceYLVFeC5R2;GFHPDJ1015020;2313bt;2313;0
5cb6e8c5-36dc-11ef-0a80-0bea000c080f;сменился внеш.код;Струйный картридж БУЛАТ 730 (P2V71A) для HP DesignJet T1600, T1700, T2;GFHPDJ1600010;;PhBH9dXajxXW-KnDBFGwH2;GFHPDJ1600010;4473bt;4473;0
5ce20911-36dc-11ef-0a80-0bea000c081f;сменился внеш.код;Струйный картридж БУЛАТ 730 (P2V70A) для HP DesignJet T1600, T1700, T2;GFHPDJ1600050;;aZ0W8UVpi8mm0uK1sCyUO2;GFHPDJ1600050;4472bt;4472;0
5d32ba5b-36dc-11ef-0a80-0bea000c083f;сменился внеш.код;Струйный картридж БУЛАТ 70 (C9455A) Пурпурный Светлый, 135 мл, pigment;GFHPDJ3100070;;aqMnsXTBiEWWhegEqbmSu2;GFHPDJ3100070;1570bt;1570;0
5d7137e6-36dc-11ef-0a80-0bea000c0857;сменился внеш.код;Струйный картридж БУЛАТ C8767HE для HP DeskJet 5743, OfficeJet 6313 13;GFHPDJ5743010;;Zk1YW0HAhXqBvGGuLkM4O3;GFHPDJ5743010;0196bt;0196;0
5f10cb01-36dc-11ef-0a80-0bea000c0903;сменился внеш.код;Контейнер с чернилами (с клапаном) БУЛАТ T6733, C13T67334A для Epson L;GDEP00L800030;;PQw7mWmjgBDrhaBo43RZ81;GDEP00L800030;3185bt;3185;0
5f19eb9a-36dc-11ef-0a80-0bea000c0907;сменился внеш.код;Контейнер с чернилами (с клапаном) БУЛАТ T6734, C13T67344A для Epson L;GDEP00L800040;;ta48gexVgSYcwmlleT7l11;GDEP00L800040;3186bt;3186;0
5f5117f0-36dc-11ef-0a80-0bea000c091f;сменился внеш.код;Контейнер с чернилами (с клапаном) БУЛАТ C13T67344A  для Epson L800 T6;GDEP00L800100;;XlZXo-mLiewoeyixCuBlC3;GDEP00L800100;3186bt;3186;0
5f59befe-36dc-11ef-0a80-0bea000c0923;сменился внеш.код;Контейнер с чернилами БУЛАТ C13T77414A, T7741 для Epson L1455, L605, M;GDEP0L1455020;;iqQfXVkxggidPUlDy2HRv0;GDEP0L1455020;3855bt;3855;0
5f6ca9b9-36dc-11ef-0a80-0bea000c092b;сменился внеш.код;Контейнер с чернилами БУЛАТ C13T03V14A для Epson L4150, L6160 101, Чёр;GDEP0L4150010;;gbAx4a0gjtkcPWnYiWAzh3;GDEP0L4150010;3850bt;3850;0
5fc884f3-36dc-11ef-0a80-0bea000c0953;сменился внеш.код;Контейнер с чернилами БУЛАТ C13T03P14A, E-110 для Epson M1100, M1170, ;GDEP0M1100010;;zrOEGgTbgLuO0Om4lzu1d0;GDEP0M1100010;6078bt;6078;0
5d2930f1-36dc-11ef-0a80-0bea000c083b;сменился внеш.код;Струйный картридж БУЛАТ 70 (C9453A) Пурпурный, 135 мл, pigment для HP ;GFHPDJ3100040;;qqa3YkprjW5s-id0ExhZb2;GFHPDJ3100040;1568bt;1568;0
