code,offers_in_ads,offers_with_sales,ad_spend_july,revenue_180d,offer_ids,name
5309,3,3,7733,376288,5309; 5309X2; 5309X6,"Тонер TN-420H для принтеров M6700D, M6800FDW, M7100DN, M7200"
1032,2,2,2382,555735,1032; 10325,"Картридж KX-FAT410A7 для Panasonic KX-MB1500, KX-MB1501, KX "
2393,3,3,776,31730,2393; 239327; 239330del1,"Картридж KP-108in / RP-108 для Canon CP1300, CP1500, CP1000,"
4821,3,1,753,56979,4821; 4821X2; 4821X6,"Картридж TL-420Е для принтеров M6700D, M6800FDW, M7100DN, M7"
5767,5,3,737,243066,5767; 57673; 57675; 5767X2; 5767X6,"Картридж для HP Color LaserJet Pro MFP 4303fdw, 4303dw, 4203"
5439,5,3,725,220320,5439; 54391; 54392; 5439X2; 5439X6,"Картридж LC-472XL BK для принтеров Brother MFC-J2340DW, MFC "
5631,5,3,718,127730,5631; 56311; 5631X10; 5631X2; 5631X6,Картридж TK-5440K для принтеров Kyocera ECOSYS MA2100cfx чер
5521,4,2,575,170042,5521; 55215; 5521X2; 5521X6,"Картридж для Canon i-SENSYS MF275dw, LBP120, LBP122dw, MF270"
0232,3,3,497,12186,0232; 02321-del; 02325,Картридж KX-FAT92A для принтеров Panasonic KXMB263 KXMB271 K
5626,3,1,408,108243,5626; 5626X2; 5626X6,"Картридж TK-5380K для принтеров Kyocera ECOSYS PA4000cx, MA4"
5418,3,2,322,260936,5418; 5418X2; 5418X6,"Картридж 067H Bk для принтеров Canon i-SENSYS LBP633Cdw, LBP"
0328,3,1,303,63306,0328; 0328X2; 0328X6,"Картридж 178XL для принтеров HP PhotoSmart B109c, DeskJet 30"
5940,3,1,292,38132,5940; 5940X2; 5940X6,"Картридж W1107XL для принтеров HP Laser 107A, Laser107R черн"
0035,3,1,272,35199,0035; 0035X2; 0035X6,Картридж SCX-4200 для принтеров Samsung SCX-4200 черный
4542,7,5,255,60125,4542; 45421; 45427; 45428; 45429; 4542X2; 4542X6,"Картридж W1106XL для принтеров HP Laser 135WR MFP, HP Laser "
3257,2,2,237,12587,3257; 32573,Заправочный комплект PC-211EV / PC-211RB (тонер 65гр + чип +
0851,5,5,235,47850,0851; 085110; 085111; 08512; 08514,"Картридж TN-2375 для принтеров Brother DCP-L2500DR, DCP-L252"
2312,4,2,230,90046,2312; 23127; 2312X2; 2312X6,"Картридж 650 для принтеров HP Ink Advantage 2545 All-in-One,"
5519,3,3,226,2771,5519; 55192; 55193,"Картридж W1420A для принтеров HP LaserJet MFP M140w, LJ M110"
2233,2,2,220,30444,2233; 22335,"Картридж TN-322 для принтеров Konica Minolta и Bizhub 224, B"
1324,2,2,214,15166,13242; 13243,Картридж для Ricoh Aficio SP111SF
6383,2,2,212,22618,6383; 63832,Картридж TL-C2310H для принтеров BM2300 черный
0792,2,2,197,15484,0792; 079218,"Картридж CLT-K406S для принтеров Samsung CLX-3305FW, CLP-360"
0305,4,2,190,68084,0305; 030523; 0305X2; 0305X6,"Картридж 45 для принтеров HP DesignJet 750, Copier 110/120, "
0481,3,3,185,5347,0481; 04814; 04816,Картридж T036 Epson черный совместимый
5344,3,1,182,72912,5344; 5344X2; 5344X6,Картридж SCX-4100 для принтеров Samsung и SCX-4100 черный
0237,3,3,181,40612,0237; 02372del; 02373,"Картридж TK-1140 для принтеров Kyocera EcoSys M2035DN, M2535"
1367,3,3,179,80549,1367; 13671; 13672,"Картридж 106R02773 для Xerox WorkCentre 3025, Phaser 3020BI,"
1377,3,3,173,24558,1377; 13772; 13775,"Картридж CF218A для принтеров HP LaserJet Pro M104w, LJ M133"
0306,3,3,167,125059,0306; 03063; 03066,"Картридж 78 для принтеров HP DeskJet 1280 DeskJet 1220, Copi"
4433,6,4,161,45477,4433; 443310; 44337; 44338; 4433X2; 4433X6,"Чернила №110 для принтеров Epson EcoTank M2170, EcoTank M110"
2638,4,3,161,131882,2638; 26382; 2638X2; 2638X6,Картридж TN-324BK для принтеров Konica Minolta и Bizhub C258
4481,6,4,157,93397,4481; 44813; 44813del1; 44816; 4481X2; 4481X6,"Картридж CTL-1100XK для Pantum CM1100DW, CM1100DN"
0018,5,5,155,42536,0018; 001812; 001818; 001820; 00184,"Картридж E30 для принтеров Canon FC-100, FC 108, FC120, FC-1"
5781,3,1,155,31329,5781; 5781X2; 5781X6,"Фотобарабан 013R00691 для принтеров Xerox B225, B230, B235 ч"
3262,3,3,149,13848,3262; 32621; 326210,Картридж PC-211EV для принтеров Pantum P2518 M6500 P2200 P22
5773,2,2,148,84764,5773; 57733,"Картридж 070 для принтеров Canon i-SENSYS MF461dw, LBP243dw,"
1835,5,3,145,49788,1835; 18353; 18354; 1835X2; 1835X6,"Картридж SP3500XE для Ricoh Aficio SP3500SF, SP3510DN, SP351"
5841,2,2,144,5965,5841; 58411,"Картридж ME-300 для принтеров Epson FX-80, FX 800, FX870, LX"
0202,4,4,143,19379,0202; 020238; 02024; 02025,"Картридж 122XL для принтеров HP DeskJet 3050A, DeskJet 1000"
0109,2,2,139,8222,0109; 01091,"Картридж ML-1630 для принтеров Samsung SCX-4500, SCX-4501, M"
5807,3,1,135,223533,5807; 5807X2; 5807X6,Картридж C-EXV65K для принтеров Canon iR-C3226i черный
3083,3,1,134,49966,3083; 3083X2; 3083X6,"Картридж 903XL для принтеров HP OfficeJet 6950, OfficeJet Pr"
0832,3,1,134,48903,0832; 0832X2; 0832X6,"Фотобарабан C-EXV14 DU для принтеров Canon iR 2318L, iR 2320"
2215,4,2,130,33315,2215; 22152; 2215X2; 2215X6,"Картридж ML182 для принтеров OKI ML-182, ML 192, ML280, ML-3"
4830,3,1,120,30611,4830; 4830X2; 4830X6,"Фотобарабан W1104A для принтеров HP Neverstop 1200 a, 1000a "
2965,3,1,117,37530,2965; 2965X2; 2965X6,"Фотобарабан DK-1150 DU для принтеров Kyocera EcoSys M2040dn,"
0274,3,3,117,7161,0274; 02743; 02744,"Картридж MLT-D101S для принтеров Samsung SCX-3405, SCX-3407,"
2400,2,2,116,21904,2400; 24003,"Картридж TK-5270BK для принтеров Kyocera и EcoSys M6230cidn,"
0119,4,4,115,14065,0119; 01191; 01192; 01192del,"Картридж TK-130 для принтеров Kyocera FS-1128MFP, FS-1300D, "
3641,3,1,113,147313,3641; 3641X2; 3641X6,"Фотобарабан CF257A для принтеров HP LaserJet M433, LJ M436 ч"
5287,5,3,108,57457,5287; 528711; 52877; 5287X2; 5287X6,Картридж T1A для принтеров Deli и M2500AD черный
6851,3,1,106,386489,6851; 6851X2; 6851X6,"Картридж 40STB15 для принтеров F+ Imaging M40adn, M40adn20, "
5339,2,2,105,19548,5339; 53395,"Картридж Q7553A для принтеров HP LaserJet P2015D, LJ M2727nf"
2219,3,1,101,41819,2219; 2219X2; 2219X6,Картридж PR2 для принтеров Olivetti PR2 черный
3264,4,4,99,29132,3264; 326410; 32644; 32648,"Картридж TL-420X для Pantum M6700DW, M6800FDW, M7100DN, M720"
2227,3,1,99,27626,2227; 2227X2; 2227X6,"Фотобарабан CF234A для принтеров HP LaserJet Ultra M106, LJ "
2193,2,2,91,8420,2193; 21931,"Фотобарабан CF219A для принтеров HP LaserJet Pro M101, LJ Pr"
6409,2,2,90,29268,6409; 64093,Картридж TK-5450B для принтеров Kyocera ECOSYS MA2600cfx чер
0489,2,2,87,6766,0489; 04896,"Картридж T0441 для Epson Stylus CX 6600, Stylus C64"
3898,2,2,86,43721,3898; 38981,"Картридж №912XL Bk для принтеров HP OfficeJet 8012, OfficeJe"
5824,3,1,85,153046,5824; 5824X2; 5824X6,"Фотобарабан W2004A для принтеров HP Color LJ M751, LJ M776 ч"
5495,2,2,79,27197,5495; 54954,"Картридж W1540A для принтеров HP LaserJet Tank 2602dn, LJ Ta"
2970,2,2,78,17905,2970; 29704,"Картридж 047 для принтеров Canon i-SENSYS LBP-110, LBP113, M"
3258,3,1,78,92082,3258; 3258X2; 3258X6,"Тонер TN-420X для принтеров M6700D, M6800FDW, M7100DN, M7200"
1645,2,2,75,3142,1645; 16451,"Картридж S050583 для принтеров Epson AcuLaser M2300 MX20, M2"
2607,4,4,74,2806,2607; 260726; 26074; 26079,"Чернила T6641 K для принтеров Epson L100, L110, L130, L1300,"
4309,3,1,74,29632,4309; 4309X2; 4309X6,"Картридж TN-328K для принтеров Konica Minolta Bizhub C250i, "
0277,4,4,73,28408,0277; 02772; 02773; 02774,"Картридж MLT-D103L для принтеров Samsung ML2950, ML2950NDR, "
5341,3,3,71,11948,5341; 53416; 53419,Картридж MLT-D119S для принтеров Samsung ML1610 ML1615 ML162
0866,2,2,71,5471,0866; 08662,"Картридж TK-4105 для принтеров Kyocera TASKalfa 1800, TASKal"
0781,2,2,69,5827,0781; 07811,"Картридж TK-1110 для принтеров Kyocera FS-1120MFP, FS-1020MF"
0856,3,1,69,36127,0856; 0856X2; 0856X6,"Картридж TN-241BK для принтеров Brother и DCP-9020cdw, HL-31"
1279,3,1,68,34320,1279; 1279X2; 1279X6,"Картридж CF410A для принтеров HP LJ Color Pro M377dw, M452dn"
0024,3,1,67,53406,0024; 0024X2; 0024X6,"Картридж Q6511A для принтеров HP LaserJet 2410, LJ 2420, LJ "
6820,3,1,67,57190,6820; 6820X2; 6820X6,"Фотобарабан 0IU40R4 для принтеров F+ Imaging M40adn, P40dn ч"
5544,4,2,65,433198,5544; 55442; 5544X2; 5544X6,"Фотобарабан DR-421CL для принтеров Brother DCP-L8410CDW, HL-"
3909,3,1,65,133793,3909; 3909X2; 3909X6,"Картридж W2030A для принтеров HP Color LaserJet M454dn, LJ P"
2146,2,2,65,38459,2146; 21462,"Картридж SP4500HE для принтеров Ricoh SP 4510DN, SP 4510SF ч"
0927,2,2,63,10140,0927; 09279,"Картридж T2621XL для принтеров Epson Expression XP 710, XP 5"
5953,3,1,62,28629,5953; 5953X2; 5953X6,Картридж THM348 для принтеров Катюша М348 черный
1457,2,2,60,12122,1457; 14572,"Картридж PGI-35BK для принтеров Canon Pixma iP100, Pixma iP1"
5848,2,2,59,16905,5848; 58481,"Картридж W1580X для принтеров HP LaserJet Tank 1020w, LJ Tan"
3754,2,2,59,49309,3754; 3754del,"Картриджи 46861324-46861321 для принтеров OKI C834, C844"
4837,4,2,55,80101,4837; 48372; 4837X2; 4837X6,"Картридж 3ED71A для принтеров HP DesignJet T630, DJ Studio, "
0127,2,2,55,4437,0127; 01276,"Лента KX-FA54A для принтеров Panasonic KX-FC233, KX FC243, K"
1460,2,2,53,5664,1460; 14603,"Картридж T1361Bk для принтеров Epson K101, K201, K301 черный"
0280,2,2,53,2678,02803; 02809,Картридж для Samsung SCX-3200
0429,3,1,52,50948,0429; 0429X2; 0429X6,"Картридж C4129X для принтеров HP LaserJet 5000, LJ 5100 черн"
0112,2,2,51,10018,0112; 011210,"Картридж TN-3170 для принтеров Brother DCP-8060, DCP 8065DN,"
1666,2,2,50,16403,16661; 16661del1,"Картридж для HP LaserJet Pro M203dn, i-SENSYS LBP162dw, i SE"
1384,2,2,50,17380,1384; 13844,"Картридж 731H для принтеров Canon i-SENSYS LBP-7100Cn, LBP 7"
5725,3,1,48,130712,5725; 5725X2; 5725X6,"Картридж THM130 для принтеров Катюша M130, P130 черный"
5706,3,1,48,51097,5706; 5706X2; 5706X6,Лента M210-750-488 для принтеров Brady M210 черный
6639,2,2,48,12111,6639; 66391,Фотобарабан + картридж DR-2405+TN-2424 для принтеров Brother
3431,3,1,47,33807,3431; 3431X2; 3431X6,"Картридж TN-217BK для принтеров Brother DCP-L3550CDW, HL-L32"
5446,2,2,47,21065,5446; 54462,"Картридж TK-3430 для принтеров Kyocera ECOSYS MA5500ifx, PA5"
6202,3,1,47,35118,6202; 6202X2; 6202X6,"Картридж TK-1060 для принтеров Avision AM5630i, AM5640i, AM7"
1312,2,2,46,11038,1312; 13122,"Картридж 60F5H00 для принтеров Lexmark MX310dn, MX410de, MX5"
2343,2,2,46,7754,2343; 23432,"Картридж 106R03488 для принтеров Xerox Phaser 6510, WC 6515 "
2388,3,1,45,29219,2388; 2388X2; 2388X6,"Картридж TN-423BK для принтеров Brother DCP-L8410CDW, HL-L82"
4746,3,1,43,31170,4746; 4746X2; 4746X6,"Картридж PG-460XL для принтеров Canon Pixma MG5740, Pixma MG"
0279,2,2,43,19913,0279; 02792,"Картридж MLT-D205L для Samsung SCX-4833FR, SCX-4835, SCX 563"
0871,4,2,42,50086,0871; 08718; 0871X2; 0871X6,"Картридж TK-590K для принтеров Kyocera EcoSys M6026cdn, M652"
5621,3,1,42,136171,5621; 5621X2; 5621X6,Картридж TK-5370K для принтеров Kyocera ECOSYS MA3500cifx че
0240,2,2,41,5155,0240; 02404,"Картридж TK-170 для принтеров Kyocera FS-1370DN, P2135D, FS-"
2183,4,2,39,51163,2183; 21831; 2183X2; 2183X6,"Картридж 953XLBK для принтеров HP OfficeJet Pro 7720, Office"
5618,2,2,38,32827,5618; 56181,"Картридж TK-3300 для принтеров Kyocera и ECOSYS MA4500ifx, M"
3183,2,2,38,2651,3183; 31835,"Чернила T6731 для принтеров Epson L-1800, L-800, L 805, L810"
1718,3,3,36,18791,1718; 17181; 17182,"Картридж TK-1150 для принтеров Kyocera EcoSys M2735dw, P2235"
3669,3,1,35,89262,3669; 3669X2; 3669X6,Картридж 106R03765 для принтеров Xerox VersaLink C7000 черны
0251,3,3,35,9281,02512; 02517; 02518,Картридж для Brother HL-5350DN
6885,3,1,34,56774,6885; 6885X2; 6885X6,Фотобарабан 60IU60S для принтеров F+ Imaging M60ade черный
0002,3,3,34,9597,0002; 00024; 00025,"Картридж Q2612A для принтеров HP LaserJet 1022, LaserJet 102"
5353,2,2,33,5715,5353; 53531,"Картридж CB435A для HP LaserJet P1005, LJ P1006, LJ-P1007, L"
3442,3,1,33,76506,3442; 3442X2; 3442X6,"Картридж T9661 для принтеров Epson WorkForce Pro M5298, WF P"
3845,2,2,33,2189,3845; 38457,"Чернила №103BK для принтеров Epson L 3101, L 3110 черный"
0249,4,4,33,21158,0249; 02496; 02497; 02498,"Картридж TN-2275 для принтеров Brother DCP-7070DWR, FAX-2845"
2226,2,2,33,85786,2226; 22262,"Картридж 51F5H00 для принтеров Lexmark MS312, MS415dn, MS312"
0587,2,2,33,5009,0587; 05872,"Картридж LC-900BK для принтеров Brother DCP-115C, DCP-110C, "
5216,2,2,32,23249,5216; 52161,"Картридж S015339 для принтеров Epson PLQ-20, PLQ-20M"
3441,2,2,32,11531,3441; 34413,"Картридж T9651 для принтеров Epson WorkForce Pro M5298, WF P"
3906,3,1,31,29011,3906; 3906X2; 3906X6,Картридж TK-7125 для принтеров Kyocera TASKalfa 3212i черный
0713,2,2,31,62469,0713; 07135,"Картридж C8543X для принтеров HP LaserJet 9000, LJ 9040, LJ "
5587,2,2,30,17596,5587; 55871,"Картридж W1520A для принтеров HP LaserJet 4004, LJ 4104fdw ч"
5403,3,1,29,52056,5403; 5403X2; 5403X6,"Картридж 056H для принтеров Canon i-SENSYS MF542x, MF543x, L"
2208,4,2,28,39130,2208; 22084; 2208X2; 2208X6,"Картридж iR40T для принтеров Citizen CX120, CX123, IR40T, IR"
3743,3,1,27,70735,3743; 3743X2; 3743X6,Фотобарабан 113R00782 DU для принтеров Xerox VersaLink C7000
1487,2,2,27,5859,1487; 14874,"Картридж PGI-2400XLBK для принтеров Canon и MAXIFY iB4040, i"
2293,2,2,24,24576,2293; 22933,"Картридж CF530A для принтеров HP Color LJ Pro M154 a, LJ Pro"
0825,2,2,24,6044,0825; 08251,"Картридж CF283A для принтеров HP LaserJet Pro M125, LJ Pro M"
1323,2,2,22,6953,1323; 13231,"Картридж KX-FAT472A7 для принтеров Panasonic KX-MB2110, KX-M"
5730,3,1,22,26769,5730; 5730X2; 5730X6,"Картридж W1520X для принтеров HP LaserJet 4104fdw, LJ Pro 40"
2152,3,1,21,26497,2152; 2152X2; 2152X6,"Картридж CF540A для принтеров HP LaserJet Pro Color M254dw, "
3383,2,2,21,25765,3383; 33831,"Фотобарабан C-EXV42 DU для принтеров Canon iR-2202, iR-2204 "
3199,2,2,20,20417,3199; 31991,"Картридж SP-3710X для принтеров Ricoh Aficio SP-3710SF, 3710"
5527,2,2,20,27425,5527; 55271,"Картридж W1450X для принтеров HP LaserJet Pro 3001dw, LJ Pro"
5384,3,1,19,48596,5384; 5384X2; 5384X6,"Картридж 055H BK для принтеров Canon i-SENSYS MF 741, MF 743"
2371,2,2,19,23037,2371; 23711,"Картридж MP-2014H для принтеров Ricoh Aficio MP-2014D, IM 27"
3367,2,2,18,8781,3367; 33675,"Картридж TN-2135 для принтеров Brother и DCP-7030, DCP7032, "
0862,2,2,17,3300,0862; 08621,Картридж TK-685 для принтеров Kyocera и TASKalfa 300i черный
4333,2,2,15,12607,4333; 43332,"Картридж PC-212EV для принтеров M6502, M6552NW, P2502 черный"
2438,3,1,15,48790,2438; 2438X2; 2438X6,"Картридж C-EXV39 для принтеров Canon iR Advance 4025i, iR Ad"
2411,3,2,14,45902,2411; 2411X2; 2411X6,"Картридж TK-8115BK для принтеров Kyocera Ecosys M8124cidn, M"
5757,2,2,14,9978,5757; 57571,"Картридж TK-7135 для принтеров Kyocera и TASKalfa MZ3200, MZ"
0595,3,3,14,2655,0595; 059514; 05956,"Картридж LC-1100BK для принтеров Brother DCP 385C, DCP 145C,"
2135,4,2,14,72845,2135; 21352; 2135X2; 2135X6,"Картридж TK-5240BK для принтеров Kyocera Ecosys M5526cdn, P5"
4832,3,1,14,85134,4832; 4832X2; 4832X6,"Картридж CF289X для принтеров HP LaserJet M507, LJ M528 черн"
1430,2,2,13,18261,1430; 14303,Картридж SP311HE для принтеров Ricoh Aficio SP311DN черный
0025,2,2,13,8010,0025; 00252,"Картридж Q7551A для принтеров HP LaserJet M3027, LJ M3035 MF"
1042,4,2,13,31284,1042; 10425; 1042X2; 1042X6,"Картридж MLT-D111S для принтеров Samsung Xpress SL-M2070W, X"
0135,2,2,12,2180,0135; 01352,"Картридж CLI-8BK для принтеров Canon Pixma iP3300, PixmaiP35"
0060,4,2,12,42125,0060; 00605; 0060X2; 0060X6,"Картридж для Canon i-SENSYS MF-411dw, MF-416dw, MF 418x, MF4"
2960,3,1,11,115682,2960; 2960X2; 2960X6,"Фотобарабан C-EXV33 DU для принтеров Canon ImageRunner 2520,"
5806,3,1,11,35152,5806; 5806X2; 5806X6,"Картридж TN-3600XXL для принтеров Brother HL-L5210, 5710 чер"
6231,3,1,11,33514,6231; 6231X2; 6231X6,"Картридж PC-212EV XL для принтеров M6502, M6552NW, P2502 чер"
2633,3,1,10,46258,2633; 2633X2; 2633X6,"Картридж TN-221K для принтеров Konica Minolta Bizhub C227, B"
5698,3,1,10,91943,5698; 5698X2; 5698X6,"Картридж 070H для принтеров LBP243dw, LBP246dw, MF461dw, MF4"
5237,3,1,10,39974,5237; 5237X2; 5237X6,"Картридж 069 для принтеров Canon i-SENSYS LBP673Cdw, MF752Cd"
2979,3,1,10,55950,2979; 2979X2; 2979X6,"Картридж 106R03745BK для принтеров Xerox VersaLink C7025, Ve"
4480,3,1,8,119309,4480; 4480X2; 4480X6,"Картридж W9025MC для принтеров HP LaserJet E72425, LJ E72430"
0087,2,1,8,3902,0087; 00872,"Картридж CE285A для принтеров HP LaserJet Pro M1132, LJ Pro "
5530,3,1,8,151060,5530; 5530X2; 5530X6,"Картридж W1510X для принтеров HP LaserJet Pro 4003dn, LJ Pro"
5845,3,1,8,50541,5845; 5845X2; 5845X6,"Картридж 006R01819 для принтеров Xerox VersaLink B7125, Vers"
1285,3,3,7,38331,1285; 12856; 12856del,Картридж TN-3480 для принтеров Brother MFC-L5750dw MFC L6700
4264,4,2,7,36932,4264; 42645; 4264X2; 4264X6,"Картридж 006R01701 для принтеров Xerox AltaLink C8045, C8030"
0860,2,2,7,7943,08601; 08602,Картридж для Kyocera TASKalfa 3500i
6761,2,2,6,10573,6761; 67614,"Картридж W1390X для принтеров HP LaserJet Pro 3001dw, LJ Pro"
0893,3,1,5,79020,0893; 0893X2; 0893X6,"Картридж CF325X для принтеров HP и LaserJet M806DN M806DN, M"
2405,3,1,5,29797,2405; 2405X2; 2405X6,"Картридж TK-5280BK для принтеров Kyocera Ecosys M6235cidn, M"
0830,3,1,4,26134,0830; 0830X2; 0830X6,"Картридж C-EXV33 для принтеров Canon IR2520, IR2525 черный"
0561,2,2,4,7845,0561; 05613,"Картридж TK-475 для принтеров Kyocera FS-6525MFP, FS-6530MFP"
3617,3,1,1,26104,3617; 3617X2; 3617X6,"Фотобарабан 101R00664 DU для принтеров Xerox B-205, B 210, B"
4531,3,1,1,58506,4531; 4531X2; 4531X6,"Фотобарабан 013R00681 DU для принтеров Xerox AltaLink C8130,"
1307,3,1,0,35732,1307; 1307X2; 1307X6,"Картридж 50F5U00 для принтеров Lexmark MS510dn, MS610de, MS6"
2984,3,1,0,43059,2984; 2984X2; 2984X6,"Фотобарабан CLT-R407 DU для принтеров Samsung CLP-320, CLP 3"
4730,3,1,0,35281,4730; 4730X2; 4730X6,Картридж TN-227K для принтеров Konica Minolta Bizhub C257i ч
4532,3,1,0,57664,4532; 4532X2; 4532X6,Картридж C-EXV60 для принтеров Canon и imageRUNNER 2425 черн
5488,3,1,0,26640,5488; 5488X2; 5488X6,"Картридж 069 BK для принтеров Canon и i-SENSYS LBP673Cdw, MF"
1761,3,1,0,29739,1761; 1761X2; 1761X6,"Фотобарабан 44574307 DU для принтеров OKI B401dn, MB441dn, M"
1320,3,1,0,42060,1320; 1320X2; 1320X6,"Картридж 45807111/45807121 для принтеров OKI B412, B412dn, D"
0980,3,1,0,18714,0980; 0980X2; 0980X6,"Картридж 44992404 для принтеров OKI MB451w, B401, MB441"
2439,3,1,0,58662,2439; 2439X2; 2439X6,"Картридж C-EXV49Bk для принтеров Canon iR Advance C3320, iR "
5715,3,1,0,57931,5715; 5715X2; 5715X6,Картридж TK-7235 для принтеров Kyocera и TASKalfa MZ4000i че
3958,3,1,0,22834,3958; 3958X2; 3958X6,"Картридж для HP LaserJet Pro M430f, LJ M406, LJ Pro M304, LJ"
5229,3,1,0,43465,5229; 5229X2; 5229X6,"Картридж 067H для принтеров Canon i-SENSYS LBP631CW, LBP633,"
5374,3,1,0,233606,5374; 5374X2; 5374X6,"Картридж 069H для принтеров Canon i-SENSYS LBP673Cdw, MF752C"
2355,3,3,0,30969,23554; 23554del1; 23555,"Картридж для Canon i-SENSYS MF-421dw, MF-426dw, MF 428x, MF4"
4274,3,1,0,52166,4274; 4274X2; 4274X6,"Картридж W2410A для принтеров HP Color LaserJet Pro M155a, C"
1425,3,1,0,41899,1425; 1425X2; 1425X6,"Картридж 45807120 для принтеров OKI B412, Data B432, B432dn,"
3717,3,1,0,130355,3717; 3717X2; 3717X6,"Картридж 418481 для принтеров Ricoh IM 600, IM-550, P 801, P"
