sku,offer_id,name,campaign,bid_now,qty_180d,revenue_180d,qty_90d,ad_spend_july,ad_revenue_july,organic_pct,reason
5272628215,4832X2,Комплект картриджей CF289X (2 шт.) на 20000 страниц для прин,Бандлы x2/x6 — старт (08.08),15.0,0,0,0,0,0,,нет продаж 180 дн
930619573,3207,Картридж CF363A для принтеров HP Color LaserJet Enterprise M,Эксперимент1,8.0,0,0,0,0,0,,нет продаж 180 дн
5289887575,6851X2,Комплект картриджей 40STB15 (2 шт.) на 30000 страниц для при,Бандлы x2/x6 — старт (08.08),15.0,0,0,0,0,0,,нет продаж 180 дн
5233230021,0035X2,Комплект картриджей SCX-4200 (2 шт.) на 6000 страниц для при,Бандлы x2/x6 — старт (08.08),15.0,0,0,0,0,0,,нет продаж 180 дн
5244134484,1761X6,Комплект фотобарабанов 44574307 DU (6 шт.) на 150000 страниц,Бандлы x2/x6 — старт (08.08),15.0,0,0,0,0,0,,нет продаж 180 дн
930626677,2732,"Лента TZe-131 для принтеров Brother PT-1000, PT 1005, PT1010",Эксперимент1,8.0,0,0,0,0,0,,нет продаж 180 дн
5255259852,2960X2,Комплект фотобарабанов C-EXV33 DU (2 шт.) на 338000 страниц ,Бандлы x2/x6 — старт (08.08),15.0,0,0,0,0,0,,нет продаж 180 дн
5281214851,5845X2,Комплект тонер-картриджей 006R01819 (2 шт.) на 62000 страниц,Бандлы x2/x6 — старт (08.08),15.0,0,0,0,0,0,,нет продаж 180 дн
5260427107,3717X6,Комплект картриджей 418481 (6 шт.) на 240000 страниц для при,Бандлы x2/x6 — старт (08.08),15.0,0,0,0,0,0,,нет продаж 180 дн
1798004896,5552,"Картридж TNP-76 для принтеров Konica bizhub 4020i, 4000i",от 2000 до 5000,12.0,0,0,0,33,0,,нет продаж 180 дн
5272027515,4746X6,Комплект картриджей PG-460XL (6 шт.) на 2400 страниц для при,Бандлы x2/x6 — старт (08.08),15.0,0,0,0,0,0,,нет продаж 180 дн
5256281781,3083X2,Комплект картриджей 903XL (2 шт.) на 1650 страниц для принте,Бандлы x2/x6 — старт (08.08),15.0,0,0,0,0,0,,нет продаж 180 дн
5279669988,5530X6,Комплект картриджей W1510X (6 шт.) на 58200 страниц для прин,Бандлы x2/x6 — старт (08.08),15.0,0,0,0,0,0,,нет продаж 180 дн
873319775,3841,"Чернила BT5000C для принтеров Brother DCP-T300, DCP T310, MF",Эксперимент1,6.0,0,0,0,0,0,,нет продаж 180 дн
5249702927,2135X6,Комплект картриджей TK-5240BK (6 шт.) на 24000 страниц для п,Бандлы x2/x6 — старт (08.08),15.0,0,0,0,0,0,,нет продаж 180 дн
5280251334,5698X6,Комплект картриджей 070H (6 шт.) на 61200 страниц для принте,Бандлы x2/x6 — старт (08.08),15.0,0,0,0,0,0,,нет продаж 180 дн
5265230747,4264X2,Комплект картриджей 006R01701 (2 шт.) на 52000 страниц для п,Бандлы x2/x6 — старт (08.08),15.0,0,0,0,0,0,,нет продаж 180 дн
5280119647,5631X2,Комплект тонер-картриджей TK-5440K (2 шт.) на 5200 страниц д,Бандлы x2/x6 — старт (08.08),15.0,0,0,0,0,0,,нет продаж 180 дн
5322425091,2633X6,Комплект картриджей TN-221K (6 шт.) на 144000 страниц для пр,Бандлы x2/x6 — старт (08.08),15.0,0,0,0,0,0,,нет продаж 180 дн
5278081521,5384X2,Комплект картриджей 055H BK (2 шт.) на 15200 страниц для при,Бандлы x2/x6 — старт (08.08),15.0,0,0,0,0,0,,нет продаж 180 дн
5251771585,2388X2,Комплект картриджей TN-423BK (2 шт.) на 13000 страниц для пр,Бандлы x2/x6 — старт (08.08),15.0,0,0,0,0,0,,нет продаж 180 дн
5249698884,2135X2,Комплект картриджей TK-5240BK (2 шт.) на 8000 страниц для пр,Бандлы x2/x6 — старт (08.08),15.0,0,0,0,0,0,,нет продаж 180 дн
5255536901,2979X2,Комплект картриджей 106R03745BK (2 шт.) на 47200 страниц для,Бандлы x2/x6 — старт (08.08),15.0,0,0,0,0,0,,нет продаж 180 дн
5239515821,0830X6,Комплект картриджей C-EXV33 (6 шт.) на 90000 страниц для при,Бандлы x2/x6 — старт (08.08),15.0,0,0,0,0,0,,нет продаж 180 дн
1153731902,1994,"Фотобарабан DR-114 DU для принтеров Konica Minolta 7115, 711",от 10000 до 500 тыс,12.0,0,0,0,35,0,,нет продаж 180 дн
5265967060,4433X6,Комплект чернил №110 (6 шт.) на 36000 страниц для принтеров ,Бандлы x2/x6 — старт (08.08),15.0,0,0,0,0,0,,нет продаж 180 дн
652454538,0087,"Картридж CE285A для принтеров HP LaserJet Pro M1132, LJ Pro ",от 1000-2000,12.0,0,0,0,1,0,,нет продаж 180 дн
5322451343,4480X2,Комплект картриджей W9025MC (2 шт.) на 66000 страниц для при,Бандлы x2/x6 — старт (08.08),15.0,0,0,0,0,0,,нет продаж 180 дн
5280097888,5621X6,Комплект тонер-картриджей TK-5370K (6 шт.) на 42000 страниц ,Бандлы x2/x6 — старт (08.08),15.0,0,0,0,0,0,,нет продаж 180 дн
5279551540,5521X2,Комплект картриджей 071H (2 шт.) на 5000 страниц для принтер,Бандлы x2/x6 — старт (08.08),15.0,0,0,0,0,0,,нет продаж 180 дн
5250431384,2227X2,Комплект фотобарабанов CF234A (2 шт.) на 18400 страниц для п,Бандлы x2/x6 — старт (08.08),15.0,0,0,0,0,0,,нет продаж 180 дн
5240181081,1307X6,Комплект картриджей 50F5U00 (6 шт.) на 120000 страниц для пр,Бандлы x2/x6 — старт (08.08),15.0,0,0,0,0,0,,нет продаж 180 дн
5240087928,1279X2,Комплект картриджей CF410A (2 шт.) на 4600 страниц для принт,Бандлы x2/x6 — старт (08.08),15.0,0,0,0,0,0,,нет продаж 180 дн
5285119952,6231X6,Комплект картриджей PC-212EV XL (6 шт.) на 36000 страниц для,Бандлы x2/x6 — старт (08.08),15.0,0,0,0,0,0,,нет продаж 180 дн
5276873456,5237X6,Комплект картриджей 069 (6 шт.) на 12600 страниц для принтер,Бандлы x2/x6 — старт (08.08),15.0,0,0,0,0,0,,нет продаж 180 дн
5289879276,6851X6,Комплект картриджей 40STB15 (6 шт.) на 90000 страниц для при,Бандлы x2/x6 — старт (08.08),15.0,0,0,0,0,0,,нет продаж 180 дн
5278543346,5439X6,Комплект картриджей LC-472XL BK (6 шт.) на 18000 страниц для,Бандлы x2/x6 — старт (08.08),15.0,0,0,0,0,0,,нет продаж 180 дн
5239655157,0980X6,Комплект картриджей 44992404 (6 шт.) на 15000 страниц для пр,Бандлы x2/x6 — старт (08.08),15.0,0,0,0,0,0,,нет продаж 180 дн
5250362136,2219X2,Комплект картриджей PR2 (2 шт.) на 4000000 знаков для принте,Бандлы x2/x6 — старт (08.08),15.0,0,0,0,0,0,,нет продаж 180 дн
5281028949,5806X6,Комплект картриджей TN-3600XXL (6 шт.) на 66000 страниц для ,Бандлы x2/x6 — старт (08.08),15.0,0,0,0,0,0,,нет продаж 180 дн
5285082922,6231X2,Комплект картриджей PC-212EV XL (2 шт.) на 12000 страниц для,Бандлы x2/x6 — старт (08.08),15.0,0,0,0,0,0,,нет продаж 180 дн
5276836940,5229X6,Комплект картриджей 067H (6 шт.) на 18780 страниц для принте,Бандлы x2/x6 — старт (08.08),15.0,0,0,0,0,0,,нет продаж 180 дн
5280330631,5706X2,Комплект лент M210-750-488 (2 шт.) на 12 метров для принтеро,Бандлы x2/x6 — старт (08.08),15.0,0,0,0,0,0,,нет продаж 180 дн
5259400790,3617X6,Комплект фотобарабанов 101R00664 DU (6 шт.) на 60000 страниц,Бандлы x2/x6 — старт (08.08),15.0,0,0,0,0,0,,нет продаж 180 дн
5279550442,5521X6,Комплект картриджей 071H (6 шт.) на 15000 страниц для принте,Бандлы x2/x6 — старт (08.08),15.0,0,0,0,0,0,,нет продаж 180 дн
5290540232,6885X2,Комплект фотобарабанов 60IU60S (2 шт.) на 120000 страниц для,Бандлы x2/x6 — старт (08.08),15.0,0,0,0,0,0,,нет продаж 180 дн
5260010102,3669X6,Комплект картриджей 106R03765 (6 шт.) на 64200 страниц для п,Бандлы x2/x6 — старт (08.08),15.0,0,0,0,0,0,,нет продаж 180 дн
5238218205,0328X2,Комплект картриджей 178XL (2 шт.) на 1100 страниц для принте,Бандлы x2/x6 — старт (08.08),15.0,0,0,0,0,0,,нет продаж 180 дн
5233232895,5344X6,Комплект картриджей SCX-4100 (6 шт.) на 18000 страниц для пр,Бандлы x2/x6 — старт (08.08),15.0,0,0,0,0,0,,нет продаж 180 дн
5279667146,5530X2,Комплект картриджей W1510X (2 шт.) на 19400 страниц для прин,Бандлы x2/x6 — старт (08.08),15.0,0,0,0,0,0,,нет продаж 180 дн
5250215130,2208X6,Комплект картриджей iR40T (6 шт.) на 258мл. для принтеров Ci,Бандлы x2/x6 — старт (08.08),15.0,0,0,0,0,0,,нет продаж 180 дн
5281215543,5845X6,Комплект тонер-картриджей 006R01819 (6 шт.) на 186000 страни,Бандлы x2/x6 — старт (08.08),15.0,0,0,0,0,0,,нет продаж 180 дн
5251771172,2388X6,Комплект картриджей TN-423BK (6 шт.) на 39000 страниц для пр,Бандлы x2/x6 — старт (08.08),15.0,0,0,0,0,0,,нет продаж 180 дн
5240259203,1320X2,Комплект картриджей 45807111/45807121 (2 шт.) на 24000 стран,Бандлы x2/x6 — старт (08.08),15.0,0,0,0,0,0,,нет продаж 180 дн
5241191759,1425X2,Комплект картриджей 45807120 (2 шт.) на 14000 страниц для пр,Бандлы x2/x6 — старт (08.08),15.0,0,0,0,0,0,,нет продаж 180 дн
5272497902,4821X2,Комплект картриджей TL-420Е (2 шт.) на 2000 страниц для прин,Бандлы x2/x6 — старт (08.08),15.0,0,0,0,0,0,,нет продаж 180 дн
5232958111,0024X2,Комплект картриджей Q6511A (2 шт.) на 12000 страниц для прин,Бандлы x2/x6 — старт (08.08),15.0,0,0,0,0,0,,нет продаж 180 дн
5293366504,5953X2,Комплект тонер-картриджей THM348 (2 шт.) на 60000 страниц дл,Бандлы x2/x6 — старт (08.08),15.0,0,0,0,0,0,,нет продаж 180 дн
5281036212,5807X6,Комплект картриджей C-EXV65K (6 шт.) на 105000 страниц для п,Бандлы x2/x6 — старт (08.08),15.0,0,0,0,0,0,,нет продаж 180 дн
5239560720,0856X2,Комплект картриджей TN-241BK (2 шт.) на 5000 страниц для при,Бандлы x2/x6 — старт (08.08),15.0,0,0,0,0,0,,нет продаж 180 дн
3415746776,1050,"Картридж CLT-C504S для принтеров Samsung CLP-410, CLP 415N, ",от 2000 до 5000,12.0,0,0,0,0,0,,нет продаж 180 дн
5241203195,1425X6,Комплект картриджей 45807120 (6 шт.) на 42000 страниц для пр,Бандлы x2/x6 — старт (08.08),15.0,0,0,0,0,0,,нет продаж 180 дн
5322445688,3909X2,Комплект картриджей W2030A (2 шт.) на 4800 страниц для принт,Бандлы x2/x6 — старт (08.08),15.0,0,0,0,0,0,,нет продаж 180 дн
5250016222,2183X2,Комплект картриджей 953XLBK (2 шт.) на 2000 страниц для прин,Бандлы x2/x6 — старт (08.08),15.0,0,0,0,0,0,,нет продаж 180 дн
5251235786,2312X2,Комплект картриджей 650 (2 шт.) на 720 страниц для принтеров,Бандлы x2/x6 — старт (08.08),15.0,0,0,0,0,0,,нет продаж 180 дн
5272584452,4830X2,Комплект фотобарабанов W1104A (2 шт.) на 40000 страниц для п,Бандлы x2/x6 — старт (08.08),15.0,0,0,0,0,0,,нет продаж 180 дн
5265651639,4274X2,Комплект картриджей W2410A (2 шт.) на 2100 страниц для принт,Бандлы x2/x6 — старт (08.08),15.0,0,0,0,0,0,,нет продаж 180 дн
5289416963,6820X2,Комплект фотобарабанов 0IU40R4 (2 шт.) на 80000 страниц для ,Бандлы x2/x6 — старт (08.08),15.0,0,0,0,0,0,,нет продаж 180 дн
5281503137,5940X2,Комплект картриджей W1107XL (2 шт.) на 12000 страниц для при,Бандлы x2/x6 — старт (08.08),15.0,0,0,0,0,0,,нет продаж 180 дн
5237218561,0060X2,Комплект картриджей 719H (2 шт.) на 12800 страниц для принте,Бандлы x2/x6 — старт (08.08),15.0,0,0,0,0,0,,нет продаж 180 дн
5278080751,5384X6,Комплект картриджей 055H BK (6 шт.) на 45600 страниц для при,Бандлы x2/x6 — старт (08.08),15.0,0,0,0,0,0,,нет продаж 180 дн
5249805374,2152X2,Комплект картриджей CF540A (2 шт.) на 2800 страниц для принт,Бандлы x2/x6 — старт (08.08),15.0,0,0,0,0,0,,нет продаж 180 дн
5232941045,0024X6,Комплект картриджей Q6511A (6 шт.) на 36000 страниц для прин,Бандлы x2/x6 — старт (08.08),15.0,0,0,0,0,0,,нет продаж 180 дн
5322449538,4481X6,Комплект картриджей CTL-1100XK (6 шт.) на 18000 страниц,Бандлы x2/x6 — старт (08.08),15.0,0,0,0,0,0,,нет продаж 180 дн
5278407951,5418X6,Комплект картриджей 067H Bk (6 шт.) на 18780 страниц для при,Бандлы x2/x6 — старт (08.08),15.0,0,0,0,0,0,,нет продаж 180 дн
5237218366,0060X6,Комплект картриджей 719H (6 шт.) на 38400 страниц для принте,Бандлы x2/x6 — старт (08.08),15.0,0,0,0,0,0,,нет продаж 180 дн
5239560160,0856X6,Комплект картриджей TN-241BK (6 шт.) на 15000 страниц для пр,Бандлы x2/x6 — старт (08.08),15.0,0,0,0,0,0,,нет продаж 180 дн
5278232384,5403X6,Комплект картриджей 056H (6 шт.) на 126000 страниц для принт,Бандлы x2/x6 — старт (08.08),15.0,0,0,0,0,0,,нет продаж 180 дн
5256262452,3083X6,Комплект картриджей 903XL (6 шт.) на 4950 страниц для принте,Бандлы x2/x6 — старт (08.08),15.0,0,0,0,0,0,,нет продаж 180 дн
5240087003,1279X6,Комплект картриджей CF410A (6 шт.) на 13800 страниц для прин,Бандлы x2/x6 — старт (08.08),15.0,0,0,0,0,0,,нет продаж 180 дн
5278542066,5439X2,Комплект картриджей LC-472XL BK (2 шт.) на 6000 страниц для ,Бандлы x2/x6 — старт (08.08),15.0,0,0,0,0,0,,нет продаж 180 дн
5246303902,1835X6,Комплект картриджей SP3500XE (6 шт.) на 38400 страниц для пр,Бандлы x2/x6 — старт (08.08),15.0,0,0,0,0,0,,нет продаж 180 дн
5239521717,0832X6,Комплект фотобарабанов C-EXV14 DU (6 шт.) на 300000 страниц ,Бандлы x2/x6 — старт (08.08),15.0,0,0,0,0,0,,нет продаж 180 дн
5280360411,5725X2,Комплект картриджей THM130 (2 шт.) на 6000 страниц для принт,Бандлы x2/x6 — старт (08.08),15.0,0,0,0,0,0,,нет продаж 180 дн
5239522762,0832X2,Комплект фотобарабанов C-EXV14 DU (2 шт.) на 100000 страниц ,Бандлы x2/x6 — старт (08.08),15.0,0,0,0,0,0,,нет продаж 180 дн
5255536187,2984X2,Комплект фотобарабанов CLT-R407 DU (2 шт.) на 48000 страниц ,Бандлы x2/x6 — старт (08.08),15.0,0,0,0,0,0,,нет продаж 180 дн
5281503026,5940X6,Комплект картриджей W1107XL (6 шт.) на 36000 страниц для при,Бандлы x2/x6 — старт (08.08),15.0,0,0,0,0,0,,нет продаж 180 дн
5265294832,4309X6,Комплект картриджей TN-328K (6 шт.) на 168000 страниц для пр,Бандлы x2/x6 — старт (08.08),15.0,0,0,0,0,0,,нет продаж 180 дн
5280354500,5715X2,Комплект картриджей TK-7235 (2 шт.) на 70000 страниц для при,Бандлы x2/x6 — старт (08.08),15.0,0,0,0,0,0,,нет продаж 180 дн
5251815462,2405X6,Комплект картриджей TK-5280BK (6 шт.) на 78000 страниц для п,Бандлы x2/x6 — старт (08.08),15.0,0,0,0,0,0,,нет продаж 180 дн
5260429298,3717X2,Комплект картриджей 418481 (2 шт.) на 80000 страниц для прин,Бандлы x2/x6 — старт (08.08),15.0,0,0,0,0,0,,нет продаж 180 дн
5322451814,4480X6,Комплект картриджей W9025MC (6 шт.) на 198000 страниц для пр,Бандлы x2/x6 — старт (08.08),15.0,0,0,0,0,0,,нет продаж 180 дн
5322441953,3258X6,Комплект тонера TN-420X (6 шт.) на 36000 страниц для принтер,Бандлы x2/x6 — старт (08.08),15.0,0,0,0,0,0,,нет продаж 180 дн
5281036331,5807X2,Комплект картриджей C-EXV65K (2 шт.) на 35000 страниц для пр,Бандлы x2/x6 — старт (08.08),15.0,0,0,0,0,0,,нет продаж 180 дн
5280108109,5626X6,Комплект тонер-картриджей TK-5380K (6 шт.) на 78000 страниц ,Бандлы x2/x6 — старт (08.08),15.0,0,0,0,0,0,,нет продаж 180 дн
5272587941,4830X6,Комплект фотобарабанов W1104A (6 шт.) на 120000 страниц для ,Бандлы x2/x6 — старт (08.08),15.0,0,0,0,0,0,,нет продаж 180 дн
5322453950,3258X2,Комплект тонера TN-420X (2 шт.) на 12000 страниц для принтер,Бандлы x2/x6 — старт (08.08),15.0,0,0,0,0,0,,нет продаж 180 дн
5260010622,3669X2,Комплект картриджей 106R03765 (2 шт.) на 21400 страниц для п,Бандлы x2/x6 — старт (08.08),15.0,0,0,0,0,0,,нет продаж 180 дн
5277326489,5287X6,Комплект картриджей T1A (6 шт.) на 21000 страниц для принтер,Бандлы x2/x6 — старт (08.08),15.0,0,0,0,0,0,,нет продаж 180 дн
5290531754,6885X6,Комплект фотобарабанов 60IU60S (6 шт.) на 360000 страниц для,Бандлы x2/x6 — старт (08.08),15.0,0,0,0,0,0,,нет продаж 180 дн
5251933259,2438X2,Комплект картриджей C-EXV39 (2 шт.) на 60400 страниц для при,Бандлы x2/x6 — старт (08.08),15.0,0,0,0,0,0,,нет продаж 180 дн
874373906,4469,Картриджи T41F2 - T41F5 для принтеров Epson SureColor SC-T34,от 10000 до 500 тыс,12.0,0,0,0,45,0,,нет продаж 180 дн
5280248444,5698X2,Комплект картриджей 070H (2 шт.) на 20400 страниц для принте,Бандлы x2/x6 — старт (08.08),15.0,0,0,0,0,0,,нет продаж 180 дн
5280908622,5781X6,Комплект фотобарабанов 013R00691 (6 шт.) на 72000 страниц дл,Бандлы x2/x6 — старт (08.08),15.0,0,0,0,0,0,,нет продаж 180 дн
5250015064,2183X6,Комплект картриджей 953XLBK (6 шт.) на 6000 страниц для прин,Бандлы x2/x6 — старт (08.08),15.0,0,0,0,0,0,,нет продаж 180 дн
5263043299,3958X6,Комплект картриджей CF259X (6 шт.) на 60000 страниц для прин,Бандлы x2/x6 — старт (08.08),15.0,0,0,0,0,0,,нет продаж 180 дн
3335884757,4857,"Фотобарабан 108R01484 для принтеров Xerox VersaLink C500, C5",Эксперимент1,8.0,0,0,0,13,0,,нет продаж 180 дн
5272040408,4746X2,Комплект картриджей PG-460XL (2 шт.) на 800 страниц для прин,Бандлы x2/x6 — старт (08.08),15.0,0,0,0,0,0,,нет продаж 180 дн
5271777163,4730X2,Комплект картриджей TN-227K (2 шт.) на 48000 страниц для при,Бандлы x2/x6 — старт (08.08),15.0,0,0,0,0,0,,нет продаж 180 дн
5255536563,2984X6,Комплект фотобарабанов CLT-R407 DU (6 шт.) на 144000 страниц,Бандлы x2/x6 — старт (08.08),15.0,0,0,0,0,0,,нет продаж 180 дн
5280906350,5781X2,Комплект фотобарабанов 013R00691 (2 шт.) на 24000 страниц дл,Бандлы x2/x6 — старт (08.08),15.0,0,0,0,0,0,,нет продаж 180 дн
5280423452,5730X6,Комплект картриджей W1520X (6 шт.) на 58200 страниц для прин,Бандлы x2/x6 — старт (08.08),15.0,0,0,0,0,0,,нет продаж 180 дн
5258441875,3442X2,Комплект картриджей T9661 (2 шт.) на 80000 страниц для принт,Бандлы x2/x6 — старт (08.08),15.0,0,0,0,0,0,,нет продаж 180 дн
5251949890,2439X6,Комплект картриджей C-EXV49Bk (6 шт.) на 216000 страниц для ,Бандлы x2/x6 — старт (08.08),15.0,0,0,0,0,0,,нет продаж 180 дн
1153741549,2034,"Картридж TN-611K для принтеров Konica Minolta Bizhub 451, Bi",Эксперимент1,8.0,0,0,0,8,0,,нет продаж 180 дн
5269489374,4531X6,Комплект фотобарабанов 013R00681 DU (6 шт.) на 1080000 стран,Бандлы x2/x6 — старт (08.08),15.0,0,0,0,0,0,,нет продаж 180 дн
5239611570,0893X2,Комплект картриджей CF325X (2 шт.) на 80000 страниц для прин,Бандлы x2/x6 — старт (08.08),15.0,0,0,0,0,0,,нет продаж 180 дн
5342051985,4837X2,Комплект картриджей 3ED71A (2 шт.) на 160мл. для принтеров H,Бандлы x2/x6 — старт (08.08),15.0,0,0,0,0,0,,нет продаж 180 дн
5279394909,5488X2,Комплект картриджей 069 BK (2 шт.) на 4200 страниц для принт,Бандлы x2/x6 — старт (08.08),15.0,0,0,0,0,0,,нет продаж 180 дн
5280732498,5767X6,Комплект картриджей W2300X (6 шт.) на 45000 страниц для прин,Бандлы x2/x6 — старт (08.08),15.0,0,0,0,0,0,,нет продаж 180 дн
5250365403,2219X6,Комплект картриджей PR2 (6 шт.) на 12000000 знаков для принт,Бандлы x2/x6 — старт (08.08),15.0,0,0,0,0,0,,нет продаж 180 дн
5255275976,2965X2,Комплект фотобарабанов DK-1150 DU (2 шт.) на 200000 страниц ,Бандлы x2/x6 — старт (08.08),15.0,0,0,0,0,0,,нет продаж 180 дн
5246303748,1835X2,Комплект картриджей SP3500XE (2 шт.) на 12800 страниц для пр,Бандлы x2/x6 — старт (08.08),15.0,0,0,0,0,0,,нет продаж 180 дн
5250437175,2227X6,Комплект фотобарабанов CF234A (6 шт.) на 55200 страниц для п,Бандлы x2/x6 — старт (08.08),15.0,0,0,0,0,0,,нет продаж 180 дн
5239714349,1042X6,Комплект картриджей MLT-D111S (6 шт.) на 6000 страниц для пр,Бандлы x2/x6 — старт (08.08),15.0,0,0,0,0,0,,нет продаж 180 дн
5239515856,0830X2,Комплект картриджей C-EXV33 (2 шт.) на 30000 страниц для при,Бандлы x2/x6 — старт (08.08),15.0,0,0,0,0,0,,нет продаж 180 дн
5251233431,2312X6,Комплект картриджей 650 (6 шт.) на 2160 страниц для принтеро,Бандлы x2/x6 — старт (08.08),15.0,0,0,0,0,0,,нет продаж 180 дн
5237904591,0305X2,Комплект картриджей 45 (2 шт.) на 1860 страниц для принтеров,Бандлы x2/x6 — старт (08.08),15.0,0,0,0,0,0,,нет продаж 180 дн
5269571597,4542X2,Комплект картриджей W1106XL (2 шт.) на 10000 страниц для при,Бандлы x2/x6 — старт (08.08),15.0,0,0,0,0,0,,нет продаж 180 дн
5239587927,0871X6,Комплект картриджей TK-590K (6 шт.) на 42000 страниц для при,Бандлы x2/x6 — старт (08.08),15.0,0,0,0,0,0,,нет продаж 180 дн
5322452254,4481X2,Комплект картриджей CTL-1100XK (2 шт.) на 6000 страниц,Бандлы x2/x6 — старт (08.08),15.0,0,0,0,0,0,,нет продаж 180 дн
5276871530,5237X2,Комплект картриджей 069 (2 шт.) на 4200 страниц для принтеро,Бандлы x2/x6 — старт (08.08),15.0,0,0,0,0,0,,нет продаж 180 дн
5240260703,1320X6,Комплект картриджей 45807111/45807121 (6 шт.) на 72000 стран,Бандлы x2/x6 — старт (08.08),15.0,0,0,0,0,0,,нет продаж 180 дн
5281112985,5824X2,Комплект фотобарабанов W2004A (2 шт.) на 130000 страниц для ,Бандлы x2/x6 — старт (08.08),15.0,0,0,0,0,0,,нет продаж 180 дн
5265293082,4309X2,Комплект картриджей TN-328K (2 шт.) на 56000 страниц для при,Бандлы x2/x6 — старт (08.08),15.0,0,0,0,0,0,,нет продаж 180 дн
873320185,3858,"Картридж 46490631 для принтеров OKI Data C532, Data C542, MC",Эксперимент1,9.0,0,0,0,33,0,,нет продаж 180 дн
5269571046,4542X6,Комплект картриджей W1106XL (6 шт.) на 30000 страниц для при,Бандлы x2/x6 — старт (08.08),15.0,0,0,0,0,0,,нет продаж 180 дн
5289413372,6820X6,Комплект фотобарабанов 0IU40R4 (6 шт.) на 240000 страниц для,Бандлы x2/x6 — старт (08.08),15.0,0,0,0,0,0,,нет продаж 180 дн
5262315376,3906X6,Комплект картриджей TK-7125 (6 шт.) на 120000 страниц для пр,Бандлы x2/x6 — старт (08.08),15.0,0,0,0,0,0,,нет продаж 180 дн
5258396253,3431X6,Комплект картриджей TN-217BK (6 шт.) на 18000 страниц для пр,Бандлы x2/x6 — старт (08.08),15.0,0,0,0,0,0,,нет продаж 180 дн
5237904935,0305X6,Комплект картриджей 45 (6 шт.) на 5580 страниц для принтеров,Бандлы x2/x6 — старт (08.08),15.0,0,0,0,0,0,,нет продаж 180 дн
5278233239,5403X2,Комплект картриджей 056H (2 шт.) на 42000 страниц для принте,Бандлы x2/x6 — старт (08.08),15.0,0,0,0,0,0,,нет продаж 180 дн
5239372749,0429X2,Комплект картриджей C4129X (2 шт.) на 20000 страниц для прин,Бандлы x2/x6 — старт (08.08),15.0,0,0,0,0,0,,нет продаж 180 дн
5239712680,1042X2,Комплект картриджей MLT-D111S (2 шт.) на 2000 страниц для пр,Бандлы x2/x6 — старт (08.08),15.0,0,0,0,0,0,,нет продаж 180 дн
5255262850,2960X6,Комплект фотобарабанов C-EXV33 DU (6 шт.) на 1014000 страниц,Бандлы x2/x6 — старт (08.08),15.0,0,0,0,0,0,,нет продаж 180 дн
5279391142,5488X6,Комплект картриджей 069 BK (6 шт.) на 12600 страниц для прин,Бандлы x2/x6 — старт (08.08),15.0,0,0,0,0,0,,нет продаж 180 дн
5269507640,4532X6,Комплект картриджей C-EXV60 (6 шт.) на 61200 страниц для при,Бандлы x2/x6 — старт (08.08),15.0,0,0,0,0,0,,нет продаж 180 дн
5280108649,5626X2,Комплект тонер-картриджей TK-5380K (2 шт.) на 26000 страниц ,Бандлы x2/x6 — старт (08.08),15.0,0,0,0,0,0,,нет продаж 180 дн
5255276901,2965X6,Комплект фотобарабанов DK-1150 DU (6 шт.) на 600000 страниц ,Бандлы x2/x6 — старт (08.08),15.0,0,0,0,0,0,,нет продаж 180 дн
5322458669,2638X6,Комплект картриджей TN-324BK (6 шт.) на 168000 страниц для п,Бандлы x2/x6 — старт (08.08),15.0,0,0,0,0,0,,нет продаж 180 дн
5258397359,3431X2,Комплект картриджей TN-217BK (2 шт.) на 6000 страниц для при,Бандлы x2/x6 — старт (08.08),15.0,0,0,0,0,0,,нет продаж 180 дн
5239587447,0871X2,Комплект картриджей TK-590K (2 шт.) на 14000 страниц для при,Бандлы x2/x6 — старт (08.08),15.0,0,0,0,0,0,,нет продаж 180 дн
1692297090,4856,"Фотобарабан 108R01483 для принтеров Xerox VersaLink C500, C5",Эксперимент1,8.0,0,0,0,7,0,,нет продаж 180 дн
5265230897,4264X6,Комплект картриджей 006R01701 (6 шт.) на 156000 страниц для ,Бандлы x2/x6 — старт (08.08),15.0,0,0,0,0,0,,нет продаж 180 дн
5269489503,4531X2,Комплект фотобарабанов 013R00681 DU (2 шт.) на 360000 страни,Бандлы x2/x6 — старт (08.08),15.0,0,0,0,0,0,,нет продаж 180 дн
5271780255,4730X6,Комплект картриджей TN-227K (6 шт.) на 144000 страниц для пр,Бандлы x2/x6 — старт (08.08),15.0,0,0,0,0,0,,нет продаж 180 дн
5244133963,1761X2,Комплект фотобарабанов 44574307 DU (2 шт.) на 50000 страниц ,Бандлы x2/x6 — старт (08.08),15.0,0,0,0,0,0,,нет продаж 180 дн
5260594046,3743X6,Комплект фотобарабанов 113R00782 DU (6 шт.) на 493200 страни,Бандлы x2/x6 — старт (08.08),15.0,0,0,0,0,0,,нет продаж 180 дн
5322444622,3909X6,Комплект картриджей W2030A (6 шт.) на 14400 страниц для прин,Бандлы x2/x6 — старт (08.08),15.0,0,0,0,0,0,,нет продаж 180 дн
5259666747,3641X2,Комплект фотобарабанов CF257A (2 шт.) на 160000 страниц для ,Бандлы x2/x6 — старт (08.08),15.0,0,0,0,0,0,,нет продаж 180 дн
5233232474,0035X6,Комплект картриджей SCX-4200 (6 шт.) на 18000 страниц для пр,Бандлы x2/x6 — старт (08.08),15.0,0,0,0,0,0,,нет продаж 180 дн
904484211,3859,"Картридж 46490630 для принтеров OKI Data C532, Data C542, MC",от 2000 до 5000,12.0,0,0,0,0,0,,нет продаж 180 дн
5278052028,5374X6,Комплект картриджей 069H (6 шт.) на 45600 страниц для принте,Бандлы x2/x6 — старт (08.08),15.0,0,0,0,0,0,,нет продаж 180 дн
5278053645,5374X2,Комплект картриджей 069H (2 шт.) на 15200 страниц для принте,Бандлы x2/x6 — старт (08.08),15.0,0,0,0,0,0,,нет продаж 180 дн
5272533345,4821X6,Комплект картриджей TL-420Е (6 шт.) на 6000 страниц для прин,Бандлы x2/x6 — старт (08.08),15.0,0,0,0,0,0,,нет продаж 180 дн
5250365294,2215X6,Комплект картриджей ML182 (6 шт.) на для принтеров OKI ML-18,Бандлы x2/x6 — старт (08.08),15.0,0,0,0,0,0,,нет продаж 180 дн
5284623625,6202X2,Комплект тонер-картриджей TK-1060 (2 шт.) на 40000 страниц д,Бандлы x2/x6 — старт (08.08),15.0,0,0,0,0,0,,нет продаж 180 дн
5240181485,1307X2,Комплект картриджей 50F5U00 (2 шт.) на 40000 страниц для при,Бандлы x2/x6 — старт (08.08),15.0,0,0,0,0,0,,нет продаж 180 дн
5281028710,5806X2,Комплект картриджей TN-3600XXL (2 шт.) на 22000 страниц для ,Бандлы x2/x6 — старт (08.08),15.0,0,0,0,0,0,,нет продаж 180 дн
5251933158,2438X6,Комплект картриджей C-EXV39 (6 шт.) на 181200 страниц для пр,Бандлы x2/x6 — старт (08.08),15.0,0,0,0,0,0,,нет продаж 180 дн
5280733748,5767X2,Комплект картриджей W2300X (2 шт.) на 15000 страниц для прин,Бандлы x2/x6 — старт (08.08),15.0,0,0,0,0,0,,нет продаж 180 дн
5233204361,5344X2,Комплект картриджей SCX-4100 (2 шт.) на 6000 страниц для при,Бандлы x2/x6 — старт (08.08),15.0,0,0,0,0,0,,нет продаж 180 дн
5258442474,3442X6,Комплект картриджей T9661 (6 шт.) на 240000 страниц для прин,Бандлы x2/x6 — старт (08.08),15.0,0,0,0,0,0,,нет продаж 180 дн
5251814016,2405X2,Комплект картриджей TK-5280BK (2 шт.) на 26000 страниц для п,Бандлы x2/x6 — старт (08.08),15.0,0,0,0,0,0,,нет продаж 180 дн
5280358718,5715X6,Комплект картриджей TK-7235 (6 шт.) на 210000 страниц для пр,Бандлы x2/x6 — старт (08.08),15.0,0,0,0,0,0,,нет продаж 180 дн
5322425323,2633X2,Комплект картриджей TN-221K (2 шт.) на 48000 страниц для при,Бандлы x2/x6 — старт (08.08),15.0,0,0,0,0,0,,нет продаж 180 дн
5342050393,4837X6,Комплект картриджей 3ED71A (6 шт.) на 480мл. для принтеров H,Бандлы x2/x6 — старт (08.08),15.0,0,0,0,0,0,,нет продаж 180 дн
5251948552,2439X2,Комплект картриджей C-EXV49Bk (2 шт.) на 72000 страниц для п,Бандлы x2/x6 — старт (08.08),15.0,0,0,0,0,0,,нет продаж 180 дн
5284623615,6202X6,Комплект тонер-картриджей TK-1060 (6 шт.) на 120000 страниц ,Бандлы x2/x6 — старт (08.08),15.0,0,0,0,0,0,,нет продаж 180 дн
5238069051,0328X6,Комплект картриджей 178XL (6 шт.) на 3300 страниц для принте,Бандлы x2/x6 — старт (08.08),15.0,0,0,0,0,0,,нет продаж 180 дн
5262332691,3906X2,Комплект картриджей TK-7125 (2 шт.) на 40000 страниц для при,Бандлы x2/x6 — старт (08.08),15.0,0,0,0,0,0,,нет продаж 180 дн
5263040598,3958X2,Комплект картриджей CF259X (2 шт.) на 20000 страниц для прин,Бандлы x2/x6 — старт (08.08),15.0,0,0,0,0,0,,нет продаж 180 дн
5280119825,5631X6,Комплект тонер-картриджей TK-5440K (6 шт.) на 15600 страниц ,Бандлы x2/x6 — старт (08.08),15.0,0,0,0,0,0,,нет продаж 180 дн
5276843490,5229X2,Комплект картриджей 067H (2 шт.) на 6260 страниц для принтер,Бандлы x2/x6 — старт (08.08),15.0,0,0,0,0,0,,нет продаж 180 дн
5260612371,3743X2,Комплект фотобарабанов 113R00782 DU (2 шт.) на 164400 страни,Бандлы x2/x6 — старт (08.08),15.0,0,0,0,0,0,,нет продаж 180 дн
5250359910,2215X2,Комплект картриджей ML182 (2 шт.) на для принтеров OKI ML-18,Бандлы x2/x6 — старт (08.08),15.0,0,0,0,0,0,,нет продаж 180 дн
5259666189,3641X6,Комплект фотобарабанов CF257A (6 шт.) на 480000 страниц для ,Бандлы x2/x6 — старт (08.08),15.0,0,0,0,0,0,,нет продаж 180 дн
5239655202,0980X2,Комплект картриджей 44992404 (2 шт.) на 5000 страниц для при,Бандлы x2/x6 — старт (08.08),15.0,0,0,0,0,0,,нет продаж 180 дн
5280360338,5725X6,Комплект картриджей THM130 (6 шт.) на 18000 страниц для прин,Бандлы x2/x6 — старт (08.08),15.0,0,0,0,0,0,,нет продаж 180 дн
5265966793,4433X2,Комплект чернил №110 (2 шт.) на 12000 страниц для принтеров ,Бандлы x2/x6 — старт (08.08),15.0,0,0,0,0,0,,нет продаж 180 дн
5279513850,5544X2,Комплект фотобарабанов DR-421CL (2 шт.) на 100000 страниц дл,Бандлы x2/x6 — старт (08.08),15.0,0,0,0,0,0,,нет продаж 180 дн
5272625999,4832X6,Комплект картриджей CF289X (6 шт.) на 60000 страниц для прин,Бандлы x2/x6 — старт (08.08),15.0,0,0,0,0,0,,нет продаж 180 дн
5283263604,5953X6,Комплект тонер-картриджей THM348 (6 шт.) на 180000 страниц д,Бандлы x2/x6 — старт (08.08),15.0,0,0,0,0,0,,нет продаж 180 дн
5280423590,5730X2,Комплект картриджей W1520X (2 шт.) на 19400 страниц для прин,Бандлы x2/x6 — старт (08.08),15.0,0,0,0,0,0,,нет продаж 180 дн
5269508204,4532X2,Комплект картриджей C-EXV60 (2 шт.) на 20400 страниц для при,Бандлы x2/x6 — старт (08.08),15.0,0,0,0,0,0,,нет продаж 180 дн
5239374018,0429X6,Комплект картриджей C4129X (6 шт.) на 60000 страниц для прин,Бандлы x2/x6 — старт (08.08),15.0,0,0,0,0,0,,нет продаж 180 дн
5277342337,5287X2,Комплект картриджей T1A (2 шт.) на 7000 страниц для принтеро,Бандлы x2/x6 — старт (08.08),15.0,0,0,0,0,0,,нет продаж 180 дн
5251832337,2411X6,Комплект тонер-картриджей TK-8115BK (6 шт.) на 72000 страниц,Бандлы x2/x6 — старт (08.08),15.0,0,0,0,0,0,,нет продаж 180 дн
5280100241,5621X2,Комплект тонер-картриджей TK-5370K (2 шт.) на 14000 страниц ,Бандлы x2/x6 — старт (08.08),15.0,0,0,0,0,0,,нет продаж 180 дн
5265651727,4274X6,Комплект картриджей W2410A (6 шт.) на 6300 страниц для принт,Бандлы x2/x6 — старт (08.08),15.0,0,0,0,0,0,,нет продаж 180 дн
5279512181,5544X6,Комплект фотобарабанов DR-421CL (6 шт.) на 300000 страниц дл,Бандлы x2/x6 — старт (08.08),15.0,0,0,0,0,0,,нет продаж 180 дн
5259397653,3617X2,Комплект фотобарабанов 101R00664 DU (2 шт.) на 20000 страниц,Бандлы x2/x6 — старт (08.08),15.0,0,0,0,0,0,,нет продаж 180 дн
5255532466,2979X6,Комплект картриджей 106R03745BK (6 шт.) на 141600 страниц дл,Бандлы x2/x6 — старт (08.08),15.0,0,0,0,0,0,,нет продаж 180 дн
5249801464,2152X6,Комплект картриджей CF540A (6 шт.) на 8400 страниц для принт,Бандлы x2/x6 — старт (08.08),15.0,0,0,0,0,0,,нет продаж 180 дн
5250220141,2208X2,Комплект картриджей iR40T (2 шт.) на 86мл. для принтеров Cit,Бандлы x2/x6 — старт (08.08),15.0,0,0,0,0,0,,нет продаж 180 дн
652692199,0729,Картридж C-EXV40 для принтеров Canon iR-1133 черный,Эксперимент1,8.0,0,0,0,0,0,,нет продаж 180 дн
5281110715,5824X6,Комплект фотобарабанов W2004A (6 шт.) на 390000 страниц для ,Бандлы x2/x6 — старт (08.08),15.0,0,0,0,0,0,,нет продаж 180 дн
5280328623,5706X6,Комплект лент M210-750-488 (6 шт.) на 36 метров для принтеро,Бандлы x2/x6 — старт (08.08),15.0,0,0,0,0,0,,нет продаж 180 дн
5239611568,0893X6,Комплект картриджей CF325X (6 шт.) на 240000 страниц для при,Бандлы x2/x6 — старт (08.08),15.0,0,0,0,0,0,,нет продаж 180 дн
