sku,offer_id,name,camps,bid,views,clicks,spend,spend_30d,ad_orders,ad_rev,drr,qty90,rev90,canc,cancel_share,last_sale,margin_own_live,our_price
1873146254,2306Q094R1C1,"Картриджи DS 045H для принтеров Canon i-SENSYS LBP-611, LBP613, MF631cn, MF633Cdw",13424726/13424988,13.0,268,8,102.49,181.0,0.0,0.0,,1,9829.0000,1,50.0,2026-07-28,24.86,10159.0
1873186597,0838P2EY3O2M,"Картридж DS T1711 для принтеров Epson Expression Home XP-103, XP 203, XP207, XP-303, XP306, XP 313, XP 33, XP403 XP413 XP 423 черный",13424726,6.0,358,6,34.25,60.0,0.0,0.0,,0,0,2,100.0,2026-07-03,16.81,602.0
1883155801,2965PFR6QW9Z,"Фотобарабан DS DK-1150 DU для принтеров Kyocera EcoSys M2040dn, M2135, M2540dn, M2635, M2640idw, M2735dw, P2235, P2335d черный",13424726,8.0,137,4,31.29,55.0,0.0,0.0,,1,5669.00,1,50.0,2026-07-06,24.45,6747.0
2241950954,4368I15TU58O,"Картриджи DS №46 для принтеров HP DeskJet Ink Advantage Ultra 4729, DJ 2020hc, DJ 2520hc, DJ Ultra 2029",13424726/13425039,12.0,605,3,28.81,51.0,0.0,0.0,,1,7270.0000,1,50.0,2026-06-25,24.37,9331.0
1883188493,2638ZHD54QGU,"Картридж DS TN-324BK для принтеров Konica Minolta Bizhub C258, Bizhub C308 черный",13424726,8.0,72,1,11.63,21.0,0.0,0.0,,1,4777.0000,1,50.0,2026-07-10,26.16,5690.0
1916292305,5423BMD3OXRB,"Фотобарабан DS DR-312K для принтеров Konica Minolta Bizhub 227, Bizhub 287 черный",13424726,8.0,43,1,10.13,18.0,0.0,0.0,,1,19198.0000,1,50.0,2026-06-15,23.47,15976.0
2876373446,5896RD7L5NFD,"Картридж DS PFI-031M для принтеров Canon imagePROGRAF TM-240, TM 250, TM255, IPF ТМ-340, TM-350, TM355 пурпурный",13424726,9.0,250,2,9.96,18.0,0.0,0.0,,2,18636.0000,1,50.0,2026-05-22,23.16,10480.0
1822916721,0284H7DZDYXQ,"Картридж DS CL-51 для принтеров Canon FAX-JX200, FAX JX210P, MP170, MP450, MX310, Pixma iP2200, PixmaMP150 цветной",13424726,8.0,80,1,8.92,16.0,0.0,0.0,,1,4475.0000,2,66.7,2026-07-21,28.21,5421.0
1883234775,3563XURDLJR3,"Картридж DS PFI-120Y для принтеров Canon iPF TM200, iPFTM205 желтый",13424726,9.0,125,1,8.42,15.0,0.0,0.0,,0,0,2,100.0,2026-06-30,26.26,5668.0
1883165130,1221PC3TWLDG,"Картридж DS LC525XLY для принтеров Brother DCP-J100, DCP J105, MFC-J200 желтый",13424726,7.0,205,1,7.65,14.0,1.0,650.0,1.2,2,1290.0000,2,50.0,2026-07-31,17.13,669.0
1916277113,4747ZJLDWJ5F,"Лента DS ERC-09 purple для принтеров Epson HX-20, M-160, M 163, M164, M-180, M181, M 182, M 185 M190 M192 M 195 фиолетовый",13424726/19250899,10.0,190,1,5.81,10.0,0.0,0.0,,1,1006.0000,1,50.0,2026-06-05,27.35,1259.0
1873183413,4159AYVJZ38X,Картридж DS TL-5120H для принтеров BM5100ADN черный,13424726/19250899,12.0,68,1,5.23,9.0,0.0,0.0,,2,4332.0000,1,50.0,2026-06-18,26.49,2618.0
1883225787,3561J6G0RF9P,"Картридж DS PFI-120C для принтеров Canon iPF TM200, iPFTM205 голубой",13424726,9.0,182,1,4.62,8.0,0.0,0.0,,0,0,2,100.0,2026-06-30,26.26,5668.0
1883232526,3562FDYO725I,"Картридж DS PFI-120M для принтеров Canon iPF TM200, iPFTM205 пурпурный",13424726,9.0,154,1,1.0,2.0,0.0,0.0,,0,0,2,100.0,2026-06-30,26.26,5668.0
1883261006,3402QIQ1H49L,"Картридж DS 054M для принтеров Canon i-SENSYS LBP-620, LBP 621, MF-640, MF641, MF 642, MF-643, MF 644, MF645 пурпурный",13424726,8.0,108,1,1.0,2.0,1.0,2899.0,0.0,1,2899.0000,1,50.0,2026-08-03,27.11,3677.0
1873180915,2642V1D4GNHP,"Картриджи DS TN-324 для принтеров Konica Minolta Bizhub C258, Bizhub C308",13425066,12.0,26,0,0.0,0.0,0.0,0.0,,1,16346.0000,1,50.0,2026-07-07,22.27,20579.0
1873181816,3522QIGTOZAK,"Картриджи DS T9441-T9444 для принтеров Epson WorkForce Pro C5210, WF Pro C5215",13424726,8.0,60,0,0.0,0.0,0.0,0.0,,1,3745.00,1,50.0,2026-07-22,25.76,6785.0
1883163579,4730E8BX008P,Картридж DS TN-227K для принтеров Konica Minolta Bizhub C257i черный,13424726,8.0,8,0,0.0,0.0,0.0,0.0,,2,9350.0000,1,50.0,2026-06-04,22.72,9829.0
1883217101,2337TU5A3ZJ7,"Фотобарабан DS DR-3400 DU для принтеров Brother DCP-L5500, DCP L5600, HL-L5000, HLL5100, HL L5200dw, HL-L6200, HL L6250, HLL6300 MFC-L5700 MFCL5750 черный",19250899,12.0,68,0,0.0,0.0,0.0,0.0,,2,6302.0000,1,50.0,2026-07-06,25.83,3842.0
1883225346,4052EXM6UBL0,"Картридж DS PFI-320Y для принтеров Canon iPF TM-200, iPF TM 205 желтый",13424726,8.0,74,0,0.0,0.0,0.0,0.0,,1,11528.0000,1,50.0,2026-06-17,23.25,14180.0
1883225984,4051MULNRP4B,"Картридж DS PFI-320M для принтеров Canon iPF TM-200, iPF TM 205 пурпурный",13424726,8.0,67,0,0.0,0.0,0.0,0.0,,1,11528.0000,1,50.0,2026-06-17,23.25,14180.0
1883231302,3559NB38HEZR,"Картридж DS PFI-120BK для принтеров Canon iPF TM200, iPFTM205 черный",13424726,9.0,124,0,0.0,0.0,0.0,0.0,,0,0,2,100.0,2026-06-30,26.26,5668.0
1916273438,2222APQ4NLQJ,"Картридж DS SP200 для принтеров Star SP200, SP212FC фиолетовый",19250899,12.0,9,0,0.0,0.0,0.0,0.0,,1,1198.0000,1,50.0,2026-07-28,26.2,1259.0
1916280776,2246BOHRPCO2,"Картриджи DS CE340A-CE343A для принтеров HP LJ 700 M775dn, M775f",13424726,10.0,63,0,0.0,0.0,0.0,0.0,,1,36803.0000,1,50.0,2026-06-23,18.51,49054.0
2755822679,6547Q5UN72B8,"Картриджи DS 064H для принтеров Canon i-SENSYS LBP-722Cdw, MF832Cdw",13424726,10.0,141,0,0.0,0.0,0.0,0.0,,1,20777.0000,1,50.0,2026-07-16,21.25,23345.0
