куда;код;артикул;внешний код;наименование;архив;почему
"ООО ""ОДИССЕЙ"" WB";;;h7fseK8ggDmFQRTlmgkYJ1;Картридж для Epson T6731A/T6641A L100/L200/L800/L1800/L3070 Black 100 ml AQUAMARINE (Совместимый);да;струйная категория: Картриджи/Картриджи Epson/струйные epson
"ООО ""ОДИССЕЙ"" WB";;;LbqxSfBgjJsYWTD1cR6VK0;Чернила для Epson T03P14A EcoTank M-11хх/21хх/31хх ЧЕРНИЛА Black 6K пигм. AQUAMARINE (Совместимый);да;струйная категория: Картриджи/Картриджи Epson/струйные epson
"ООО ""ОДИССЕЙ"" WB";;;LWRKWryGgc3uX8ZRHIILL3;аКартридж для Brother LC12/17/73/77/75/79/400/450/1240/1280 Magenta 18.5ml AQUAMARINE (Совместимый);да;струйная категория: Картриджи/Картриджи Brother/струйные brother
"ООО ""ОДИССЕЙ"" WB";;;3898;Картридж для HP 3YL81AE (3YL81AE ориг) ОГР Прим. 912XL OJPro 80xx-ser Black 0.825K AQUAMARINE (Совм);да;струйная категория: Картриджи/Картриджи HP/струйные hp
"ООО ""ОДИССЕЙ"" WB";;;3899;Картридж для HP 3YL82AE (3YL82AE ориг) ОГР Прим. 912XL OJPro 80xx-ser Cyan 0.825K AQUAMARINE (Совм);да;струйная категория: Картриджи/Картриджи HP/струйные hp
"ООО ""ОДИССЕЙ"" WB";;;3900;Картридж для HP 3YL83AE (3YL83AE ориг)ОГР Прим 912XL OJPro 80xx-ser Magenta 0.825K AQUAMARINE (Совм);да;струйная категория: Картриджи/Картриджи HP/струйные hp
"ООО ""ОДИССЕЙ"" WB";;;3901;Картридж для HP 3YL84AE (3YL84AE ориг)ОГР Прим. 912XL OJPro 80xx-ser Yellow 0.825K AQUAMARINE (Совм);да;струйная категория: Картриджи/Картриджи HP/струйные hp
"ООО ""ОДИССЕЙ"" WB";;;QAFXjXrkjcWhfZUpbBmF81;Картридж для HP L0S70AE 953XL Black AQUAMARINE (Совместимый);да;струйная категория: Картриджи/Картриджи HP/струйные hp
"ООО ""ОДИССЕЙ"" WB";0156at;AT-T0921Bk;0156;Картридж для Epson T0921 Stylus T26/TX106/T27/TX109/TX117/C91/CX4300 Black AQUAMARINE (Совместимый);;струйная категория: Картриджи/Картриджи Epson/струйные epson
"ООО ""ОДИССЕЙ"" WB";0157at;AT-T0922C;0157;Картридж для Epson T0922 Stylus T26/TX106/T27/TX109/TX117/C91/CX4300 Cyan AQUAMARINE (Совместимый);;струйная категория: Картриджи/Картриджи Epson/струйные epson
"ООО ""ОДИССЕЙ"" WB";0158at;AT-T0923M;0158;Картридж для Epson T0923 Stylus T26/TX106/T27/TX109/TX117/C91/CX4300 Magenta AQUAMARINE(Совместимый);;струйная категория: Картриджи/Картриджи Epson/струйные epson
"ООО ""ОДИССЕЙ"" WB";0159at;AT-T0924Y;0159;Картридж для Epson T0924 Stylus T26/TX106/T27/TX109/TX117C91/CX4300 Yellow AQUAMARINE (Совместимый);;струйная категория: Картриджи/Картриджи Epson/струйные epson
"ООО ""ОДИССЕЙ"" WB";0161at;AT-T0811Bk;0161;Картридж для Epson T0811 ST T50/T59/R270/RX590/610/690/TX650 Black AQUAMARINE (Совместимый);;струйная категория: Картриджи/Картриджи Epson/струйные epson
"ООО ""ОДИССЕЙ"" WB";0162at;AT-T0812C;0162;Картридж для Epson T0812 ST T50/T59/R270/RX590/610/690/TX650 Cyan AQUAMARINE (Совместимый);;струйная категория: Картриджи/Картриджи Epson/струйные epson
"ООО ""ОДИССЕЙ"" WB";0163at;AT-T0813M;0163;Картридж для Epson T0813 ST T50/T59/R270/RX590/610/690/TX650 Magenta AQUAMARINE(Совместимый);;струйная категория: Картриджи/Картриджи Epson/струйные epson
"ООО ""ОДИССЕЙ"" WB";0164at;AT-T0814Y;0164;Картридж для Epson T0814 ST T50/T59/R270/RX590/610/690/TX650 Yellow AQUAMARINE (Совместимый);;струйная категория: Картриджи/Картриджи Epson/струйные epson
"ООО ""ОДИССЕЙ"" WB";0165at;AT-T0815LC;0165;Картридж для Epson T0815 ST T50/T59/R270/RX590/610/690/TX650 Light Cyan AQUAMARINE (Совместимый);;струйная категория: Картриджи/Картриджи Epson/струйные epson
"ООО ""ОДИССЕЙ"" WB";0166at;AT-T0816LM;0166;Картридж для Epson T0816 ST T50/T59/R270/RX590/610/690/TX650 Light Magenta AQUAMARINE (Совместимый);;струйная категория: Картриджи/Картриджи Epson/струйные epson
"ООО ""ОДИССЕЙ"" WB";0188at;AT-T1281Bk;0188;Картридж для Epson T1281 Stylus SX125/S22/SX420W Black AQUAMARINE (Совместимый);;струйная категория: Картриджи/Картриджи Epson/струйные epson
"ООО ""ОДИССЕЙ"" WB";0189at;AT-T1282C;0189;Картридж для Epson T1282 Stylus SX125/S22/SX420W Cyan AQUAMARINE (Совместимый);;струйная категория: Картриджи/Картриджи Epson/струйные epson
"ООО ""ОДИССЕЙ"" WB";0190at;AT-T1283M;0190;Картридж для Epson T1283 Stylus SX125/S22/SX420W Magenta AQUAMARINE (Совместимый);;струйная категория: Картриджи/Картриджи Epson/струйные epson
"ООО ""ОДИССЕЙ"" WB";0191at;AT-T1284Y;0191;Картридж для Epson T1284 Stylus SX125/S22/SX420W Yellow AQUAMARINE (Совместимый);;струйная категория: Картриджи/Картриджи Epson/струйные epson
"ООО ""ОДИССЕЙ"" WB";0297at;AT-T0801Bk;0297;Картридж для Epson T0801 Stylus RX560/RX585/R285/R360/PX650/PX50 Black AQUAMARINE 14ml (Совместимый);;струйная категория: Картриджи/Картриджи Epson/струйные epson
"ООО ""ОДИССЕЙ"" WB";0298at;AT-T0802C;0298;$$_СРОЧНО Картридж для Epson T0802 Stylus RX560/RX585/R285/R360/PX650 Cyan 14ml AQUAMARINE (Совместимый);;струйная категория: Картриджи/Картриджи Epson/струйные epson
"ООО ""ОДИССЕЙ"" WB";0299at;AT-T0803M;0299;Картридж для Epson T0803 Stylus RX560/RX585/R285/R360/PX650 Magenta 14ml AQUAMARINE (Совместимый);;струйная категория: Картриджи/Картриджи Epson/струйные epson
"ООО ""ОДИССЕЙ"" WB";0591at;;0591;Картридж для Brother LC10/LC37/LC51/LC57/LC960/LC970/LC1000BK Black 30ml AQUAMARINE (Совместимый);да;струйная категория: Картриджи/Картриджи Brother/струйные brother
"ООО ""ОДИССЕЙ"" WB";0595at;;0595;Картридж для Brother LC11/LC16/LC38/LC61/LC980/LC1100K (HighCap) Black 28ml AQUAMARINE (Совместимый);да;струйная категория: Картриджи/Картриджи Brother/струйные brother
"ООО ""ОДИССЕЙ"" WB";0839at;AT-T1712C;0839;Картридж для Epson T1712 XP-33/103/203/207/303/306/406 Cyan AQUAMARINE (Совместимый);;струйная категория: Картриджи/Картриджи Epson/струйные epson
"ООО ""ОДИССЕЙ"" WB";0840at;AT-T1713M;0840;Картридж для Epson T1713 XP-33/103/203/207/303/306/406 Magenta AQUAMARINE (Совместимый);;струйная категория: Картриджи/Картриджи Epson/струйные epson
"ООО ""ОДИССЕЙ"" WB";0841at;AT-T1714Y;0841;Картридж для Epson T1714 XP-33/103/203/207/303/306/406 Yellow AQUAMARINE (Совместимый);;струйная категория: Картриджи/Картриджи Epson/струйные epson
"ООО ""ОДИССЕЙ"" WB";0908at;AT-T0870;0908;Картридж для Epson T0870 StylusPhoto R1900 Gloss 3.6K AQUAMARINE (Совместимый);;струйная категория: Картриджи/Картриджи Epson/струйные epson
"ООО ""ОДИССЕЙ"" WB";0909at;AT-T0871;0909;Картридж для Epson T0871 StylusPhoto R1900 Photo Black 0.65K AQUAMARINE (Совместимый);;струйная категория: Картриджи/Картриджи Epson/струйные epson
"ООО ""ОДИССЕЙ"" WB";0910at;AT-T0872;0910;Картридж для Epson T0872 StylusPhoto R1900 Cyan 0.65K AQUAMARINE (Совместимый);;струйная категория: Картриджи/Картриджи Epson/струйные epson
"ООО ""ОДИССЕЙ"" WB";0911at;AT-T0873;0911;Картридж для Epson T0873 StylusPhoto R1900 Magenta 0.65K AQUAMARINE (Совместимый);;струйная категория: Картриджи/Картриджи Epson/струйные epson
"ООО ""ОДИССЕЙ"" WB";0912at;AT-T0874;0912;Картридж для Epson T0874 StylusPhoto R1900 Yellow 0.65K AQUAMARINE (Совместимый);;струйная категория: Картриджи/Картриджи Epson/струйные epson
"ООО ""ОДИССЕЙ"" WB";0913at;AT-T0877;0913;Картридж для Epson T0877 StylusPhoto R1900 Red 0.65K AQUAMARINE (Совместимый);;струйная категория: Картриджи/Картриджи Epson/струйные epson
"ООО ""ОДИССЕЙ"" WB";0914at;AT-T0878;0914;Картридж для Epson T0878 StylusPhoto R1900 Matte Black 0.65K AQUAMARINE (Совместимый);;струйная категория: Картриджи/Картриджи Epson/струйные epson
"ООО ""ОДИССЕЙ"" WB";0915at;AT-T0879;0915;Картридж для Epson T0879 StylusPhoto R1900 Orange 0.65K AQUAMARINE (Совместимый);;струйная категория: Картриджи/Картриджи Epson/струйные epson
"ООО ""ОДИССЕЙ"" WB";0917at;AT-T1291Bk;0917;Картридж для Epson T1291 SX420W/BX305F Black AQUAMARINE (Совместимый);;струйная категория: Картриджи/Картриджи Epson/струйные epson
"ООО ""ОДИССЕЙ"" WB";0918at;AT-T1292C;0918;Картридж для Epson T1292 SX420W/BX305F Cyan AQUAMARINE (Совместимый);;струйная категория: Картриджи/Картриджи Epson/струйные epson
"ООО ""ОДИССЕЙ"" WB";0919at;AT-T1293M;0919;Картридж для Epson T1293 SX420W/BX305F Magenta AQUAMARINE (Совместимый);;струйная категория: Картриджи/Картриджи Epson/струйные epson
"ООО ""ОДИССЕЙ"" WB";0920at;AT-T1294Y;0920;Картридж для Epson T1294 SX420W/BX305F Yellow AQUAMARINE (Совместимый);;струйная категория: Картриджи/Картриджи Epson/струйные epson
"ООО ""ОДИССЕЙ"" WB";0922at;AT-T1301Bk;0922;Картридж для Epson T1301 B42WD/SX525WD/BX625WFD Black AQUAMARINE (Совместимый);;струйная категория: Картриджи/Картриджи Epson/струйные epson
"ООО ""ОДИССЕЙ"" WB";0923at;AT-T1302C;0923;Картридж для Epson T1302 B42WD/SX525WD/BX625WFD Cyan AQUAMARINE (Совместимый);;струйная категория: Картриджи/Картриджи Epson/струйные epson
"ООО ""ОДИССЕЙ"" WB";0924at;AT-T1303M;0924;Картридж для Epson T1303 B42WD/SX525WD/BX625WFD Magenta AQUAMARINE (Совместимый);;струйная категория: Картриджи/Картриджи Epson/струйные epson
"ООО ""ОДИССЕЙ"" WB";0925at;AT-T1304Y;0925;Картридж для Epson T1304 B42WD/SX525WD/BX625WFD Yellow AQUAMARINE (Совместимый);;струйная категория: Картриджи/Картриджи Epson/струйные epson
"ООО ""ОДИССЕЙ"" WB";0927at;AT-T2621Bk;0927;Картридж для Epson T2621 XP600/700/800 Black AQUAMARINE (Совместимый);;струйная категория: Картриджи/Картриджи Epson/струйные epson
"ООО ""ОДИССЕЙ"" WB";0928at;AT-T2631PBk;0928;Картридж для Epson T2631 XP600/700/800 Photo Black AQUAMARINE (Совместимый);;струйная категория: Картриджи/Картриджи Epson/струйные epson
"ООО ""ОДИССЕЙ"" WB";0929at;AT-T2632C;0929;Картридж для Epson T2632 XP600/700/800 Cyan AQUAMARINE (Совместимый);;струйная категория: Картриджи/Картриджи Epson/струйные epson
"ООО ""ОДИССЕЙ"" WB";0930at;AT-T2633M;0930;Картридж для Epson T2633 XP600/700/800 Magenta AQUAMARINE (Совместимый);;струйная категория: Картриджи/Картриджи Epson/струйные epson
"ООО ""ОДИССЕЙ"" WB";0931at;AT-T2634Y;0931;Картридж для Epson T2634 XP600/700/800 Yellow AQUAMARINE (Совместимый);;струйная категория: Картриджи/Картриджи Epson/струйные epson
"ООО ""ОДИССЕЙ"" WB";0933at;AT-T5591;0933;Картридж для Epson T5591 StylusPhoto RX700 Black 0.4K AQUAMARINE (Совместимый);;струйная категория: Картриджи/Картриджи Epson/струйные epson
"ООО ""ОДИССЕЙ"" WB";0934at;AT-T5592;0934;Картридж для Epson T5592 StylusPhoto RX700 Cyan 0.4K AQUAMARINE (Совместимый);;струйная категория: Картриджи/Картриджи Epson/струйные epson
"ООО ""ОДИССЕЙ"" WB";0935at;AT-T5593;0935;Картридж для Epson T5593 StylusPhoto RX700 Magenta 0.4K AQUAMARINE (Совместимый);;струйная категория: Картриджи/Картриджи Epson/струйные epson
"ООО ""ОДИССЕЙ"" WB";0936at;AT-T5594;0936;Картридж для Epson T5594 StylusPhoto RX700 Yellow 0.4K AQUAMARINE (Совместимый);;струйная категория: Картриджи/Картриджи Epson/струйные epson
"ООО ""ОДИССЕЙ"" WB";1265at;AT-T0794Y;1265;Картридж для Epson T0794 Stylus Photo 1400/PX650/660/700W/800FW Yellow AQUAMARINE (Совместимый);;струйная категория: Картриджи/Картриджи Epson/струйные epson
"ООО ""ОДИССЕЙ"" WB";1266at;AT-T0795LC;1266;Картридж для Epson T0795 Stylus Photo 1400/PX650/660/700W/800FW Light Cyan AQUAMARINE (Совместимый);;струйная категория: Картриджи/Картриджи Epson/струйные epson
"ООО ""ОДИССЕЙ"" WB";1267at;AT-T0796LM;1267;Картридж для Epson T0796 Stylus Photo 1400/PX650/660/700W/800FW LightMagenta AQUAMARINE(Совместимый);;струйная категория: Картриджи/Картриджи Epson/струйные epson
"ООО ""ОДИССЕЙ"" WB";1460at;AT-T1361Bk;1460;Картридж для Epson T1361 K101/K201/K301 Black AQUAMARINE (Совместимый);;струйная категория: Картриджи/Картриджи Epson/струйные epson
"ООО ""ОДИССЕЙ"" WB";3052at;;3052;Картридж для Canon PGI-480XL PIXMA TS6140/7540/8240 Black AQUAMARINE (Совместимый);да;струйная категория: Картриджи/Картриджи Canon/струйные canon
"ООО ""ОДИССЕЙ"" WB";3486at;AT-PG445XL CN;3486;СРОЧНО Картридж для Canon PG-445XL к Pixma MG2440/2540 увеличенный Black AQUAMARINE (Совместимый);;струйная категория: Картриджи/Картриджи Canon/струйные canon
"ООО ""ОДИССЕЙ"" WB";3487at;AT-CL446XL CN;3487;Картридж для Canon CL-446XL к Pixma MG2440/2540 увеличенный Color AQUAMARINE (Совместимый);;струйная категория: Картриджи/Картриджи Canon/струйные canon
"ООО ""ОДИССЕЙ"" WB";3519at;;3519;Картридж T9442С AT;да;струйная категория: Картриджи/Картриджи Epson/струйные epson
"ООО ""ОДИССЕЙ"" WB";4434at;AT-T06C14A 112 BK;4434;Чернила для Epson C13T06C14A  EcoTank L6550/6570/11160/15150/15160 112 Black 140 ml AQUAMARINE;;струйная категория: Картриджи/Картриджи Epson/струйные epson
"ООО ""ОДИССЕЙ"" WB";4477at;AT-C GI40 Multipack;4477;Набор чернил для Canon Multipack GI40 CMY BK Pigment AQUAMARINE (Совместимый);;струйная категория: Картриджи/Картриджи Canon/струйные canon
"ООО ""ОДИССЕЙ"" WB";4533at;AT-L0R13A 981 C;4533;Картридж для HP L0R13A 981 макс. емкости PageWide 556/558 16K Cyan AQUAMARINE (Совместимый);;струйная категория: Картриджи/Картриджи HP/струйные hp
"ООО ""ОДИССЕЙ"" WB";4534at;AT-L0R14A 981 M;4534;Картридж для HP L0R14A 981 макс. емкости PageWide 556/558 16K Magenta AQUAMARINE (Совместимый);;струйная категория: Картриджи/Картриджи HP/струйные hp
"ООО ""ОДИССЕЙ"" WB";4535at;AT-L0R15A 981 Y;4535;Картридж для HP L0R15A 981 макс. емкости PageWide 556/558 16K Yellow AQUAMARINE (Совместимый);;струйная категория: Картриджи/Картриджи HP/струйные hp
"ООО ""ОДИССЕЙ"" WB";4536at;AT-L0R16A 981 BK;4536;Картридж для HP L0R16A 981 макс. емкости PageWide 556/558 20K Black AQUAMARINE (Совместимый);;струйная категория: Картриджи/Картриджи HP/струйные hp
"ООО ""ОДИССЕЙ"" WB";4751at;;4751;Набор совместимых картриджей DS 3711C004 (PG-460 + CL-461), увеличенный ресурс;да;струйная категория: Картриджи/Картриджи Canon/струйные canon
"ООО ""ОДИССЕЙ"" WB";4963at;AT-CLI42Bk;4963;Картридж для Canon CLI-42BK PIXMA-PRO-100 Black AQUAMARINE (Совместимый);;струйная категория: Картриджи/Картриджи Canon/струйные canon
"ООО ""ОДИССЕЙ"" WB";4964at;AT-CLI42C;4964;Картридж для Canon CLI-42C PIXMA-PRO-100 Cyan AQUAMARINE (Совместимый);;струйная категория: Картриджи/Картриджи Canon/струйные canon
"ООО ""ОДИССЕЙ"" WB";4965at;AT-CLI42GY;4965;Картридж для Canon CLI-42GY PIXMA-PRO-100 Gray AQUAMARINE (Совместимый);;струйная категория: Картриджи/Картриджи Canon/струйные canon
"ООО ""ОДИССЕЙ"" WB";4966at;AT-CLI42LGY;4966;Картридж для Canon CLI-42LGY PIXMA-PRO-100 LightGray AQUAMARINE (Совместимый);;струйная категория: Картриджи/Картриджи Canon/струйные canon
"ООО ""ОДИССЕЙ"" WB";4967at;AT-CLI42M;4967;Картридж для Canon CLI-42M PIXMA-PRO-100 Magenta AQUAMARINE (Совместимый);;струйная категория: Картриджи/Картриджи Canon/струйные canon
"ООО ""ОДИССЕЙ"" WB";4968at;AT-CLI42PC;4968;Картридж для Canon CLI-42PC PIXMA-PRO-100 Photo Cyan AQUAMARINE (Совместимый);;струйная категория: Картриджи/Картриджи Canon/струйные canon
"ООО ""ОДИССЕЙ"" WB";4969at;AT-CLI42PM;4969;Картридж для Canon CLI-42PM PIXMA-PRO-100 Photo Magenta AQUAMARINE (Совместимый);;струйная категория: Картриджи/Картриджи Canon/струйные canon
"ООО ""ОДИССЕЙ"" WB";4970at;AT-CLI42Y;4970;Картридж для Canon CLI-42Y PIXMA-PRO-100 Yellow AQUAMARINE (Совместимый);;струйная категория: Картриджи/Картриджи Canon/струйные canon
"ООО ""ОДИССЕЙ"" WB";5225at;AT-T06C24A 112 С;5225;Чернила для Epson C13T06C14A  EcoTank L6550/6570/11160/15150/15160 112 Cyan 70 ml AQUAMARINE;;струйная категория: Картриджи/Картриджи Epson/струйные epson
"ООО ""ОДИССЕЙ"" WB";5226at;AT-T06C34A 112 M;5226;Чернила для Epson C13T06C14A  EcoTank L6550/6570/11160/15150/15160 112 Magenta 70 ml AQUAMARINE;;струйная категория: Картриджи/Картриджи Epson/струйные epson
"ООО ""ОДИССЕЙ"" WB";5274at;AT-T04F5R;5274;Картридж для Epson T04F5 XP15000 478XL Red AQUAMARINE (Совместимый);;струйная категория: Картриджи/Картриджи Epson/струйные epson
"ООО ""ОДИССЕЙ"" WB";5275at;AT-T04F6G;5275;Картридж для Epson T04F6 XP15000 478XL Gray AQUAMARINE (Совместимый);;струйная категория: Картриджи/Картриджи Epson/струйные epson
"ООО ""ОДИССЕЙ"" WB";5276at;AT-T3791Bk;5276;Картридж для Epson T3791 XP8500/XP15000 378XL Black AQUAMARINE (Совместимый);;струйная категория: Картриджи/Картриджи Epson/струйные epson
"ООО ""ОДИССЕЙ"" WB";5277at;AT-T3792C;5277;Картридж для Epson T3792 XP8500/XP15000 378XL Cyan AQUAMARINE (Совместимый);;струйная категория: Картриджи/Картриджи Epson/струйные epson
"ООО ""ОДИССЕЙ"" WB";5278at;AT-T3793M;5278;Картридж для Epson T3793 XP8500/XP15000 378XL Magenta AQUAMARINE (Совместимый);;струйная категория: Картриджи/Картриджи Epson/струйные epson
"ООО ""ОДИССЕЙ"" WB";5279at;AT-T3794Y;5279;Картридж для Epson T3794 XP8500/XP15000 378XL Yellow AQUAMARINE (Совместимый);;струйная категория: Картриджи/Картриджи Epson/струйные epson
"ООО ""ОДИССЕЙ"" WB";5534at;AT-PFI300C;5534;Картридж для Canon PFI-300C imagePROGRAF-PRO-300 Cyan AQUAMARINE (Совместимый);;струйная категория: Картриджи/Картриджи Canon/струйные canon
"ООО ""ОДИССЕЙ"" WB";5535at;AT-PFI300CO;5535;Картридж для Canon PFI-300CO imagePROGRAF-PRO-300 Chroma Optimizer AQUAMARINE (Совместимый);;струйная категория: Картриджи/Картриджи Canon/струйные canon
"ООО ""ОДИССЕЙ"" WB";5536at;AT-PFI300GY;5536;Картридж для Canon PFI-300GY imagePROGRAF-PRO-300 Gray AQUAMARINE (Совместимый);;струйная категория: Картриджи/Картриджи Canon/струйные canon
"ООО ""ОДИССЕЙ"" WB";5537at;AT-PFI300M;5537;Картридж для Canon PFI-300M imagePROGRAF-PRO-300 Magenta AQUAMARINE (Совместимый);;струйная категория: Картриджи/Картриджи Canon/струйные canon
"ООО ""ОДИССЕЙ"" WB";5538at;AT-PFI300MBK;5538;Картридж для Canon PFI-300MBK imagePROGRAF-PRO-300 Matte Black AQUAMARINE (Совместимый);;струйная категория: Картриджи/Картриджи Canon/струйные canon
"ООО ""ОДИССЕЙ"" WB";5539at;AT-PFI300PBK;5539;Картридж для Canon PFI-300PBK imagePROGRAF-PRO-300 Photo Black AQUAMARINE (Совместимый);;струйная категория: Картриджи/Картриджи Canon/струйные canon
"ООО ""ОДИССЕЙ"" WB";5540at;AT-PFI300PC;5540;Картридж для Canon PFI-300PC imagePROGRAF-PRO-300 Photo Cyan AQUAMARINE (Совместимый);;струйная категория: Картриджи/Картриджи Canon/струйные canon
"ООО ""ОДИССЕЙ"" WB";5541at;AT-PFI300PM;5541;$$$_СРОЧНО Картридж для Canon PFI-300PM imagePROGRAF-PRO-300 Photo Magenta AQUAMARINE (Совместимый);;струйная категория: Картриджи/Картриджи Canon/струйные canon
"ООО ""ОДИССЕЙ"" WB";5542at;AT-PFI300R;5542;Картридж для Canon PFI-300R imagePROGRAF-PRO-300 Red AQUAMARINE (Совместимый);;струйная категория: Картриджи/Картриджи Canon/струйные canon
"ООО ""ОДИССЕЙ"" WB";5543at;AT-PFI300Y;5543;$$$_СРОЧНО Картридж для Canon PFI-300Y imagePROGRAF-PRO-300 Yellow AQUAMARINE (Совместимый);;струйная категория: Картриджи/Картриджи Canon/струйные canon
"ООО ""ОДИССЕЙ"" WB";5647at;AT-CN PG 100 BK;5647;Чернила для Canon пигментные Pigment ink универсальные 100 ml black AQUAMARI;;струйная категория: Картриджи/Картриджи Canon/струйные canon
"ООО ""ОДИССЕЙ"" WB";5648at;AT-EP 100 BK;5648;Чернила для Epson водные Dye ink универсальные 100 ml black AQUAMARINE;;струйная категория: Картриджи/Картриджи Epson/струйные epson
"ООО ""ОДИССЕЙ"" WB";5649at;AT-EP 100 С;5649;Чернила для Epson водные Dye ink универсальные 100 ml cyan AQUAMARINE;;струйная категория: Картриджи/Картриджи Epson/струйные epson
"ООО ""ОДИССЕЙ"" WB";5650at;AT-EP 100 LС;5650;Чернила для Epson водные Dye ink универсальные 100 ml light cyan AQUAMARINE;;струйная категория: Картриджи/Картриджи Epson/струйные epson
"ООО ""ОДИССЕЙ"" WB";5651at;AT-EP 100 LM;5651;Чернила для Epson водные Dye ink универсальные 100 ml light magenta AQUAMARINE;;струйная категория: Картриджи/Картриджи Epson/струйные epson
"ООО ""ОДИССЕЙ"" WB";5652at;AT-EP 100 M;5652;Чернила для Epson водные Dye ink универсальные 100 ml magenta AQUAMARINE;;струйная категория: Картриджи/Картриджи Epson/струйные epson
"ООО ""ОДИССЕЙ"" WB";5653at;AT-EP 100 Y;5653;Чернила для Epson водные Dye ink универсальные 100 ml yellow AQUAMARINE;;струйная категория: Картриджи/Картриджи Epson/струйные epson
"ООО ""ОДИССЕЙ"" WB";5655at;AT-H 100 BK;5655;Чернила для HP водные Dye ink универсальные 100 ml black AQUAMARINE;;струйная категория: Картриджи/Картриджи HP/струйные hp
"ООО ""ОДИССЕЙ"" WB";5656at;AT-H 100 С;5656;Чернила для HP водные Dye ink универсальные 100 ml cyan AQUAMARINE;;струйная категория: Картриджи/Картриджи HP/струйные hp
"ООО ""ОДИССЕЙ"" WB";5657at;AT-H 100 M;5657;Чернила для HP водные Dye ink универсальные 100 ml magenta AQUAMARINE;;струйная категория: Картриджи/Картриджи HP/струйные hp
"ООО ""ОДИССЕЙ"" WB";5658at;AT-H 100 Y;5658;Чернила для HP водные Dye ink универсальные 100 ml yellow AQUAMARINE;;струйная категория: Картриджи/Картриджи HP/струйные hp
"ООО ""ОДИССЕЙ"" WB";5660at;AT-H PG 100 BK;5660;Чернила для HP пигментные Pigment ink универсальные 100 ml black AQUAMARINE;;струйная категория: Картриджи/Картриджи HP/струйные hp
"ООО ""ОДИССЕЙ"" WB";5758at;AT-T09C14A 108 BK;5758;Чернила для Epson C13T09C14A EcoTank L8050/L8150/L8058 108 Black 70 ml AQUAMARINE;;струйная категория: Картриджи/Картриджи Epson/струйные epson
"ООО ""ОДИССЕЙ"" WB";5759at;AT-T09C24A 108 C;5759;Чернила для Epson C13T09C24A EcoTank L8050/L8150/L8058 108 Cyan 70 ml AQUAMARINE;;струйная категория: Картриджи/Картриджи Epson/струйные epson
"ООО ""ОДИССЕЙ"" WB";5760at;AT-T09C34A 108 M;5760;Чернила для Epson C13T09C34A EcoTank L8050/L8150/L8058 108 Magenta 70 ml AQUAMARINE;;струйная категория: Картриджи/Картриджи Epson/струйные epson
"ООО ""ОДИССЕЙ"" WB";5761at;AT-T09C44A 108 Y;5761;Чернила для Epson C13T09C44A EcoTank L8050/L8150/L8058 108 Yellow 70 ml AQUAMARINE;;струйная категория: Картриджи/Картриджи Epson/струйные epson
"ООО ""ОДИССЕЙ"" WB";5762at;AT-T09C54A 108 LC;5762;Чернила для Epson C13T09C54A EcoTank L8050/L8150/L8058 108 Light Cyan 70 ml AQUAMARINE;;струйная категория: Картриджи/Картриджи Epson/струйные epson
"ООО ""ОДИССЕЙ"" WB";5763at;AT-T09C64A 108 LM;5763;Чернила для Epson C13T09C64A EcoTank L8050/L8150/L8058 108 Light Magenta 70 ml AQUAMARINE;;струйная категория: Картриджи/Картриджи Epson/струйные epson
"ООО ""ОДИССЕЙ"" WB";5885at;AT-GI43Y;5885;Чернила для Canon GI43Y Pixma Pixma G640/540 Yellow 70 ml AQUAMARINE;;струйная категория: Картриджи/Картриджи Canon/струйные canon
"ООО ""ОДИССЕЙ"" WB";6450at;AT-GI46C;6450;Чернила для Canon GI46C Pixma GX6040/GX7040 Cyan 135 ml AQUAMARINE;;струйная категория: Картриджи/Картриджи Canon/струйные canon
"ООО ""ОДИССЕЙ"" WB";6451at;AT-GI46M;6451;Чернила для Canon GI46M Pixma GX6040/GX7040 Magenta135 ml AQUAMARINE;;струйная категория: Картриджи/Картриджи Canon/струйные canon
"ООО ""ОДИССЕЙ"" WB";6452at;AT-GI46BK PIG;6452;Чернила для Canon GI46PGBK Pixma GX6040/GX7040 Black Pigment135 ml AQUAMARINE;;струйная категория: Картриджи/Картриджи Canon/струйные canon
"ООО ""ОДИССЕЙ"" WB";6453at;AT-GI46Y;6453;Чернила для Canon GI46Y Pixma GX6040/GX7040 Yellow 135 ml AQUAMARINE;;струйная категория: Картриджи/Картриджи Canon/струйные canon
"ООО ""ОДИССЕЙ"" WB";6455at;AT-T07C14A 115 BK PIG;6455;Чернила для Epson C13T07C14A  EcoTank  L8160/L8180 115 Black pigment 70 ml AQUAMARINE;;струйная категория: Картриджи/Картриджи Epson/струйные epson
"ООО ""ОДИССЕЙ"" WB";6456at;AT-T07D14A 115 PBK;6456;Чернила для Epson C13T07D14A  EcoTank  L8160/L8180 115 PhotoBlackt 70 ml AQUAMARINE;;струйная категория: Картриджи/Картриджи Epson/струйные epson
"ООО ""ОДИССЕЙ"" WB";6457at;AT-T07D24A 115 C;6457;СРОЧНО Чернила для Epson C13T07D24A  EcoTank  L8160/L8180 115 Cyan 70 ml AQUAMARINE;;струйная категория: Картриджи/Картриджи Epson/струйные epson
"ООО ""ОДИССЕЙ"" WB";6458at;AT-T07D34A 115 M;6458;Чернила для Epson C13T07D34A  EcoTank  L8160/L8180 115 Magenta 70 ml AQUAMARINE;;струйная категория: Картриджи/Картриджи Epson/струйные epson
"ООО ""ОДИССЕЙ"" WB";6459at;AT-T07D44A 115 Y;6459;Чернила для Epson C13T07D44A  EcoTank  L8160/L8180 115 Yellow 70 ml AQUAMARINE;;струйная категория: Картриджи/Картриджи Epson/струйные epson
"ООО ""ОДИССЕЙ"" WB";6460at;AT-T07D54A 115 GY;6460;Чернила для Epson C13T07D54A  EcoTank  L8160/L8180 115 Gray 70 ml AQUAMARINE;;струйная категория: Картриджи/Картриджи Epson/струйные epson
