уровень;поставщик;артикул;название карточки;штук;внешний код;наша карточка;балл;код в МС;Название WB
A;bulat;GDCN0G1420010;Чернила Canon GI-41PGBK, Чёрные (6000 стр., 135 мл) pigment;50.000;5413;Чернила Cactus CS-GI41PGBK GI-41 PGBK черный пигментный 140мл для Canon PIXMA G1420/G2420/G2460/G3420/G3460;5;;Чернила GI-41Bk для Canon черный
A;bulat;GDCN0GI490010;Чернила Canon GI-490BK (0663C001), Чёрные (6000 стр., 135 мл) dye;100.000;3755;Чернила водорастворимые SP GI-490BK (0663C001) для Canon (черный, 135 мл);5;;Чернила GI-490PGBK для Canon 0663C001 черный
A;bulat;GDEP0L8160010;Чернила 115, C13T07C14A для Epson L8160, L8180 (банка с колпачком), Чёрные (6700 стр., 70 мл) pigment;20.000;6455;Чернила Cactus CS-EPT07C14 115BK черный пигментный70мл для Epson ECOTANK L8160/8180;5;;Чернила 115PGBK для Epson C13T07C14A черный
A;bulat;GDHP00GT52050;Чернила HP GT52 (M0H55AE), Пурпурные (100 мл) dye;50.000;3739;Чернила G&G GG-GT52M пурпурный100мл для HP Ink Tank 110/115/116/118/310/315/316/318/319/515/615;5;;Чернила GT52 для HP M0H55AE пурпурный
A;bulat;GDHP00GT52060;Чернила HP GT52 (M0H56AE), Жёлтые (100 мл) dye;50.000;3740;Чернила G&G GG-GT52Y желтый100мл для HP Ink Tank 110/115/116/118/310/315/316/318/319/515/615;5;;Чернила GT52 для HP M0H56AE желтый
B;bulat;GFCNPFI102030;Струйный картридж БУЛАТ PFI-102C (0896B001) для Canon imagePROGRAF iPF500, iPF600, iPF700, LP17 (Голубой, 130 мл);50.000;1239;Картридж струйный Cactus CS-PFI102C PFI-102 C синий (130мл) для Canon IP iPF500/iPF600/iPF700/ MFP M40/iPF765/LP17/LP24 с чипом;5;1239bt;Картридж PFI-102C для Canon 0896B001 голубой
B;bulat;GFCNPFI102050;Струйный картридж БУЛАТ PFI-102Y (0898B001) для Canon imagePROGRAF iPF500, iPF600, iPF700, LP17 (Жёлтый, 130 мл);50.000;1241;Картридж струйный Cactus CS-PFI102Y PFI-102 Y желтый (130мл) для Canon IP iPF500/iPF600/iPF700/MFP M40/iPF765/LP17/LP24 с чипом;5;1241bt;Картридж PFI-102Y для Canon 0898B001 желтый
B;bulat;GFCNPFI710020;Струйный картридж БУЛАТ PFI-710BK (2354C001), Чёрный, 700 мл, pigment для Canon imagePROGRAF TX-3000, TX-4000;20.000;3676;Картридж струйный Cactus CS-PFI710BK PFI-710 BK черный пигментный (700мл) для Canon imagePROGRAF TX-2000/TX-3000/TX-4000 с чипом;5;3676bt;Картридж PFI-710Bk для Canon 2354C001 черный
B;bulat;GFCNPFI710030;Струйный картридж БУЛАТ PFI-710C (2355C001) Голубой, 700мл, pigment для Canon imagePROGRAF TX-3000, TX-4000;20.000;3677;IC-CPFI-710C Картридж T2 для Canon imagePROGRAF iPF-TX-2000/TX-3000/TX-4000, голубой, с чипом;5;3677bt;Картридж PFI-710C для Canon 2355C001 голубой
B;bulat;GFCNPFI710040;Струйный картридж БУЛАТ PFI-710M (2356C001), Пурпурный, 700 мл, pigment для Canon imagePROGRAF TX-3000, TX-4000;20.000;3678;IC-CPFI-710M Картридж T2 для Canon imagePROGRAF iPF-TX-2000/TX-3000/TX-4000, пурпурный, с чипом;5;3678bt;Картридж PFI-710M для Canon 2356C001 пурпурный
B;bulat;GFCNPFI710050;Струйный картридж БУЛАТ PFI-710Y (2357C001) Жёлтый, 700 мл, pigment для Canon imagePROGRAF TX-3000, TX-4000;20.000;3679;Картридж струйный Cactus CS-PFI710Y PFI-710 Y желт.пигм. (700мл) для Canon imagePROGRAF TX-2000/TX-3000/TX-4000 с чипом;5;3679bt;Картридж PFI-710Y для Canon 2357C001 желтый
B;bulat;GFEPSP7700020;Струйный картридж БУЛАТ T6362, C13T636200 Cyan (700мл) pigment для Epson Stylus Pro 7700, 7890, 7900, 9700, 9890, 9900, WT7900;20.000;1923;Картридж струйный Cactus CS-EPT636200 T6362 голуб.пигм. (700мл) для Epson Stylus PRO 7700/7890/7900/9700 с чипом;5;1923bt;Картридж T6362 для Epson C13T636200 голубой
B;bulat;GFEPSP7700030;Струйный картридж БУЛАТ T6363, C13T636300 Magenta (700мл) pigment для Epson Stylus Pro 7700, 7890, 7900, 9700, 9890, 9900, WT7900;20.000;1924;Картридж струйный Cactus CS-EPT636300 T6363 пурп.пигм. (700мл) для Epson Stylus PRO 7700/7890/7900/9700 с чипом;5;1924bt;Картридж T6363 для Epson C13T636300 пурпурный
B;bulat;GFEPSP7700040;Струйный картридж БУЛАТ T6364, C13T636400 Yellow (700мл) pigment для Epson Stylus Pro 7700, 7890, 7900, 9700, 9890, 9900, WT7900;20.000;1925;Картридж струйный Cactus CS-EPT636400 T6364 желт.пигм. (700мл) для Epson Stylus PRO 7700/7890/7900/9700 с чипом;5;1925bt;Картридж T6364 для Epson C13T636400 желтый
B;bulat;GFEPSP7700050;Струйный картридж БУЛАТ T6368 / C13T636800 Matte Black (700мл) pigment для Epson Stylus Pro 7700, 7890, 7900, 9700, 9890, 9900, WT7900;20.000;1929;Картридж струйный Cactus CS-EPT636800 T6368 черный матовый (700мл) для Epson Stylus PRO 7700/7890/7900/9700 с чипом;5;1929bt;Картридж T6368 для Epson C13T636800 черный матовый
B;bulat;GFEPSP7890010;Струйный картридж БУЛАТ T6365, C13T636500 для Epson Stylus Pro 7890, 7900, 9700, 9890, 9900, WT7900 (Светло-голубой, 700 мл) pigment;20.000;1926;Картридж струйный Cactus CS-EPT636500 T6365 св.голуб.пигм. (700мл) для Epson Stylus PRO 7700/7890/7900/9700 с чипом;5;1926bt;Картридж T6365 для Epson C13T636500 светло-голубой
B;bulat;GFEPSP7890020;Струйный картридж БУЛАТ T6366, C13T636600 для Epson Stylus Pro 7890, 7900, 9700, 9890, 9900, WT7900 (Светло-пурпурный, 700 мл) pigment;20.000;1927;Картридж струйный Cactus CS-EPT636600 T6366 св.пурп.пигм. (700мл) для Epson Stylus PRO 7700/7890/7900/9700 с чипом;5;1927bt;Картридж T6366 для Epson C13T636600 светло-пурпурный
B;bulat;GFEPSP7890040;Струйный картридж БУЛАТ T6369, C13T636900 для Epson Stylus Pro 7890, 7900, 9700, 9890, 9900, WT7900 (Светло-серый, 700 мл, pigment);20.000;1930;Картридж струйный Cactus CS-EPT636900 T6369 св.сер.пигм. (700мл) для Epson Stylus PRO 7700/7890/7900/9700 с чипом;5;1930bt;Картридж T6369 для Epson C13T636900 светло-серый
B;bulat;GFHPDJ110P010;Струйный картридж БУЛАТ HP-10Bk, C4844A для HP DesignJet 110 Plus, Чёрный (2500 стр.);50.000;0313;Картридж струйный Cactus CS-C4844 №10 черный (72мл) для HP BIJ 1000/1100/1200/2200/2300/2600/2800 с чипом;5;0313bt;Картридж 10 для HP C4844A черный
B;bulat;GFHPDJ110P020;Струйный картридж БУЛАТ C4836A для HP DesignJet 110 Plus, Голубой (2350 стр.);20.000;0314;Картридж струйный Cactus CS-C4836 №11 голубой (29мл) для HP BIJ 1000/1100/1200/2200/2300/2600/2800 с чипом;5;0314bt;Картридж 11 для HP C4836A голубой
B;bulat;GFHPDJ1600040;Струйный картридж БУЛАТ 730 (P2V69A) для HP DesignJet T1600, T1700, T2600 (Пурпурный, 300 мл);50.000;4471;IC-HP2V69A Картридж T2 №730 для HP DesignJet T1600/T1700/T2600 (300мл.) пурпурный, с чипом;5;4471bt;Картридж 730M для HP P2V69A пурпурный с чипом
B;bulat;GFHPDJ1600060;Струйный картридж БУЛАТ 730 (P2V72A) для HP DesignJet T1600, T1700, T2600 (Серый, 300 мл);50.000;4474;IC-HP2V72A Картридж T2 №730 для HP DesignJet T1600/T1700/T2600 (300мл.) серый, с чипом;5;4474bt;Картридж 730GY для HP P2V72A серый с чипом
B;bulat;GFHPDJ3100030;Струйный картридж БУЛАТ 70 (C9452A) Голубой,135 мл, pigment для HP DesignJet Z3100, Z3200;50.000;1567;IC-H9452 Картридж T2 № 70 для HP Designjet Z2100/Z3100/Z3200/Z5200/Z5400, голубой, с чипом, пигментный;5;1567bt;Картридж 70 для HP C9452A голубой
B;ramis;5223390000;Картридж для (132) HP DJ 5443/ PSC 2573 C9362HE (восстановленный) Black (5ml) Unijet;155.000;0309;Картридж струйный Cactus CS-C9362 №132 черный (7мл) для HP DJ 5443/D4163/DJ 6215/PS 2573/C3183/D5163/PSC 1513 с чипом;5;;Картридж 132 для HP C9362HE черный
B;ramis;5223440000;Картридж для (140XL) HP DJ D4263 CB336 (восстановленный) Black Unijet;245.000;0198;Картридж струйный Cactus CS-CB336 №140XL черный (29мл) для HP DJ D4263/D4363/DJ J5783/J6413/PSC C4273/C4283/C4343/C4383/C4473/C4483/C4583/C5283/D5363 с чипом;5;;Картридж 140XL для HP CB336HE черный XL ресурс
B;vtt;989999183080;Тонер-картридж NetProduct (N-106R01631) для Xerox Phaser 6000/6010/WC6015, C, 1K;394.000;0790;Тонер-картридж Hi-Black (HB-106R01631) для Xerox Phaser 6000/6010/WC6015, C, 1K;4;0790np;Картридж 106r01631 для Xerox голубой
C;blossom;BS-LQ-2080;Матричный картридж Epson LQ-2080 для LQ-2070/2080/2170/2180/2190, FX-2170/2180;12.000;2205;Риббон-картридж S015086 CS;3;;Картридж S015086 для Epson C13S015086BA черный
C;blossom;BS-X106R02610;Тонер-картридж Xerox 106R02610 для Phaser 7100 1 туба, M, 4,5K, Blossom;14.000;3145;Картридж лазерный Cactus CS-PH7100M 106R02607 пурпурный (4500стр.) для Xerox Phaser 7100/7100N/7100DN;5;3145bs;Картридж 106R02607 для Xerox пурпурный
C;blossom;BS-X106R02611;Тонер-картридж Xerox 106R02611 для Phaser 7100 1 туба, Y, 4,5K, Blossom;8.000;3146;Картридж лазерный Cactus CS-PH7100Y 106R02608 желтый (4500стр.) для Xerox Phaser 7100/7100N/7100DN;5;3146bs;Картридж 106R02608 для Xerox желтый
C;blossom;Q2613X;Q2613X  К-ж HP Smart Cartridge LJ 1300 ориг.;6.000;0022;Картридж CG-Q2613X/Q2624X/C7115X/EP-25 (№13X) для принтеров HP LaserJet 1300/1300n/1300xi/1150/1000/1000w/1005/1005w/1200/1200n/1200se/3300/3310/3320/3320n/3330/3330mfp/3380/3390/Canon i-SENSYS LBP1210 4000 копий Colouring;4;;Картридж Q2613X для HP 13X черный с чипом XL ресурс
C;bulat;AFHPE60055040;Тонер-картридж БУЛАТ s-Line W9004MC (OPC FUJI) для HP LJ E60055, E62575 (Чёрный, 50000 стр.), ref.;20.000;4172;Тонер-картридж Hi-Black (HB-W9004MC) для HP LJ E60055/E60065/E60075/E62555/E62565/E62575, 50K;6;4172sl;Картридж W9004WC для HP черный с чипом
C;bulat;AFKYEP2035010;Блок проявки БУЛАТ DV-160 для Kyocera FS-1120d (Чёрный, 100000 стр.), ref.;100.000;6859;Блок фотобарабана Cactus CS-DK1270 DK-1270/30C1493020 черный ч/б:100000стр. для Ecosys PA3500x/PA3500wx/PA4000x/PA4000wx/MA3500x/MA3500fx/MA3501wifx/MA4000x/MA4000fx/MA4000wifx Kyocera;6;6859bt;Фотобарабан DK-1270 для Kyocera 30C1493020 черный с чипом
C;bulat;AFKYFS1300030;Блок проявки БУЛАТ s-Line DV-130 для Kyocera FS-1300 (Чёрный, 100000 стр.), ref.;20.000;6859;Блок фотобарабана Cactus CS-DK1270 DK-1270/30C1493020 черный ч/б:100000стр. для Ecosys PA3500x/PA3500wx/PA4000x/PA4000wx/MA3500x/MA3500fx/MA3501wifx/MA4000x/MA4000fx/MA4000wifx Kyocera;6;6859sl;Фотобарабан DK-1270 для Kyocera 30C1493020 черный с чипом
C;bulat;BFKYEP6130010;Драм-юнит БУЛАТ s-Line DK-5140 для Kyocera ECOSYS P6130, P6035, P6230, P6235 (302NR93010, 302NR93011, 302NR93012, 302NR93013, 02NR93014), 100000 стр., ref.;50.000;6859;Блок фотобарабана Cactus CS-DK1270 DK-1270/30C1493020 черный ч/б:100000стр. для Ecosys PA3500x/PA3500wx/PA4000x/PA4000wx/MA3500x/MA3500fx/MA3501wifx/MA4000x/MA4000fx/MA4000wifx Kyocera;5;6859sl;Фотобарабан DK-1270 для Kyocera 30C1493020 черный с чипом
C;bulat;BFKYFS8020110;Блок проявки БУЛАТ DV-895, 896 (302MY93030, 302K93031, 302K093030) для Kyocera FS-C8020 (Пурпурный), ref.;20.000;1213;TC-K895M Тонер-картридж T2 для Kyocera FS-C8020/C8025/C8520/C8525 (6000 стр.) пурпурный, с чипом;5;1213bt;Картридж TK-895M для Kyocera пурпурный
C;bulat;BFRCSPC352080;Драм-картридж БУЛАТ 408224-Y для Ricoh SP C352, C360 SP C352 (Жёлтый, 12000 стр.), ref.;50.000;3748;Тонер-картридж Smart Graphics SP 360HEY для Ricoh Aficio SP C360, Aficio SP C361 (Жёлтый, 6002 стр.), совместимый;4;3748bt;Картридж 408187 для Ricoh SP-C360HE Y желтый
C;bulat;DFCNDX4825010;Тонер-картридж БУЛАТ s-Line C-EXV62 (Чёрный, 42000 стр.)  для Canon iR DX 4825i;20.000;7078;Драм-картридж Canon iR DX 4825i C-EXV62;5;7078sl;Фотобарабан C-EXV62 для Canon черный с чипом
C;bulat;DFKYEP2040100;Блок проявки БУЛАТ DV-1150 (302RV93020) для Kyocera ECOSYS P2040, M2040, P2235 (100000 стр.);100.000;6859;Блок фотобарабана Cactus CS-DK1270 DK-1270/30C1493020 черный ч/б:100000стр. для Ecosys PA3500x/PA3500wx/PA4000x/PA4000wx/MA3500x/MA3500fx/MA3501wifx/MA4000x/MA4000fx/MA4000wifx Kyocera;5;6859bt;Фотобарабан DK-1270 для Kyocera 30C1493020 черный с чипом
C;bulat;DFRCAF1015010;Драм-картридж БУЛАТ s-Line 2015, MP2000 (B2592210, B2592200) для Ricoh Aficio 1015, MP 1500, MP 1900 (Чёрный, 60000 стр.), в сборе с барабаном и девелопером, универсальный, ref.;50.000;2892;Картридж Ricoh 1015 для Aficio 1015/1018/1113/1115/MP2000, drum unit black, 60000 стр.,Blossom;5;2892sl;Фотобарабан B0392214 DU для Ricoh черный
C;bulat;DFRCMP2554020;Драм-картридж БУЛАТ s-Line MP2554, MP3554 (D8690122, D2020124) для Ricoh Aficio MP 2554, MP 3554 (Чёрный, 50000 стр.) в сборе с барабаном и c девелопером, универсальный, ref.;50.000;2894;Тонер-картридж EasyPrint LR-MP3554 для Ricoh MP2554/3054/3554 (24000стр.);4;2894sl;Картридж 842125 для Ricoh MP 3554 черный
C;bulat;DFRX000D95020;Драм-картридж БУЛАТ s-Line 013R00668, 013R00666 для Xerox D95, совместимый;50.000;5737;Картридж для Xerox 013R00668/013R00666 D-95/110/125/136 DRUM White Box (Совместимый);3;5737sl;Фотобарабан 013R00668 для Xerox 013R666 черный
C;bulat;DFRXVL7125020;Драм-картридж БУЛАТ s-Line 013R00687 для Xerox VersaLink B7125 (Чёрный, 80000 стр.), ref.;51.000;5845;Тонер-картридж БУЛАТ s-Line 006R01819 для Xerox VersaLink B7125 (Чёрный, 31000 стр.);5;5845sl;Тонер-картридж 006R01819 для Xerox черный с чипом
C;bulat;EFCNIR1225050;Драм-картридж БУЛАТ s-Line 034K для Canon iR C1225 (Чёрный, 34000 стр.), ref.;50.000;3021;Тонер-картридж БУЛАТ s-Line 034K для Canon iR C1225 (Чёрный, 12000 стр.);4;3021sl;Картридж 034BK для Canon 9454B001 черный
C;bulat;EFKM00C258100;Блок проявки БУЛАТ s-Line DV313Y для Konica Minolta bizhub C258 (Жёлтый, 600000 cтр.), ref.;50.000;2641;TC-MTN-324Y Тонер-картридж T2 для Konica-Minolta BizHub C258/C458/C558/C658 (26000 стр.) желтый, с чипом;5;2641sl;Картридж TN-324Y для Konica A8DA250 желтый
C;bulat;EFKMBZ3351050;Драм-картридж БУЛАТ IUP-24(A95X01D) для Konica Minolta bizhub C3351 (Чёрный, 60000 стр.), ref.;20.000;5083;Картридж Konica Minolta TNP-49K для Bizhub C3351/3851, black, 13000 стр.,Blossom;4;5083bt;Тонер-картридж TNP-49K для Konica A95W150 черный
C;bulat;EFKMBZ3351070;Драм-картридж БУЛАТ IUP-24 (A95X0CD) для Konica Minolta bizhub C3351 (Пурпурный, 50000 стр.), ref.;20.000;5085;Картридж Konica Minolta TNP-49M для Bizhub C3351/3851, magenta, 12000 стр.,Blossom;4;5085bt;Тонер-картридж TNP-49M для Konica A95W350 пурпурный
C;bulat;EFKMBZ3351080;Драм-картридж БУЛАТ IUP-24(A95X06D) для Konica Minolta bizhub C3351 (Жёлтый, 50000 стр.), ref.;20.000;5084;Тонер-картридж Konica Minolta TNP-49Y для Bizhub C3351/3851, Y, 12K, Blossom;4;5084bt;Картридж TNP-49Y для Konica A95W250 желтый
C;bulat;EFRC0C2030010;Блок фотобарабана в сборе с блоком проявки БУЛАТ s-Line MP C2030, MP C2051 (D0392040 + D8093001) для Ricoh Aficio MP C2030, MP C2051 (Чёрный, 240000 стр.), универсальный, ref.;20.000;2060;Картридж лазерный Cactus CS-MP2551BK 841587 черный (10000стр.) для Ricoh type MPC2551E/C2051/С2551 с чипом;5;2060sl;Картридж MPC2551EBk для Ricoh черный
C;bulat;EFRC0C2030020;Блок фотобарабана в сборе с блоком проявки БУЛАТ s-Line MP C2030, MP C2051 (D0392040 + D8093002) для Ricoh Aficio MP C2030, MP C2051 (Голубой, 240000 стр.), универсальный, ref.;20.000;2061;Картридж лазерный Cactus CS-MP2551C 842064 голубой (9500стр.) для Ricoh type MPC2551E/C2051/С2551 с чипом;5;2061sl;Картридж MPC2551EC для Ricoh 841587 голубой
C;bulat;EFRCMP2004050;Блок фотобарабана БУЛАТ s-Line PCDU (D2442207, D2442227) в сборе с блоком проявки для Ricoh MP C2004 (Жёлтый), ref.;20.000;2429;Тонер-картридж Smart Graphics MP C2503HY для Ricoh Aficio MPC2003, Aficio MP C2004, Ricoh Aficio MP C2011 (Жёлтый, 9500 стр.), совместимый;4;2429sl;Картридж MPC2503Y для Ricoh 841926 желтый
C;bulat;EFRCMP3003030;Блок фотобарабана в сборе с блоком проявки D1862275 для Ricoh MP C3003 (Чёрный), ref.;20.000;2076;Картридж Colortek Ricoh Aficio MP C3003 Black (841817);4;;Картридж MP C3503Bk для Ricoh 841817 черный
C;bulat;EFRCMP3004020;Блок фотобарабана в сборе с блоком проявки БУЛАТ для Ricoh MP C3004 (D2392285) Голубой, ref.;20.000;2077;Тонер-картридж Hi-Black (HB-Type MPC3503C) для Ricoh Aficio MP C3003/C3004/C3503, C, 18K;4;2077bt;Картридж MP C3503C для Ricoh 841820 голубой
C;bulat;EFRCMP3004030;Блок фотобарабана в сборе с блоком проявки БУЛАТ для Ricoh MP C3004 (D2392286) Пурпурный, ref.;20.000;2078;Тонер-картридж Hi-Black (HB-Type MPC3503M) для Ricoh Aficio MP C3003/C3004/C3503, M, 18K;4;2078bt;Картридж MP C3503M для Ricoh 841819 пурпурный
C;bulat;EFRCMP3004040;Блок фотобарабана в сборе с блоком проявки БУЛАТ для Ricoh MP C3004 (D2392287) Жёлтый, ref.;20.000;2079;Тонер-картридж Hi-Black (HB-Type MPC3503Y) для Ricoh Aficio MP C3003/C3004/C3503, Y, 18K;4;2079bt;Картридж MP C3503Y для Ricoh 841818 желтый
C;bulat;GDEP0L1455020;Контейнер с чернилами БУЛАТ C13T77414A, T7741 для Epson L1455, L605, M100, Чёрный (6000 стр., 140 мл) pigment;200.000;3855;Картридж для Epson T7741 EcoTank M100/200/ L605/L1455 Pigment Black 140 ml  AQUAMARINE (Совместимый);5;3855bt;Чернила 774BK для Epson C13T77414A черный
C;bulat;GFCNMG2110010;Струйный картридж PG-140XL (5200B001) для Canon Pixma MG2110, MX371, TS5110 (Чёрный, 300 стр., 18 мл), ref.;50.000;0198;Картридж струйный Cactus CS-CB336 №140XL черный (29мл) для HP DJ D4263/D4363/DJ J5783/J6413/PSC C4273/C4283/C4343/C4383/C4473/C4483/C4583/C5283/D5363 с чипом;4;;Картридж 140XL для HP CB336HE черный XL ресурс
C;bulat;GFCNMG2110020;Струйный картридж CL-141XL Color (5202B001) для Canon Pixma MG2110, MX371, TS5110 (Цветной, 400 стр.,18 мл), ref.;50.000;0199;Картридж струйный Cactus CS-CB338 №141XL многоцветный (18мл) для HP DJ D4263/D4363/D5360/DJ J5783/J6413/PS C4273/C4283/C4343/C4383/C4473/C4483/C4583/C5283/D5363 с чипом;3;;Картридж 141XL для HP CB338HE цветной XL ресурс
C;bulat;GFHPDJ1600050;Струйный картридж БУЛАТ 730 (P2V70A) для HP DesignJet T1600, T1700, T2600 (Жёлтый, 300 мл);50.000;4472;Картридж струйный PL-P2V70A (№730) для принтеров HP DesignJet T1600/T1700/T2600 с чернилами Yellow 300 мл ProfiLine;5;4472bt;Картридж 730Y для HP P2V70A желтый с чипом
C;colortek;176606;Картридж Colortek Pantum TL-425H 3k;6.000;5939;Тонер-картридж GP-TL-425H для принтеров Pantum M7105DN/M7105DW/P3305DN/P3305DW 3000 копий GalaPrint;5;;Картридж TL-425H для Pantum черный
C;colortek;183431;Картридж Colortek Avision DR-1070U (015-0275-22);100.000;5575;Драм-картридж OEM DR-1070U для Avision AP30A, AM30A (15000 стр.);4;;Фотобарабан DR-1070U для Avision черный
C;easy_print;ML-D2850B;К-ж ML-D2850B Samsung  к ML-2850D/2851ND увеличенный оригинал;80.000;0278;ML-D2850B Картридж EasyPrint LS-2850 для Samsung ML-2850D/2851ND (5000 стр.) с чипом;4;;Картридж ML-2850 для Samsung черный XL ресурс
C;easy_print;ML-D3470B;К-ж ML-D3470B Samsung  к ML-3470D увеличенный, оригинал;43.000;0709;Картридж Sakura MLD3470B для Samsung ML-3470/ML-3470D/ML-3470ND/ML-3471/ML-3471ND, черный, 10000 к.;3;;Картридж ML-D3470B для Samsung черный
C;easy_print;TK-160;Тонер к-ж Kyocera TK-160 к FS-1120D/DN, P2035d, 2500 стр (о);40.000;0239;Тонер-картридж EasyPrint LK-160 для Kyocera FS-1120D/1120DN/ECOSYS P2035d/P2035dn (2500 стр.) с чипом;5;;Картридж TK-160 для Kyocera черный
C;easy_print;TK-3110;Тонер К-ж Kyocera TK-3110 FS-4100DN, 15500 стр (оригинал) арт. 1T02MT0NLV;8.000;0864;Тонер-картридж EasyPrint LK-3110 для Kyocera FS-4100DN (15500 стр.) с чипом;5;;Картридж TK-3110 для Kyocera черный
C;easy_print;TK-3130;Тонер К-ж Kyocera TK-3130 FS-4200DN/FS-4300DN, 25000 стр (о);14.000;0865;Картридж лазерный Cactus CS-TK3130 TK-3130 черный (25000стр.) для Kyocera FS-4200DN/FS-4300DN/M3550idn/M3560idn с чипом;5;;Картридж TK-3130 для Kyocera черный
C;kaktus_msk;CS-C9352;Картридж струйный Cactus CS-C9352 №22 многоцветный (11.4мл) для HP DJ 3920/3940/D1360/D1460/D1470/D1560/D2330/D2360/D2430/D2460/F370/F375/F380/F2180/F2187/F2224/F2280/F2290/F4140/F4172/F4180/F4190 с чипом;59.000;0201;Картридж струйный Cactus CS-C9352C №22XL многоцветный (18мл) для HP DJ 3920/3940/D1360/D1460/D1470/D1560/D2330/D2360 с чипом;4;0201cs;Картридж 22XL для HP C9352CE цветной XL ресурс
C;profiline;GP_W1106X;*Не продаем* Картридж GP-W1106X (№106X) 2k GP;1757.000;5545;Картридж лазерный G&G GG-W1106X черный (2500стр.) для HP Laser 107a/107r/107w/135a MFP/135r MFP/135w MFP/137fnw MFP;4;;Картридж W1106X для HP 106X черный с чипом XL ресурс
C;rapid;SF-DL5120;Картридж Pantum DL-5120 DRUM BP5100/BM5100 30K SuperFine;15.000;6940;DC-PM5120 Фотобарабан T2 для Pantum BP5100DN/BP5100DW (30000 стр.) с чипом;5;6940sf;Фотобарабан DC-PM5120 для Pantum DL-5120 черный с чипом
C;s_print_spb;SP350640;Цветной тонер-картридж SolutionPrint SP-H-415A (W2031A) C 2,1k;17.000;3910;Цветной тонер-картридж SolutionPrint SP-H-415A (W2031A) C 2,1k;5;;Картридж W2031A для HP 415A голубой с чипом
C;s_print_spb;SP350641;Цветной тонер-картридж SolutionPrint SP-H-415A (W2032A) Y 2,1k;18.000;3911;Цветной тонер-картридж SolutionPrint SP-H-415A (W2032A) Y 2,1k;5;;Картридж W2032A для HP 415A желтый с чипом
C;s_print_spb;SP350642;Цветной тонер-картридж SolutionPrint SP-H-415A (W2033A) M 2,1k;17.000;3912;Цветной тонер-картридж SolutionPrint SP-H-415A (W2033A) M 2,1k;5;;Картридж W2033A для HP 415A пурпурный с чипом
C;sakura;SIC13T11174A10;Струйный картридж Sakura C13T11174A10 (T0817) для Epson, мультипак, 13,8 мл., 400 к.;52.000;0168;IC-ET0817 Комплект картриджей T2 для Epson T0817: черный, голубой, пурпурный, желтый, светло-голубой, светло-пурпурный;3;0168sk;Набор картриджей T0811-T0816 для Epson с чипом
C;vtt;101131383;Тонер-картридж Hi-Black (HB-C-EXV50) для Canon iR1435/1435i/1435iF/1435P, 14K;61.000;1973;Картридж лазерный Cactus CS-EXV50 черный (17600стр.) для Canon IR 1400 series/1435/1435i/1435iF/1435P;4;1973hb;Картридж C-EXV50 для Canon 9436B002 черный
C;vtt;104090960;Драм-юнит Hi-Black (HB-C-EXV18D) для Canon iR 1018/1020, 21K;24.000;0833;Драм картридж C-EXV18D 27k SP;4;0833hb;Фотобарабан C-EXV18 DU для Canon черный
C;vtt;2200959296;Драм-юнит Hi-Black (HB-№049) для Canon i-SENSYS LBP112w/113w/MF112/113w, 12K;229.000;2971;Драм-картридж EasyPrint DC-049 для Canon LBP112/113/MF112/113/HP LJ Pro M102/M104/M130/M132 (12000стр.) с чипом;5;2971hb;Фотобарабан 049DU для Canon 2165C001 черный
C;vtt;309600;Картридж NetProduct (N-CF214X) для HP LJ Pro 700 M712n/dn/xh/M715/M725dn, 17,5K;187.000;0879;Картридж Hi-Black (HB-CF214X) для HP LJ Pro 700 M712n/dn/xh/M715/M725dn, 17,5K;4;0879np;Картридж CF214X для HP 14X черный XL ресурс
C;vtt;80112;Драм-юнит Hi-Black (HB-W1104A) для HP Neverstop Laser 1000a/1000w/1200a/1200w, 20K;357.000;6633;Комплект фотобарабан W1104A + картридж W1103A HP;5;6633hb;Фотобарабан + картридж W1104A+W1103A для HP черный с чипом
C;vtt;93927242;Драм-юнит NetProduct (N-№049) для Canon i-SENSYS LBP112w/113w/MF112/113w, 12K;94.000;2971;Драм-картридж EasyPrint DC-049 для Canon LBP112/113/MF112/113/HP LJ Pro M102/M104/M130/M132 (12000стр.) с чипом;5;2971np;Фотобарабан 049DU для Canon 2165C001 черный
C;vtt;96001057;Картридж Hi-Black (HB-ML-D3050B) для Samsung ML-3050/3051N/ND, 8K;8.000;0026;Картридж Sakura MLD3050A для Samsung ML-3050/ML-3051N/ML-3051ND, черный, 4000 к.;5;0026hb;Картридж ML-D3050B для Samsung черный с чипом
C;vtt;970850;Тонер-картридж NetProduct (N-T-2450E) для Toshiba e-Studio 195/223/225/243/245, 24K;3.000;2124;Тонер-картридж Hi-Black (HB-T-2450E) для Toshiba e-Studio 195/223/225/243/245, 36K;4;2124np;Картридж T-2450E для Toshiba черный
C;vtt;980109120;Драм-юнит Hi-Black (HB-KX-FAD412A) для Panasonic KX-MB1900/2000/2020/2030/2051/2061, 6K;162.000;6691;Комплект фотобарабан KX-FAD412A DU + картридж KX-FAT411A Panasonic;4;6691hb;Фотобарабан + картридж KX-FAD412A+KX-FAT411A для Panasonic черный
C;vtt;9801091200;Драм-юнит NetProduct (N-KX-FAD412A) для Panasonic KX-MB1900/2000/2020/2030/2051, 10K;239.000;0235;Фотобарабан Sakura KXFAD412A для Panasonic KX-MB1900ru/KX-MB1900/KX-MB2030/KX-MB2051/KX-MB2000/KX-MB2000ru/KX-MB2010/KX-MB2010ru/KX-MB2020/KX-MB2025, черный, 6000 к.;4;0235np;Фотобарабан KX-FAD412A DU для Panasonic черный
C;vtt;9805201040;Картридж NetProduct (N-MLT-D203E) для Samsung SL-M3820/3870/4020/4070, 10K (новая прошивка);463.000;1044;Картридж для Samsung MLT-D203E SL-M3820/3870/4020/4070 10K Новый ЧИП White Box (Совместимый);5;1044np;Картридж MLT-D203E для Samsung черный XL ресурс
C;vtt;989030605;Тонер-картридж Hi-Black (HB-AR016LT) для Sharp AR-5015/5120/5320/5316, 9К;28.000;0710;Тонер-картридж БУЛАТ s-Line AR-016T для Sharp AR-5015, AR-5316 (Чёрный, 16000 стр.), совместимый;3;0710hb;Картридж AR016LT для Sharp черный
C;vtt;98956310061;Картридж Hi-Black (HB-106R01412) для Xerox Phaser 3300, 8K;86.000;0257;TC-X3300 Картридж T2 для Xerox Phaser 3300 MFP (8000 стр.) с чипом 106R01412;5;0257hb;Картридж 106R01412 для Xerox черный XL ресурс
C;vtt;98970238;Драм-юнит Hi-Black (HB-101R00554) для Xerox VersaLink B400/405, 65К;219.000;3352;B400D Драм-картридж EasyPrint DX-B400 для Xerox VersaLink B400N/B400DN/B405DN (65000 стр.) с чипом 101R00554 ВОССТАНОВЛЕННЫЙ;5;3352hb;Фотобарабан 101R00554 DU для Xerox черный
C;vtt;9899991977;Тонер-картридж Hi-Black (HB-106R03396) для Xerox VersaLink B7025/B7030/B7035, 31K;331.000;3203;B7025 Тонер-картридж EasyPrint LX-B7025 для Xerox VersaLink B7025/B7030/B7035 (31000 стр.) черный, с чипом 106R03396;5;3203hb;Картридж 106R03396 для Xerox черный
C;vtt;99690866;Драм-юнит Hi-Black (HB-C-EXV14D/NPG-28/GPR-18) для Canon iR 2016/2020/2320, 45K;93.000;0832;Драм картридж C-EXV14D 55k SP;4;0832hb;Фотобарабан C-EXV14 DU для Canon черный
C;vtt;996908660;Драм-юнит NetProduct (N-C-EXV14D/NPG-28/GPR-18) для Canon iR 2016/2020/2320, 45K;64.000;0832;Драм картридж C-EXV14D 55k SP;4;0832np;Фотобарабан C-EXV14 DU для Canon черный
C;vtt;W1103AD;Заправочный комплект тонера 103AD HP Neverstop Laser 1000a/1000w/1200a/1200w, 2X2,5К W1103AD;102.000;0022;Картридж CG-Q2613X/Q2624X/C7115X/EP-25 (№13X) для принтеров HP LaserJet 1300/1300n/1300xi/1150/1000/1000w/1005/1005w/1200/1200n/1200se/3300/3310/3320/3320n/3330/3330mfp/3380/3390/Canon i-SENSYS LBP1210 4000 копий Colouring;5;;Картридж Q2613X для HP 13X черный с чипом XL ресурс
D;blossom;BS-X106R02609;Тонер-картридж Xerox 106R02609 для Phaser 7100, C, 4,5K, Blossom;5.000;3144;Тонер-картридж БУЛАТ s-Line 106R02606, 106R02609 для Xerox Phaser 7100 (Голубой, 4500 стр.), универсальный;5;3144bs;Картридж 106R02606 для Xerox голубой
D;bulat;AFBRHL2140020;Драм-картридж 7Q DR-2175 для Brother HL-2140 (Чёрный, 12000 стр.);50.000;0376;Комплект фотобарабан DR-2175 DU + картридж TN-2175 Brother;5;;Фотобарабан DR-2175 DU для Brother черный
D;bulat;AFCNLBP325050;Тонер-картридж БУЛАТ 056L для Canon iSENSYS LBP-325, MF542 (Чёрный, 5100 стр., с чипом 7Q);20.000;5402;Тонер-картридж 7Q 056 для Canon iSENSYS LBP-325, MF542 (Чёрный, 10000 стр.);4;5402bt;Картридж 056 для Canon черный с чипом без счётчика
D;bulat;AFHPE72525030;Драм-картридж БУЛАТ W9006MC для HP LJ E72525, E72425, ref.;50.000;4181;Картридж HP W9005MC для LJ Managed MFP E72525/72530/72535 Series, black,48000 стр,  Blossom;4;4181bt;Картридж W9005MC для HP черный с чипом
D;bulat;AFHPE82540010;Тонер-картридж БУЛАТ s-Line W9014MC-R для HP LJ E82540 (69000 стр.), ref.;20.000;4491;Картридж для HP W9014MC HP LJ-E82540/E82550 69K Black White Box (Совместимый);5;4491sl;Картридж W9037MC для HP черный с чипом
D;bulat;AFKYFS1120020;Тонер-картридж БУЛАТ s-Line TK-160XL для Kyocera FS-1120d (Чёрный, 12500 стр.);55.000;0239;Тонер-картридж EasyPrint LK-160 для Kyocera FS-1120D/1120DN/ECOSYS P2035d/P2035dn (2500 стр.) с чипом;5;0239sl;Картридж TK-160 для Kyocera черный
D;bulat;AFPM0P3010010;Тонер-картридж Булат TL-420X для Pantum P3010, M7100 (Чёрный, 6000 стр.), совместимый;200.000;3258;Заправочный комплект Pantum P3010/M7100 TN-420X банка 200г/чип БУЛАТ;6;3258bt;Тонер TN-420X для Pantum черный с чипом XL ресурс
D;bulat;BAMTFSC530010;Тонер-картридж БУЛАТ s-Line TK-560K для Kyocera FS-C5300, FS-C5350, ECOSYS P6030C (Чёрный, 12000 стр.);20.000;1404;Картридж TK-560 Bk GP;5;1404sl;Картридж TK-560Bk для Kyocera черный
D;bulat;BAMTFSC530040;Тонер-картридж БУЛАТ s-Line TK-560Y для Kyocera FS-C5300, FS-C5350, ECOSYS P6030C (Жёлтый, 10000 стр.);20.000;1407;Картридж Sakura TK560Y (1T02HNAEU0) для Kyocera Mita FS-C5300DN/FS-C5350DN/6030cdn, желтый, 10000 к.;5;1407sl;Картридж TK-560Y для Kyocera желтый
D;bulat;BFCNLBP722010;Тонер-картридж БУЛАТ 064 для Canon LBP-722, MF832 (Чёрный, 6000 стр.);20.000;6836;Тонер-картридж Canon LBP-722/MF832 064H Black (13.4k).;5;6836bt;Картридж 064HBK для Canon 4938C001 черный с чипом XL ресурс
D;bulat;BFHPLJM880010;Тонер-картридж БУЛАТ s-Line CF300A для HP CLJ M880 (Чёрный, 29500 стр.), ref;50.000;1194;TC-HCF300A Тонер-картридж T2 для HP CLJ Enterprise Flow M880z/880z+ (29500 стр.) черный, с чипом;6;1194sl;Картридж CF300A для HP 827A черный
D;bulat;BFKYEM6035090;Блок проявки БУЛАТ DV-5150 (302NS93010) для Kyocera ECOSYS M6035, P6235 (Чёрный), ref.;20.000;1301;Блок фотобарабана Cactus CS-DK5140 DK-5140/302NR93010/302NR93011/302NR93012/302NR93013/302NR93014 цветной ч/б:200000стр. для Ecosys P6130/P6035/P6230/P6235 Kyocera;4;1301bt;Картридж TK-5150BK для Kyocera черный
D;bulat;BFKYEM6035100;Блок проявки БУЛАТ DV-5150 (302NS93020) для Kyocera ECOSYS M6035, P6235 (Жёлтый), ref.;20.000;1303;Картридж Kyocera TK5280 ECOSYS P6235 11K Yellow Compatible;4;1303bt;Картридж TK-5150Y для Kyocera желтый
D;bulat;BFKYEM6035110;Блок проявки БУЛАТ DV-5150 (302NS93030) для Kyocera ECOSYS M6035, P6235 (Пурпурный), ref.;20.000;1302;Картридж Kyocera TK5280 ECOSYS P6235 11K Magenta Compatible;4;1302bt;Картридж TK-5150M для Kyocera пурпурный
D;bulat;BFKYEM6035120;Блок проявки БУЛАТ DV-5150 (302NS93040) для Kyocera ECOSYS M6035, P6235  (Голубой), ref.;20.000;1300;Тонер-картридж Hi-Black (HB-TK-5280C) для Kyocera ECOSYS P6235/M6235/M6635, C, 11K;4;1300bt;Картридж TK-5150C для Kyocera голубой
D;bulat;BFOK0C3100020;Тонер-картридж БУЛАТ s-Line 44469716 для Oki C310, C510, C511, MC361, MC362 (Голубой, 2200 стр.);20.000;0993;Картридж Sakura 44469716 для OKI C310/C330/MC561/MC562/C510/C530/MC351/MC352/MC361/MC362, голубой, 2000 к.;5;0993sl;Картридж 44469716 для OKI 44469706 голубой
D;bulat;BFOK0C3100030;Тонер-картридж БУЛАТ s-Line 44469715 для Oki C310, C510, C511, MC361, MC362 (Пурпурный, 2000 стр.);50.000;0994;Картридж Sakura 44469715 для OKI C310/C330/C510/C530/MC351/MC352/MC361/MC362/MC561/MC562, пурпурный, 2000 к.;5;0994sl;Картридж 44469715 для OKI 44469705 пурпурный
D;bulat;BFOK0C8220020;Тонер-картридж БУЛАТ s-Line 44844627, 44844615 для Oki C822 (Голубой, 7300 стр.), универсальный;20.000;1808;Картридж для OKI C822 (44844615/44844627) 7.3K Cyan White Box (Совместимый);5;1808sl;Картридж 44844615 для OKI голубой
D;bulat;BFOK0C8220030;Тонер-картридж БУЛАТ s-Line 44844626, 44844614 для Oki C822 (Пурпурный, 7300 стр.), универсальный;21.000;1809;Картридж для OKI C822 (44844614/44844626) 7.3K Magenta White Box (Совместимый);5;1809sl;Картридж 44844614 для OKI пурпурный
D;bulat;BFOK0C8220040;Тонер-картридж БУЛАТ s-Line 44844625, 44844613 для Oki C822 (Жёлтый, 7300 стр.), универсальный;20.000;1810;Картридж для OKI C822 (44844613/44844625) 7.3K Yellow White Box (Совместимый);5;1810sl;Картридж 44844613 для OKI желтый
D;bulat;BFOK0C9110010;Тонер-картридж БУЛАТ s-Line 45536416 для Oki C911 (Чёрный, 24000 стр.);20.000;5801;Тонер-картридж OKI 45536416 для C911/931/dn, Bk, 24K, Blossom;5;5801sl;Картридж 45536416 для OKI черный
D;bulat;BFOK0C9110020;Тонер-картридж БУЛАТ s-Line 45536415 для Oki C911, (Голубой, 24000 стр.);20.000;5802;Тонер-картридж PL-45536415 для принтеров Oki OkiData C911/C931/C941/es9541/pro9541 Cyan 24000 копий ProfiLine;5;5802sl;Картридж 45536415 для OKI голубой
D;bulat;BFOK0C9655040;Тонер-картридж БУЛАТ s-Line 43837133, 43837129 для Oki C9655 (Жёлтый, 22000 стр.), универсальный;20.000;2551;Картридж 43837133/43837129 Yellow 22000 копий ProfiLine;5;2551sl;Картридж 43837133 для OKI желтый
D;bulat;BFRCSP3050010;Тонер-картридж БУЛАТ s-Line MP C305E (841618) для Ricoh Aficio MP C305 (Чёрный, 12000 стр.);20.000;4508;Тонер-картридж GP-842079/841618 для принтеров Ricoh Aficio MPC305 Black 12000 копий GalaPrint;5;4508sl;Картридж 842079 для Ricoh MPC305HE черный
D;bulat;BFRCSP4300020;Тонер-картридж БУЛАТ s-Line SPC430E (821097) для Ricoh Aficio SP C430, SP C431 (Голубой, 24000 стр.);20.000;2896;Тонер-картридж Smart Graphics SG-SP-C430EC-821097 для Ricoh Aficio SP C430, SP C431, SP C440 (Голубой, 24000 стр.), совместимый;5;2896sl;Картридж SP-C430EC для Ricoh 821280 голубой
D;bulat;BFRCSP4300030;Тонер-картридж БУЛАТ s-Line SPC430E (821096) для Ricoh Aficio SP C430, SP C431 (Пурпурный, 24000 стр.);20.000;2897;Тонер-картридж Smart Graphics SG-SP-C430EM-821096 для Ricoh Aficio SP C430, SP C431, SP C440 (Пурпурный, 24000 стр.), совместимый;5;2897sl;Картридж SP-C430EM для Ricoh 821281 пурпурный
D;bulat;BFRCSP4300040;Тонер-картридж БУЛАТ s-Line SPC430E (821095) для Ricoh Aficio SP C430, SP C431 (Жёлтый, 24000 стр.);20.000;2898;Тонер-картридж Smart Graphics SG-SP-C430EY-821095 для Ricoh Aficio SP C430, SP C431, SP C440 (Жёлтый, 24000 стр.), совместимый;5;2898sl;Картридж SP-C430EY для Ricoh 821282 желтый
D;bulat;BFRCSP8300020;Тонер-картридж БУЛАТ s-Line SPC830DNE (821188) для Ricoh Aficio SP C830, SP C831 (Голубой, 27000 стр.);20.000;2907;Картридж Ricoh SPC830DNE для Aficio SP C830DN/C831DN,cyan,  27000 стр.;5;2907sl;Картридж SP-C830DNEC для Ricoh голубой
D;bulat;BFRCSP8300030;Тонер-картридж БУЛАТ s-Line SPC830DNE (821187) для Ricoh Aficio SP C830, SP C831 (Пурпурный, 27000 стр.);20.000;2908;Картридж Ricoh SPC830DNE для Aficio SP C830DN/C831DN,magenta,  27000 стр.;5;2908sl;Картридж SP-C830DNEM для Ricoh 821187 пурпурный
D;bulat;BFRCSP8300040;Тонер-картридж БУЛАТ s-Line SPC830DNE (821186) для Ricoh Aficio SP C830, SP C831 (Жёлтый, 27000 стр.);20.000;2909;Картридж Ricoh SPC830DNE для Aficio SP C830DN/C831DN,yellow,  27000 стр.;5;2909sl;Картридж SP-C830DNEY для Ricoh желтый
D;bulat;BFRCSPC361030;Тонер-картридж БУЛАТ s-Line Type SP C360X (408252) для Ricoh SP C361 (Пурпурный, 9000 стр.), совместимый;20.000;3747;Тонер-картридж Smart Graphics SP 360HEM для Ricoh Aficio SP C360, Aficio SP C361 (Пурпурный, 6001 стр.), совместимый;4;3747sl;Картридж 408186 для Ricoh SP-C360HE M пурпурный
D;bulat;BFRCSPC361040;Тонер-картридж БУЛАТ s-Line Type SP C360X (408253) для Ricoh SP C361 (Жёлтый, 9000 стр.), совместимый;20.000;3748;Тонер-картридж Smart Graphics SP 360HEY для Ricoh Aficio SP C360, Aficio SP C361 (Жёлтый, 6002 стр.), совместимый;4;3748sl;Картридж 408187 для Ricoh SP-C360HE Y желтый
D;bulat;BFRX00C310050;Тонер-картридж БУЛАТ s-Line 006R04360 для Xerox C310 (Чёрный, 3000 стр.);50.000;5719;TC-XC310B Тонер-картридж T2 для Xerox C310/C315 (8000 стр.) черный, с чипом 006R04364;5;5719sl;Картридж 006R04368 для Xerox С310XBK черный
D;bulat;DFKYEP4040020;Блок проявки БУЛАТ DV-7300 (302P793080) для Kyocera ECOSYS P4040;20.000;2232;Драм-юнит БУЛАТ DK-7300 для Kyocera ECOSYS P4040 (302P793060, 302P793061, 302P793062, 302P793063, 302P793064);3;2232bt;Картридж TK-7300 для Kyocera черный
D;bulat;DFRCAF1022030;Блок проявки БУЛАТ s-Line MP3353 (нижняя часть) для Ricoh Aficio 1022, MP 3353 (Чёрный, 60000 стр.);20.000;2892;Драм-картридж БУЛАТ s-Line 1022, MP2352, MP3353 (411018, 412271) для Ricoh Aficio 1022, MP 2352 (Чёрный, 60000 стр.), в сборе с барабаном и девелопером, универсальный, ref.;5;2892sl;Фотобарабан B0392214 DU для Ricoh черный
D;bulat;DFRXWC5225030;Драм-картридж БУЛАТ s-Line 101R00435 для Xerox WC 5225 (Чёрный, 80000 стр), ref.;50.000;1087;Картридж лазерный Cactus CS-WC5222XR 101R00435 черный бар.в компл. (80000стр.) для Xerox WC 5222/5230;5;1087sl;Фотобарабан 101R00435 DU для Xerox черный
D;bulat;EAMN00C654020;Тонер-картридж БУЛАТ s-Line TNP711C для Konica Minolta bizhub C654, C754 (Голубой, 31500 стр.);20.000;2131;Картридж Konica Minolta TN-711C для C654/754/Pro C754, cyan, 31500 стр, Blossom;5;2131sl;Картридж TN-711C для Konica A3VU450 голубой
D;bulat;EAMN00C654030;Тонер-картридж БУЛАТ s-Line TNP711M для Konica Minolta bizhub C654, C754 (Пурпурный, 31500 стр.);20.000;2133;Картридж Konica Minolta TN-711M для C654/754/Pro C754, magenta, 31500 стр, Blossom;5;2133sl;Картридж TN-711M для Konica A3VU350 пурпурный
D;bulat;EAMN00C654040;Тонер-картридж БУЛАТ s-Line TNP711Y для Konica Minolta bizhub C654, C754 (Жёлтый, 31500 стр.);20.000;2134;Картридж Konica Minolta TN-711Y для C654/754/Pro C754, yellow, 31500 стр, Blossom;5;2134sl;Картридж TN-711Y для Konica A3VU250 желтый
D;bulat;EAMNBZ3350080;Тонер-картридж БУЛАТ s-Line TNP48Y для Konica Minolta bizhub C3350, C3850 (Жёлтый, 10000 стр.);20.000;6226;Картридж лазерный CopyRite CR-KMTNP48Y TNP-48Y желтый (10000стр.) для Konica Minolta bizhub С3350/С3850;5;6226sl;Картридж TNP-48Y для Konica желтый
D;bulat;EARCMP4501020;Тонер-картридж БУЛАТ s-Line MP C5501E (841459) для Ricoh Aficio MP C4501, MP C5501 (Голубой, 18000 стр.);20.000;4810;Картридж лазерный Cactus CS-MPC5501EC 842051 голубой (18000стр.) для Ricoh MPС 4501/C5501;5;4810sl;Картридж 842051 для Ricoh 841459 голубой
D;bulat;EARCMP4501030;Тонер-картридж БУЛАТ s-Line MP C5501E (841458) для Ricoh Aficio MP C4501, MP C5501 (Пурпурный, 18000 стр.);20.000;4811;Картридж лазерный Cactus CS-MPC5501EM 842050 пурпурный (18000стр.) для Ricoh MPС 4501/C5501;5;4811sl;Картридж 842050 для Ricoh 841458 пурпурный
D;bulat;EARCMP4501040;Тонер-картридж БУЛАТ s-Line MP C5501E (841457) для Ricoh Aficio MP C4501, MP C5501 (Жёлтый, 18000 стр.);20.000;4812;Картридж лазерный Cactus CS-MPC5501EY 842049 желтый (18000стр.) для Ricoh MPС 4501/C5501;5;4812sl;Картридж 842049 для Ricoh 841457 желтый
D;bulat;EFCN0C5030010;Тонер-картридж БУЛАТ s-Line C-EXV29K для Canon iR C5030 (Чёрный, 36000 стр.);50.000;1961;Картридж Canon C-EXV29Bk для iR C5030/C5035,black, 36000 стр., Blossom;5;1961sl;Картридж C-EXV29Bk для Canon 2790b002 черный
D;bulat;EFCN0C5840050;Тонер-картридж БУЛАТ s-Line C-EXV58L для Canon iR DX C5840i (Голубой, 26000 стр.);20.000;4889;Картридж лазерный Cactus CS-EXV58C голубой (60000стр.) для Canon IR ADVANCE DX C5840i/5850/5870I с чипом;5;4889sl;Картридж C-EXV58 для Canon 3764C002 голубой XL ресурс
D;bulat;EFCN0C5840060;Тонер-картридж БУЛАТ s-Line C-EXV58L для Canon iR DX C5840i (Пурпурный, 26000 стр.);20.000;4890;Картридж лазерный Cactus CS-EXV58M пурпурный (60000стр.) для Canon IR ADVANCE DX C5840i/5850/5870I с чипом;5;4890sl;Картридж C-EXV58 для Canon 3765C002 пурпурный XL ресурс
D;bulat;EFCN0C5840070;Тонер-картридж БУЛАТ s-Line C-EXV58L для Canon iR DX C5840i (Жёлтый, 26000 стр.);20.000;4891;Картридж лазерный Cactus CS-EXV58Y желтый (60000стр.) для Canon IR ADVANCE DX C5840i/5850/5870I с чипом;5;4891sl;Картридж C-EXV58 для Canon 3766C002 желтый XL ресурс
D;bulat;EFKM00C258070;Блок проявки БУЛАТ s-Line DV313K для Konica Minolta bizhub C258 (Чёрный, 600000 стр.), ref.;20.000;2638;TC-MTN-324BK Тонер-картридж T2 для Konica-Minolta BizHub C258/C458/C558/C658 (28000 стр.) черный, с чипом;5;2638sl;Картридж TN-324BK для Konica черный
D;bulat;EFKM00C258080;Блок проявки БУЛАТ s-Line DV313C для Konica Minolta bizhub C258 (Голубой, 600000 стр.), ref.;20.000;2639;TC-MTN-324C Тонер-картридж T2 для Konica-Minolta BizHub C258/C458/C558/C658 (26000 стр.) голубой, с чипом;5;2639sl;Картридж TN-324C для Konica A8DA450 голубой
D;bulat;EFKMBZC659030;Тонер-картридж БУЛАТ s-Line TN713M для Konica Minolta bizhub C659 (Пурпурный, 33200 стр.);20.000;5079;Картридж Konica Minolta TN-713M для Minolta bizhub C659/759/AP C759, magenta, 33200 стр, Blossom;5;5079sl;Картридж TN-713M для Konica A9K8350 пурпурный
D;bulat;EFKMBZC659040;Тонер-картридж БУЛАТ s-Line TN713Y для Konica Minolta bizhub C659 (Жёлтый, 33200 стр.);20.000;5080;Картридж Konica Minolta TN-713Y для Minolta bizhub C659/759/AP C759, yellow, 33200 стр, Blossom;5;5080sl;Картридж TN-713Y для Konica A9K8250 желтый
D;bulat;EFKYEP8060170;Драм-картридж БУЛАТ DK-8550 для Kyocera ECOSYS P8060c, TASKalfa 4052ci, ref.;50.000;3362;Блок фотобарабана Cactus CS-DK8550 DK-8550/302ND93072 черный ч/б:600000стр. для ECOSYS P4060dn/P8060cdn, TASKalfa 5002i/6002i/5003i/6003i/3552ci/4052ci/5052ci/6052ci/4053ci/5053ci/6053ci Kyocera;3;3362bt;Картридж TK-8525K для Kyocera черный
D;bulat;EFLX0CS923060;Драм-картридж БУЛАТ s-Line 76C0PV0 для Lexmark CS, CX923 (Цветной, 90000 стр.), совместимый, под заказ;20.000;5569;Блок фотобарабана NN-76C0PV0 цв:90000стр. для CS92x/CX92x Lexmark;4;5569sl;Фотобарабан 76C0PK0 для Lexmark черный
D;bulat;EFRCMC2000050;Блок фотобарабана в сборе с блоком проявки БУЛАТ D0BK2200, IM C2500 для Ricoh M C2000, IM C2000 (Чёрный), ref.;20.000;1037;Тонер-картридж PL-842454 для принтеров Ricoh M C2000 Black 18000 копий ProfiLine;4;1037bt;Картридж MPC3000E BK для Ricoh 884946 черный
D;bulat;EFRCMC2000070;Блок фотобарабана в сборе с блоком проявки БУЛАТ D0BK2202, IM C2500 для Ricoh M C2000, IM C2000 (Пурпурный), ref.;20.000;1039;Картридж Ricoh IM C2500H 842313 Aficio IM C2000/C2500 10.5K Magenta SuperFine;4;1039bt;Картридж MPC3000E M для Ricoh 884948 пурпурный
D;bulat;EFRCMC2000080;Блок фотобарабана в сборе с блоком проявки БУЛАТ D0BK2203, IM C2500 для Ricoh M C2000, IM C2000 (Жёлтый), ref.;20.000;1039;Картридж Ricoh IM C2500H 842313 Aficio IM C2000/C2500 10.5K Magenta SuperFine;4;1039bt;Картридж MPC3000E M для Ricoh 884948 пурпурный
D;bulat;EFRCMP3003020;Блок фотобарабана БУЛАТ D1862219, D1862229 для Ricoh MP C3003 (Цветной), ref.;50.000;2076;*Восстановленный* Блок фотобарабана в сборе с блоком проявки БУЛАТ D1862276 для Ricoh MP C3003 (Голубой), ref.;3;2076bt;Картридж MP C3503Bk для Ricoh 841817 черный
D;bulat;EFRXVL7120050;Драм-картридж БУЛАТ s-Line Xerox 013R00688 для VersaLink C7120 (Цветной, 109000 стр.), ref.;50.000;3707;Драм-картридж PL-013R00688 для принтеров Xerox VersaLink C7120/C7125/C7130 Drum B/C/M/Y 87000 копий ProfiLine;4;3707sl;Фотобарабан 113R00780 DU для Xerox черный
D;bulat;GAEP00L100010;Поглотитель чернил (памперс) БУЛАТ 1627961 для Epson L100, L200 (10000 стр.);100.000;2607;Blossom BS-T6641/T6731-1L Чернила для Epson L100/L200/L800/L1800, black, 1000мл.;3;2607bt;Чернила T6641 K для Epson C13T66414A черный
D;bulat;GAEP00M100010;Поглотитель чернил (памперс) БУЛАТ 1799792, 1746399, 1584721 для Epson M100, M200, L550, L555;50.000;2611;Blossom BS-T7741-1L Емкость с чернилами для Epson M100/M200, 1000мл;3;2611bt;Набор чернил T664 для Epson C13T66414A-C13T66444A
D;bulat;GAEP0L6160020;Поглотитель чернил (памперс) БУЛАТ T04D100, C13T04D100 для Epson M3170, L6160, M1140, L14150;101.000;3850;Картридж для Epson T03V14A L4150/L6160/L14150 ЧЕРНИЛА Black 140 ml AQUAMARINE (Совместимый);3;3850bt;Чернила 101BK для Epson C13T03V14A черный
D;bulat;GAEPSPR290010;Поглотитель чернил (памперс) БУЛАТ 1469197 для Epson StylusPhoto R290, L800;51.000;0161;PL-0821 для Epson R270/R290/R295/R390/RX590/RX610/RX615/RX690/1410/TX700W/TX800 Black водн PL;4;0161bt;Картридж T0821 для Epson черный с чипом
D;bulat;GDEP00L800030;Контейнер с чернилами (с клапаном) БУЛАТ T6733, C13T67334A для Epson L800, Пурпурный (70 мл) dye;300.000;2609;Картридж для Epson T6733A/T6643A L100/L200/L800/L1800/L3070 Magenta 100 ml AQUAMARINE (Совместимый);4;2609bt;Чернила T6643 M для Epson C13T66434A пурпурный
D;bulat;GDEP00L800040;Контейнер с чернилами (с клапаном) БУЛАТ T6734, C13T67344A для Epson L800, Жёлтый (70 мл) dye;300.000;2610;Blossom BS-T6644/T6734-1L Чернила для Epson L100/L200/L800/L1800, yellow, 1000мл.;4;2610bt;Чернила T6644 Y для Epson C13T66444A желтый
D;bulat;GDEP00L800100;Контейнер с чернилами (с клапаном) БУЛАТ C13T67344A  для Epson L800 T6734, Жёлтый (100 мл) dye;301.000;2610;Blossom BS-T6644/T6734-1L Чернила для Epson L100/L200/L800/L1800, yellow, 1000мл.;4;2610bt;Чернила T6644 Y для Epson C13T66444A желтый
D;bulat;GDEP0L4150010;Контейнер с чернилами БУЛАТ C13T03V14A для Epson L4150, L6160 101, Чёрный (7500 стр., 127 мл);202.000;3850;Blossom BS-T03V14A Емкость с чернилами для Epson L4150/L4160/L6160/L6170/L6190, черный 127мл;5;3850bt;Чернила 101BK для Epson C13T03V14A черный
D;bulat;GDEP0L4150020;Контейнер с чернилами БУЛАТ C13T03V24A, E-101 для Epson L4150, L6160, Голубой (6000 стр., 70 мл);200.000;3851;Blossom BS-T03V24A Емкость с чернилами для Epson L4150/L4160/L6160/L6170/L6190, голубой 70мл;5;3851bt;Чернила 101C для Epson C13T03V24A голубой
D;bulat;GDEP0L4150030;Контейнер с чернилами БУЛАТ C13T03V34A для Epson L4150, L6160 101, Пурпурный (6000 стр., 70 мл);200.000;3852;Blossom BS-T03V34A  Емкость с чернилами для Epson L4150/L4160/L6160/L6170/L6190, пурпурный 70мл;5;3852bt;Чернила 101M для Epson C13T03V34A пурпурный
D;bulat;GDEP0L4150040;Контейнер с чернилами БУЛАТ C13T03V44A для Epson L4150, L6160, Жёлтый (6000 стр., 70 мл);200.000;3853;Blossom BS-T03V44A  Емкость с чернилами для Epson L4150/L4160/L6160/L6170/L6190, желтый 70мл;5;3853bt;Чернила 101Y для Epson C13T03V44A желтый
D;bulat;GDEP0L8160020;Чернила БУЛАТ 115, C13T07D14A для Epson L8160 , L8180 (банка с колпачком), Чёрные (70 мл);50.000;6456;Чернила Cactus CS-EPT07D14 115PBK черный фото70мл для Epson ECOTANK L8160/8180;5;6456bt;Чернила 115PBK для Epson C13T07D14A фото-черный
D;bulat;GDEP0M1100010;Контейнер с чернилами БУЛАТ C13T03P14A, E-110 для Epson M1100, M1170, M2140 Чёрный XL (6000 стр., 120 мл) pigment;300.000;4433;Картридж для Epson T03P14A EcoTank M-11хх/21хх/31хх ЧЕРНИЛА Black 6K ВОДНЫЕ AQUAMARINE (Совместимый);5;4433bt;Чернила 110 для Epson C13T03P14A водные черный
D;bulat;GDEP0T7741010;Чернила Epson T7741, C13T77414A, Чёрные банка 500 мл pigment;52.000;3855;Чернила T7741, C13T77414A для Epson L1455, L605 , M100 (банка с колпачком), Чёрные (6000 стр., 100 мл) pigment;4;;Чернила 774BK для Epson C13T77414A черный
D;bulat;GDEPL15150010;Контейнер с чернилами БУЛАТ 112, C13T06C14A для Epson L15150, L6550, Pro L6580, M15140 (Чёрный, 7500 стр., 127 мл) pigment;100.000;4434;Контейнер с чернилами Sakura C13T06C14A (112 BK) для Epson, черный, 7500 к., 140 мл.;5;4434bt;Картридж 112 для Epson C13T06C14A черный
D;bulat;GDHP00GT52040;Чернила HP GT52 (M0H54AE), Голубые (100 мл) dye;50.000;3738;Чернила Cactus CS-GT51-52M/C/Y многоцветный набор 4x100мл для DeskJet GT 5810/5820/5812/5822;5;;Чернила GT52 для HP M0H54AE голубой
D;bulat;GFCNIP1200010;Струйный картридж БУЛАТ CL-41 Color (0617B025) для Canon Pixma iP1200, 2200, 6210, MP140, MX300 (Цветной, 18 мл), ref.;20.000;0283;Картридж струйный Cactus CS-CL38 CL-38 многоцветный (9мл) для Canon Pixma iP1800/iP1900/iP2500/iP2600/MP140/MP190/MP210/MP220/MP470/MX300/MX310 с чипом;4;0283bt;Картридж PG-50BK для Canon 0616B001 черный
D;bulat;GFCNIP1200020;Струйный картридж БУЛАТ PG-40 (0615B025) для Canon Pixma iP1200, 2200, 6210, MP140, MX300 (Чёрный, 18 мл), ref.;50.000;0283;Картридж струйный Cactus CS-PG37 PG-37 черный (9мл) для Canon Pixma iP1800/iP1900/iP2500/iP2600/MP140/MP190/MP210/MP220/MP470/MX300/MX310 с чипом;5;0283bt;Картридж PG-50BK для Canon 0616B001 черный
D;bulat;GFCNMG2140010;Струйный картридж БУЛАТ PG-440XL (5216B001) для Canon Pixma MG2140, 3140 (Чёрный, 18 мл), ref.;50.000;2395;Картридж струйный Cactus CS-PG440 PG-440 черный (180стр.) для Canon Pixma MG2140/3140/2240/2245/3240/3540/3640/4140/4240/4250/MX374/375/394/434/454/474/514/524/534/TS5140 с чипом;5;2395bt;Картридж PG-440XL для Canon 5216B001 черный XL ресурс
D;bulat;GFCNMG2140020;Струйный картридж БУЛАТ CL-441XL Color (5220B001) для Canon Pixma MG2140, 3140 (Цветной, 18 мл), ref.;50.000;2395;Картридж струйный Cactus CS-CL441 CL-441 многоцветный (18мл) для Canon PIXMA MG2140/ MG3140 с чипом;4;2395bt;Картридж PG-440XL для Canon 5216B001 черный XL ресурс
D;bulat;GFCNMG2440010;Струйный картридж БУЛАТ PG-445XL (8282B001) для Canon Pixma MG2440, 2540, MX494, iP2840, TS204 (Чёрный, 14 мл), ref.;20.000;3486;Заправочный набор Cactus CS-RK-PG445-CL446 голубой/пурпурный/желтый/черный набор 5x30мл для Canon Pixma MG2440/MG2540/;4;3486bt;Картридж PG-445XL для Canon 8282B001 черный XL ресурс
D;bulat;GFCNPFI102010;Струйный картридж БУЛАТ PFI-102BK (0895B001) для Canon imagePROGRAF iPF500, iPF600, iPF700, LP17 (Чёрный, 130 мл);50.000;1238;Картридж струйный Cactus CS-PFI102BK PFI-102 BK черный (130мл) для Canon iPF500/iPF600/iPF700/ MFP M40/iPF765/LP17/LP24 с чипом;5;1238bt;Картридж PFI-102BK для Canon 0895B001 черный
D;bulat;GFCNPFI102020;Струйный картридж БУЛАТ PFI-102MBK (0894B001) для Canon imagePROGRAF iPF500, iPF600, iPF700, LP17 (Матовый чёрный, 130 мл) pigment;50.000;1238;Картридж струйный Cactus CS-PFI102BK PFI-102 BK черный (130мл) для Canon iPF500/iPF600/iPF700/ MFP M40/iPF765/LP17/LP24 с чипом;5;1238bt;Картридж PFI-102BK для Canon 0895B001 черный
D;bulat;GFCNPFI104010;Струйный картридж БУЛАТ PFI-104M (3631B001) для Canon imagePROGRAF iPF650, iPF750 (Пурпурный, 130 мл) pigment;20.000;1240;Картридж для CANON  PFI-104M iPF650, iPF655, iPF750, iPF755, iPF760, iPF765 Magenta (130ml, Dye) MyInk;4;1240bt;Картридж PFI-102M для Canon 0897B001 пурпурный
D;bulat;GFCNPFI320040;Струйный картридж БУЛАТ PFI-320M (2892C001) для Canon imagePROGRAF TM-200, TM-300 (Пурпурный, 300 мл);20.000;3562;Картридж струйный Cactus CS-PFI120M PFI-120 M пурп.пигм. (130мл) для Canon imagePROGRAF TM-200/TM-205/TM-300/TM-305 с чипом;5;3562bt;Картридж PFI-120M для Canon 2887C002 пурпурный
D;bulat;GFEP0M5290010;Струйный картридж БУЛАТ Т9461, C13T946140 (XL) для Epson WorkForce Pro WF-C5290DW,  Чёрный (10000 стр.);50.000;3070;Картридж струйный Cactus CS-EPT9461 T9461 черный пигментный (180мл) для Epson WF-C5290DW/WF-C5790DW с чипом;6;3070bt;Картридж T9461 BK для Epson C13T946140 черный
D;bulat;GFEP0M5298010;Струйный картридж БУЛАТ T9661, C13T966140 XXL для Epson WorkForce Pro WF-M5299, Чёрный (40000 стр.);200.000;3442;Картридж Epson T9661 WorkForce Pro M5298/M5299/M5799 XXL Black SuperFine;5;3442bt;Картридж T9661 для Epson C13T966140 черный
D;bulat;GFEPSP7700010;Струйный картридж БУЛАТ T6361, C13T636100 Photo Black (700 мл) pigment для Epson Stylus Pro 7700, 7890, 7900, 9700, 9890, 9900, WT7900;20.000;1911;Картридж T5961, черный BS;4;1911bt;Картридж T5961 для Epson C13T596100 черный
D;bulat;GFEPWF6090020;Струйный картридж БУЛАТ T9072, C13T907240 для Epson WorkForce Pro WF-6090, WF-6590 (Голубой, XXL, 7000 стр., 90 мл);50.000;3508;IC-ET9072 Картридж T2 для Epson WorkForce WF-6090/6590 (7000 стр.) голубой, с чипом;6;3508bt;Картридж T9072 для Epson C13T907240 голубой
D;bulat;GFEPWF8190010;Струйный картридж БУЛАТ T04A1, C13T04A140 для Epson WorkForce Pro WF-C8190, WF-C8690 (Чёрный, XXL,11500 стр., 240 мл);50.000;3791;Картридж струйный Cactus CS-EPT04A140 T04A1 черный пигментный (230мл) для Epson WorkForce Pro WF-C8190, WF-C8690 с чипом;6;3791bt;Картридж T04A1 BK для Epson C13T04A140 черный
D;bulat;GFEPWF8190030;Струйный картридж БУЛАТ T04A3, C13T04A340 для Epson WorkForce Pro WF-C8190, WF-C8690 (Пурпурный, XXL, 8000 стр.);20.000;3793;Картридж струйный Cactus CS-EPT04A340 T04A3 пурп.пигм. (85мл) для Epson WorkForce Pro WF-C8190, WF-C8690 с чипом;6;3793bt;Картридж T04A3 M для Epson C13T04A340 пурпурный
D;bulat;GFEPWF8190040;Струйный картридж БУЛАТ T04A4, C13T04A440 для Epson WorkForce Pro WF-C8190, WF-C8690 (Жёлтый, XXL, 8000 стр., 90 мл);50.000;3794;Картридж струйный Cactus CS-EPT04A440 T04A4 желт.пигм. (85мл) для Epson WorkForce Pro WF-C8190, WF-C8690 с чипом;6;3794bt;Картридж T04A4 Y для Epson C13T04A440 желтый
D;bulat;GFEPWF8190060;Струйный картридж БУЛАТ T04B2, C13T04B240 для Epson WorkForce Pro WF-C8190, WF-C8610, WF-C8690 (Голубой, XL, 4600 стр.);50.000;3797;Картридж струйный Cactus CS-EPT04B240 T04B2 голуб.пигм. (54мл) для Epson WorkForce Pro WF-C8190, WF-C8690 с чипом;6;3797bt;Картридж T04B2 C для Epson C13T04B240 голубой
D;bulat;GFEPWF8190070;Струйный картридж БУЛАТ T04B3, C13T04B340 для Epson WorkForce Pro WF-C8190, WF-C8610, WF-C8690 (Пурпурный, XL, 4600 стр., 62 мл);50.000;3798;Картридж струйный Cactus CS-EPT04B340 T04B3 пурп.пигм. (54мл) для Epson WorkForce Pro WF-C8190, WF-C8690 с чипом;6;3798bt;Картридж T04B3 M для Epson C13T04B340 пурпурный
D;bulat;GFEPWF8190080;Струйный картридж БУЛАТ T04B4, C13T04B440 для Epson WorkForce Pro WF-C8190, WF-C8610, WF-C8690 (Жёлтый, XL, 4600 стр., 62мл);50.000;3799;Картридж струйный Cactus CS-EPT04B440 T04B4 желт.пигм. (54мл) для Epson WorkForce Pro WF-C8190, WF-C8690 с чипом;6;3799bt;Картридж T04B4 Y для Epson C13T04B440 желтый
D;bulat;GFEPWFC869020;Струйный картридж БУЛАТ Т9732, C13T973200 для Epson WorkForce Pro WF-C869 (Голубой, 22000 стр., 192 мл);50.000;4501;$_СРОЧНО IC-ET9742 Картридж T2 для Epson WorkForce WF-C869 (84000 стр.) голубой, с чипом;5;4501bt;Картридж T9732 для Epson T973XL голубой XL ресурс
D;bulat;GFEPWFC869030;Струйный картридж БУЛАТ Т9733, C13T973300 для Epson WorkForce Pro WF-C869 (Пурпурный, 22000 стр., 192 мл);50.000;4502;C13T973300 (T9733 M) контейнер с чернилами Sakura для Epson, пурпурный , 22000 к.;5;4502bt;Картридж T9733 для Epson T973XL пурпурный XL ресурс
D;bulat;GFEPWFC869040;Струйный картридж БУЛАТ Т9734, C13T973400 для Epson WorkForce Pro WF-C869 (Жёлтый, 22000 стр., 192 мл);50.000;4503;$_СРОЧНО IC-ET9744 Картридж T2 для Epson WorkForce WF-C869 (84000 стр.) желтый, с чипом;5;4503bt;Картридж T9734 для Epson T973XL желтый XL ресурс
D;bulat;GFEPWFC869050;Струйный картридж БУЛАТ Т9741, C13T974100 (XXL) Чёрный, 86000 стр., pigment для Epson WorkForce Pro WF-C869;50.000;5007;IC-ET9741 Картридж T2 для Epson WorkForce WF-C869 (86000 стр.) черный, с чипом;6;5007bt;Картридж T9741 для Epson C13T974100 черный
D;bulat;GFEPWFC878010;Струйный картридж БУЛАТ T05A1, C13T05A100 для Epson WorkForce Pro WF-C878, WF-C879 (Чёрный, 20000 стр., 420 мл);50.000;3881;Картридж струйный Cactus CS-EPT05A100 T05A1 черный пигментный (440мл) для Epson WorkForce Pro WF-C878/C879 с чипом;6;3881bt;Картридж T05A1 Bk для Epson C13T05A100 черный
D;bulat;GFEPWFC878020;Струйный картридж БУЛАТ T05A2, C13T05A200 для Epson WorkForce Pro WF-C878, WF-C879 (Голубой, 20000 стр., 220 мл);20.000;3882;Картридж струйный Cactus CS-EPT05A200 T05A2 голуб.пигм. (215мл) для Epson WorkForce Pro WF-C878/C879 с чипом;6;3882bt;Картридж T05A2 C для Epson C13T05A200 голубой
D;bulat;GFEPWFC878030;Струйный картридж БУЛАТ T05A3, C13T05A300 для Epson WorkForce Pro WF-C878, WF-C879 (Пурпурнный, 20000 стр., 220 мл);20.000;3883;Картридж струйный Cactus CS-EPT05A300 T05A3 пурп.пигм. (215мл) для Epson WorkForce Pro WF-C878/C879 с чипом;6;3883bt;Картридж T05A3 M для Epson C13T05A300 пурпурный
D;bulat;GFEPWFC878040;Струйный картридж БУЛАТ T05A4, C13T05A400 для Epson WorkForce Pro WF-C878, WF-C879 (Жёлтый, 20000 стр., 220 мл);20.000;3884;Картридж струйный Cactus CS-EPT05A400 T05A4 желт.пигм. (215мл) для Epson WorkForce Pro WF-C878/C879 с чипом;6;3884bt;Картридж T05A4 M для Epson C13T05A400 желтый
D;bulat;GFHPDJ1015020;Струйный картридж БУЛАТ 650XL (CZ102AE) для HP DeskJet 1015, 2515, 3515, 4515 (Цветной, 18 мл), ref.;20.000;2312;IC-H650_MP Комплект картриджей T2 для HP №650: IC-HCZ101A черный + IC-HCZ102A цветной;3;2312bt;Картридж 650 для HP CZ101AE черный
D;bulat;GFHPDJ1600010;Струйный картридж БУЛАТ 730 (P2V71A) для HP DesignJet T1600, T1700, T2600 (Матовый чёрный, 300 мл);50.000;4475;Струйный картридж БУЛАТ 730 (P2V73A) Photo Black для HP DesignJet T1600, T1700, T2600 (Чёрный, 300 мл);5;4475bt;Картридж 730PBK для HP P2V73A фото-черный с чипом
D;bulat;GFHPDJ3100040;Струйный картридж БУЛАТ 70 (C9453A) Пурпурный, 135 мл, pigment для HP DesignJet Z3100, Z3200;50.000;1568;IC-H9453 Картридж T2 № 70 для HP Designjet Z2100/Z3100/Z3200/Z5200/Z5400, пурпурный, с чипом, пигментный;5;1568bt;Картридж 70 для HP C9453A пурпурный
D;bulat;GFHPDJ3100070;Струйный картридж БУЛАТ 70 (C9455A) Пурпурный Светлый, 135 мл, pigment для HP DesignJet Z3100, Z3200;50.000;1568;IC-H9453 Картридж T2 № 70 для HP Designjet Z2100/Z3100/Z3200/Z5200/Z5400, пурпурный, с чипом, пигментный;5;1568bt;Картридж 70 для HP C9453A пурпурный
D;bulat;GFHPDJ5743010;Струйный картридж БУЛАТ C8767HE для HP DeskJet 5743, OfficeJet 6313 130 (Чёрный, 860 стр.);100.000;0196;Картридж струйный Cactus CS-C8767 №130 черный (29мл) для HP DJ 5740/5743/5745/5748/5793/5940/5943/6540/6540d/6540dt/6543/6543d/6620/6623/6840/6843/6940/6940dt/6943/6980series/6980dt/6983/6985/9800series/9860/DJ 6310/6310xi/6313/6315/6318 с чипом;6;0196bt;Картридж 130 для HP C8767HE черный
D;bulat;GFHPDJT920070;Струйный картридж БУЛАТ 727 (B3P19A) для HP DesignJet T920, T1500, T2500 (Голуболй, 130 мл, 130 стр.);50.000;2861;Картридж для (727XL) HP DesignJet T1500/T2500/T920 (B3P19A) Cyan MyInk;5;2861bt;Картридж 727 для HP B3P19A голубой с чипом
D;bulat;GFHPDJT920080;Струйный картридж БУЛАТ 727 (B3P20A) для HP DesignJet T920, T1500, T2500 (Пурпурный, 130 мл, 130 стр.);50.000;2862;Картридж для (727XL) HP DesignJet T1500/T2500/T920 (B3P20A) Magenta MyInk;5;2862bt;Картридж 727 для HP B3P20A пурпурный с чипом
D;bulat;GFHPDJT920090;Струйный картридж БУЛАТ 727 (B3P21A) для HP DesignJet T920, T1500, T2500 (Жёлтый, 130 мл, 130 стр.);20.000;2863;Картридж для (727XL) HP DesignJet T1500/T2500/T920 (B3P21A) Yellow MyInk;5;2863bt;Картридж 727 для HP B3P21A желтый с чипом
D;bulat;GFHPDJT920110;Струйный картридж БУЛАТ 727 (B3P23A) Photo Black для HP DesignJet T920, T1500, T2500 (130 мл, 130 стр.);20.000;2860;Картридж для (727XL) HP DesignJet T1500/T2500/T920 (B3P23A) Photo Black  MyInk;5;2860bt;Картридж 727 для HP B3P23A фото-черный с чипом
D;bulat;GFHPDJT920120;Струйный картридж БУЛАТ 727 (B3P24A) для HP DesignJet T920, T1500, T2500 (Серый, 130 мл, 130 стр.);20.000;2864;Картридж для (727XL) HP DesignJet T1500/T2500/T920 (B3P24A) gray MyInk;5;2864bt;Картридж 727 для HP B3P24A серый с чипом
D;bulat;GFHPOJ6000020;Струйный картридж Булат 920XL (CD972AE) для HP OfficeJet 6000 (Голубой 700 стр.);50.000;0326;Струйный картридж Sakura CD972AE (№920XL Cyan) для HP, голубой, 14,6 мл., 980 к.;5;0326bt;Картридж 920XLC для HP CD972A голубой XL ресурс
D;bulat;GFHPOJ6100030;Струйный картридж БУЛАТ CN055AE для HP OfficeJet 6100 933XL (Пурпурный, 825 стр.);50.000;0955;Картридж струйный Cactus CS-CN055 №933XL пурпурный (14мл) для HP DJ 6600 с чипом;6;0955bt;Картридж 933XL для HP CN055AE пурпурный XL ресурс
D;bulat;GFHPOJ6100040;Струйный картридж БУЛАТ CN056AE для HP OfficeJet 6100 933XL (Жёлтый, 825 стр.);50.000;0956;Картридж струйный Cactus CS-CN056 №933XL желтый (14мл) для HP DJ 6600 с чипом;6;0956bt;Картридж 933XL для HP CN056AE желтый XL ресурс
D;bulat;GFHPOJX451010;Струйный картридж БУЛАТ 970XL (CN625AE) Чёрный, 9200 стр., pigment для HP OfficeJet Pro X451, X476, X551, X576;50.000;0975;IC-H625 Картридж T2 №970XL для HP Officejet Pro X451/X476/X551dw/X576dw, черный, с чипом;6;0975bt;Картридж 970XL для HP CN625AE черный с чипом XL ресурс
D;bulat;GFHPOJX451020;Струйный картридж БУЛАТ 971XL (CN626AM) Голубой, 6600 стр. / 83 мл, pigment для HP OfficeJet Pro X451, X476, X551, X576;50.000;0976;IC-H626 Картридж T2 №971XL для HP Officejet Pro X451/X476/X551dw/X576dw, голубой, с чипом;6;0976bt;Картридж 971XLC для HP CN626AE голубой с чипом XL ресурс
D;bulat;GFHPOJX451030;Струйный картридж БУЛАТ 971XL (CN627AM) Пурпурный, 6600 стр. / 83 мл, pigment для HP OfficeJet Pro X451, X476, X551, X576;50.000;0977;IC-H627 Картридж T2 №971XL для HP Officejet Pro X451/X476/X551dw/X576dw, пурпурный, с чипом;6;0977bt;Картридж 971XLM для HP CN627AE пурпурный с чипом XL ресурс
D;bulat;GFHPOJX451040;Струйный картридж БУЛАТ 971XL (CN628AM) Жёлтый, 6600 стр. / 83 мл, pigment для HP OfficeJet Pro X451, X476, X551, X576;50.000;0978;IC-H628 Картридж T2 №971XL для HP Officejet Pro X451/X476/X551dw/X576dw, желтый, с чипом;6;0978bt;Картридж 971XLY для HP CN628AE желтый с чипом XL ресурс
D;bulat;GFHPPWP452010;Струйный картридж БУЛАТ L0S07AE для HP PageWide Pro 452 973X (Чёрный, 10000 стр.);100.000;2188;Струйный картридж Sakura L0S07AE (№973X Black) для HP, черный, 256 мл., 10000 к.;6;2188bt;Картридж 973XLBK для HP L0S07AE черный с чипом XL ресурс
D;bulat;GFHPPWP452020;Струйный картридж БУЛАТ F6T81AE для HP PageWide Pro 452 973X (Голубой, 7000 стр.);50.000;2189;Blossom BS-F6T81AE (973XL) Струйный картридж для HP PageWide Pro 452dw/Pro 477dw, cyan XL;6;2189bt;Картридж 973XLC для HP F6T81AE голубой с чипом XL ресурс
D;bulat;GFHPPWP452030;Струйный картридж БУЛАТ F6T82AE для HP PageWide Pro 452 973X (Пурпурный, 7000 стр.);50.000;2190;Картридж SP 973X M (F6T82AE) для HP, пурпурный;6;2190bt;Картридж 973XLM для HP F6T82AE пурпурный с чипом XL ресурс
D;bulat;GFHPPWP452040;Струйный картридж БУЛАТ F6T83AE для HP PageWide Pro 452 973X (Жёлтый, 7000 стр.);50.000;2191;Картридж SP 973X Y (F6T83AE) для HP, желтый;6;2191bt;Картридж 973XLY для HP F6T83AE желтый с чипом XL ресурс
D;colortek;139570;Картридж Colortek Oki 46471108 (C823) Black;25.000;3965;Картридж для OKI C823/C833/C843 46438004 30K DRUM Black White Box (Совместимый);5;;Картридж 46471108 для OKI черный
D;colortek;1568-1;Картридж струйный Colortek Canon BC-20 bk;25.000;0128;Струйный картридж BCI-21 & BCI-24 с чернилами на водной основе Black 9,2 мл ProfiLine;5;;Картридж BCI-24 для Canon BCI-21 BK черный
D;easy_print;DK-3100;Блок фотобарабана Kyocera DK-3100 302MS93025 ч/б:300000стр. для для FS-2100D/FS-2100DN / M3040dn/M3540dn Kyocera;46.000;3742;DK3100  Фотобарабан Sakura для принтера Kyocera FS-2100D, FS-2100DN, ECOSYS M3040dn, ECOSYS M3540dn , черный, 300000 к.;4;;Фотобарабан DK-3170 DU для Kyocera черный
D;easy_print;DK-3130;Блок фотобарабана Kyocera 302LV93045 DK-3130 ч/б:500000стр. для FS-4100DN/4200DN/4300DN Kyocera;30.000;0865;TC-K3130 Тонер-картридж T2 для Kyocera FS-4200DN/4300DN/ECOSYS M3550idn (25000 стр.) с чипом;4;;Картридж TK-3130 для Kyocera черный
D;easy_print;LH-W2030X_NC;W2030X Картридж EasyPrint LH-W2030X_NC для HP CLJ Pro M454/455/M479/480/Canon LBP663/664/MF742/744/746 (7600 стр.) черный, БЕЗ ЧИПА;27.000;3224;055H Картридж EasyPrint LC-055H BK_NC для Canon i-SENSYS LBP663/664/MF742/744/HP CLJ Pro M454/455/479/480 (7600 стр.) черный, БЕЗ ЧИПА;6;3224ep;Картридж W2030X для HP 415X черный без чипа XL ресурс
D;easy_print;TK-170;Тонер К-ж Kyocera TK-170 к FS-1320D, 7200 стр (о);52.000;0119;Картридж для Kyocera TK130 FS-1028/1128MFP/1300D/1350D/1320D/1370DN 7K  AQUAMARINE (Совместимый);5;;Картридж TK-130 для Kyocera черный с чипом
D;kaktus_msk;CS-3JA29AE;Картридж струйный Cactus CS-3JA29AE 963XL желт.пигм. (25.5мл) для HP OfficeJet Pro 9010/9010e/9012/9014/9015/9016/9019 с чипом;12.000;4145;Картридж струйный G&G GG-3JA29AE 963XL желтый (25.8мл) для HP OfficeJet Pro 9010/9010e/9012/9012e/9014/9014e/9015/9015e/9016/9019/9019e/9020/9022/9022e/9025/9025e AIO;5;4145cs;Картридж 963XL для HP 3JA29AE желтый с чипом XL ресурс
D;kaktus_msk;CS-3JA30AE;Картридж струйный Cactus CS-3JA30AE 963XL черный пигментный (58мл) для HP OfficeJet Pro 9010/9010e/9012/9014/9015/9016/9019 с чипом;19.000;4146;IC-H963XL_MP Комплект картриджей T2 для HP 963XL: черный, голубой, пурпурный, желтый;5;4146cs;Картридж 963XL для HP 3JA30AE черный с чипом XL ресурс
D;kaktus_msk;CS-C067BK;Картридж лазерный Cactus CS-C067BK 067BK черный (1350стр.) для Canon i-SENSYS LBP631Cw/LBP633Cdw/MF651Cw/MF655Cdw/MF657Cdw;500.000;6983;Картридж PL-067BK для принтеров Canon i-SENSYS LBP631Cw/LBP633Cdw/MF651Cw/MF655Cdw/MF657Cdw Black 1350 копий ProfiLine;6;6983cs;Картридж 067BK для Canon 5102C002 черный с чипом
D;kaktus_msk;CS-C067C;Картридж лазерный Cactus CS-C067C 067C голубой (1250стр.) для Canon i-SENSYS LBP631Cw/LBP633Cdw/MF651Cw/MF655Cdw/MF657Cdw;451.000;6984;Картридж PL-067C для принтеров Canon i-SENSYS LBP631Cw/LBP633Cdw/MF651Cw/MF655Cdw/MF657Cdw Cyan 1250 копий ProfiLine;6;6984cs;Картридж 067C для Canon 5101C002 голубой с чипом
D;kaktus_msk;CS-C067M;Картридж лазерный Cactus CS-C067M 067M пурпурный (1250стр.) для Canon i-SENSYS LBP631Cw/LBP633Cdw/MF651Cw/MF655Cdw/MF657Cdw;461.000;6985;Картридж PL-067M для принтеров Canon i-SENSYS LBP631Cw/LBP633Cdw/MF651Cw/MF655Cdw/MF657Cdw Magenta 1250 копий ProfiLine;6;6985cs;Картридж 067M для Canon 5101C002 пурпурный с чипом
D;kaktus_msk;CS-C067Y;Картридж лазерный Cactus CS-C067Y 067Y желтый (1250стр.) для Canon i-SENSYS LBP631Cw/LBP633Cdw/MF651Cw/MF655Cdw/MF657Cdw;425.000;6986;Картридж PL-067Y для принтеров Canon i-SENSYS LBP631Cw/LBP633Cdw/MF651Cw/MF655Cdw/MF657Cdw Yellow 1250 копий ProfiLine;6;6986cs;Картридж 067Y для Canon 5101C002 желтый с чипом
D;kaktus_msk;CS-C9351;Картридж струйный Cactus CS-C9351 №21 черный (17мл) для HP DJ 3920/3940/D1360/D1460/D1470/D1560/D2330/D2360/D2430/D2460/F370/F375/F380/F2180/F2187/F2224/F2280/F2290/F4140/F4172/F4180/F4190 с чипом;148.000;0200;Картридж струйный Cactus CS-C9351C №21XL черный (20мл) для HP DJ 3920/3940/D1360/D1460/D1470/D1560/D2330/D2360 с чипом;5;0200cs;Картридж 21XL для HP C9351CE черный XL ресурс
D;kaktus_msk;CS-CE278AD;Картридж лазерный Cactus CS-CE278AD черный двойная упак. (2100стр.) для HP LJ P1566/P1606w;158.000;0088;Картридж лазерный Cactus CS-CE278U-10 черный (2100стр.) для HP LJ P1566/P1606w;6;0088cs;Картридж CE278A для HP 78A черный с чипом
D;kaktus_msk;CS-CE285AD;Картридж лазерный Cactus CS-CE285AD черный двойная упак. (1600стр.) для HP LJ P1102/P1102W/M1130/M1132;500.000;0087;Картридж PL-CB435A/CB436A/CE285A/712/713/725 (№35A №36A №85A) для принтеров HP LaserJet P1001/P1002/P1003/P1004/P1005/P1006/P1007/P1008/P1009/M1120/M1120n/M1522/M1522n/M1522nf/M1505/M1505n/LaserJet Pro P1101/P1102/P1102w/P1103/P1104/P1106/P1108/P1109;6;0087cs;Картридж CE285A для HP 85A черный с чипом
D;kaktus_msk;CS-CF283AD;Картридж лазерный Cactus CS-CF283AD черный двойная упак. (1500стр.) для HP LJ Pro M125nw/M127fw;500.000;0825;283A Картридж EasyPrint LH-83A для HP LJ Pro M125nw/M127fw/M201/M225 (1500 стр.) черный, с чипом;6;0825cs;Картридж CF283A для HP 83A черный
D;kaktus_msk;CS-CF283XD;Картридж лазерный Cactus CS-CF283XD черный двойная упак. (2200стр.) для HP LJ Pro M225dn/M201/M202;12.000;0825;283A Картридж EasyPrint LH-83A для HP LJ Pro M125nw/M127fw/M201/M225 (1500 стр.) черный, с чипом;5;0825cs;Картридж CF283A для HP 83A черный
D;kaktus_msk;CS-CLI521C/M/Y;Картридж струйный Cactus CS-CLI521C/M/Y голубой/пурпурный/желтый набор (25.2мл) для Canon Pixma iP3600/iP4600/iP4700/MP540/MP550/MP560/MP620/MP630/MP640/MP980/MP990/MX860/MX870 с чипом;39.000;0132;Картридж струйный Cactus CS-CLI521C голубой (9мл) для Canon MP540/MP550/MP620/MP630/MP640/MP660 с чипом;5;0132cs;Картридж CLI-521C для Canon 2934B004 голубой с чипом
D;kaktus_msk;CS-CLI8C/M/Y;Картридж струйный Cactus CS-CLI8C/M/Y CLI-8C/M/Y голубой/пурпурный/желтый набор (36мл) для Canon MP470/500/530/600/800/810/830/970/MX850/iP4200/4300/520 с чипом;1.000;0136;Картридж CANON CLI-8PC  PIXMAiP6600D/MP950Pro9000 photo cyan SuperFine;5;0136cs;Картридж CLI-8C для Canon 0621B024 голубой с чипом
D;kaktus_msk;CS-DL-420;Блок фотобарабана Cactus CS-DL-420 DL-420/DL-420P черный ч/б:30000стр. для M6700D/DW/M6800FDW/M7100DN/DW/M7102DN/M7103DN/M7107DN/DW/M7200FD/FDN/FDW/M7300FDN/FDW/M7302FDN/FDW/M7310DN/DW/P3010D/DW/P3020/P3300DN/DW/P3302DN/P3303DN Pantum;500.000;6603;Комплект фотобарабан DL-420 XL + картридж TL-420X с чипом Pantum;6;6603cs;Фотобарабан + картридж DL-420 XL+TL-420X для Pantum черный с чипом
D;kaktus_msk;CS-TN320;Картридж лазерный Cactus CS-TN320 черный (20000стр.) для Konica Minolta bizhub 36/42;8.000;6225;Картридж лазерный CopyRite CR-KMTN320 TN-320/A202-053 черный (20000стр.) для Konica Minolta bizhub 36/42;5;6225cs;Картридж TN-320 для Konica A202-053 черный
D;ramis;5211210000;Картридж для (121XL) HP DJ D2563/F4283 CC641HE (восстановленный) Black Unijet;548.000;0192;Картридж струйный Cactus CS-CC643 №121 многоцветный (9мл) для HP DJ D1663/D2563/D2663/D5563/F2423/F2483/F2493/F4213/F4275/F4283/F4583/PS C4683/C4783 с чипом;4;;Картридж 121XL для HP CC641HE черный XL ресурс
D;ramis;5212210000;Картридж для (123XL) HP DeskJet 2130 F6V19AE (восстановленный) Black UNIjet;38.000;2705;Картридж струйный Cactus CS-F6V19AE 123XL черный (480стр.) (18мл) для HP DeskJet 1110/1111/1112/2130 с чипом;5;;Картридж 123XL BK для HP F6V19AE черный XL ресурс
D;ramis;5215310000;Картридж для (123XL) HP DeskJet 2130 F6V18AE (восстановленный) Color UNIjet;10.000;2705;Картридж струйный Cactus CS-F6V18AE 123XL многоцветный (330стр.) (18мл) для HP DeskJet 1110/1111/1112/2130 с чипом;4;;Картридж 123XL BK для HP F6V19AE черный XL ресурс
D;ramis;5223370000;Картридж для (130) HP Photosmart 8153  C8767HE (восстановленный) Black (23ml) Unijet;93.000;0196;Картридж для (130) HP Photosmart 8153  C8767HE Black (23ml) Unijet;4;;Картридж 130 для HP C8767HE черный
D;ramis;5223420000;Картридж для (141XL) HP DJ D4263 CB338  (восстановленный) Color Unijet;221.000;0198;Картридж струйный Cactus CS-CB336 №140XL черный (29мл) для HP DJ D4263/D4363/DJ J5783/J6413/PSC C4273/C4283/C4343/C4383/C4473/C4483/C4583/C5283/D5363 с чипом;4;;Картридж 140XL для HP CB336HE черный XL ресурс
D;rapid;SFR-3YM74AE;Картридж HP 3YM74AE №653 Deskjet 6000-ser/6075/6400-ser/6475 Color SuperFine;95.000;4354;IC-H653XL_MP Комплект картриджей T2 для HP №653XL: IC-H3YM75AE черный + IC-H3YM74AE цветной;3;4354sf;Картридж 653 для HP 3YM75AE черный
D;rapid;SFR-3YM75AE;Картридж HP 3YM75AE №653 Deskjet 6000-ser/6075/6400-ser/6475 Black SuperFine;62.000;4354;IC-H653XL_MP Комплект картриджей T2 для HP №653XL: IC-H3YM75AE черный + IC-H3YM74AE цветной;4;4354sf;Картридж 653 для HP 3YM75AE черный
D;s_print_msk;SP46264_MSK;Картридж SP LC-970 M/LC-1000 M для Brother, пурпурный;9.000;0593;Картридж струйный Cactus CS-LC970M пурпурный (20мл) для Brother MFC-260c/235c/DCP-150c/135c с чипом;5;;Картридж LC-1000M для Brother пурпурный
D;s_print_spb;SP350639;Цветной тонер-картридж SolutionPrint SP-H-415A (W2030A) Bk 2,4k;19.000;3909;Комплект картриджей GP-W2030A/W2031A/W2032A/W2033A (№415A) для принтеров HP Color LaserJet / CLJ-M455/M480/CLJP-M454/CLJP-M479 BK/C/Y/M 2400/3*2100 копий GalaPrint;5;;Картридж W2030A для HP 415A черный с чипом
D;s_print_spb;SP46264;Картридж SP LC-970 M/LC-1000 M для Brother, пурпурный;53.000;0593;Картридж струйный Cactus CS-LC970M пурпурный (20мл) для Brother MFC-260c/235c/DCP-150c/135c с чипом;5;;Картридж LC-1000M для Brother пурпурный
D;sakura;SI3YM74AE;*Восстановленный* Струйный картридж Sakura 3YM74AE (№653 Tri-colour) для HP, триколор, 11 мл., 600 к.;100.000;4355;IC-H653XL_MP Комплект картриджей T2 для HP №653XL: IC-H3YM75AE черный + IC-H3YM74AE цветной;4;4355sk;Картридж 653 для HP 3YM74AE цветной
D;sakura;SI3YM75AE;*Восстановленный* Струйный картридж Sakura 3YM75AE (№653 Black) для HP, черный, 11 мл., 600 к.;100.000;4354;IC-H653XL_MP Комплект картриджей T2 для HP №653XL: IC-H3YM75AE черный + IC-H3YM74AE цветной;5;4354sk;Картридж 653 для HP 3YM75AE черный
D;vtt;101131379;Тонер-картридж Hi-Black (HB-C-EXV55 C) для Canon iR Adv C256/256i/356i/356P, C, 18К;3.000;3650;Картридж лазерный Cactus CS-EXV55C голубой (18000стр.) для Canon ImageRunner C256/356;5;3650hb;Картридж C-EXV55C для Canon 2183C002 голубой
D;vtt;101131380;Тонер-картридж Hi-Black (HB-C-EXV55 M) для Canon iR Adv C256/256i/356i/356P, M, 18К;3.000;3651;Картридж лазерный Cactus CS-EXV55M пурпурный (18000стр.) для Canon ImageRunner C256/356;5;3651hb;Картридж C-EXV55M для Canon 2184C002 пурпурный
D;vtt;101131381;Тонер-картридж Hi-Black (HB-C-EXV55 Y) для Canon iR Adv C256/256i/356i/356P, Y, 18К;3.000;3652;Картридж лазерный Cactus CS-EXV55Y желтый (18000стр.) для Canon ImageRunner C256/356;5;3652hb;Картридж C-EXV55Y для Canon 2185C002 желтый
D;vtt;150010115;Картридж Hi-Black (HB-Q6000A) для HP CLJ 1600/2600/2605, Восстановленный, Bk, 2,5K;76.000;0740;6000/707Bk Картридж EasyPrint LH-6000 для HP CLJ1600/2600/Canon LBP5000/5100 (2500 стр.) черный, с чипом, восст.;6;0740hb;Картридж Q6000A для HP 124A черный
D;vtt;150010116;Картридж Hi-Black (HB-Q6003A) для HP CLJ 1600/2600/2605, Восстановленный, M, 2K;68.000;0743;6003/707M Картридж EasyPrint LH-6003 для HP CLJ1600/2600n/Canon LBP5000/5100 (2000стр.) пурпурный,с чипом, восст.;6;0743hb;Картридж Q6003A для HP 124A пурпурный
D;vtt;150010117;Картридж Hi-Black (HB-Q6002A) для HP CLJ 1600/2600/2605, Восстановленный, Y, 2K;65.000;0742;6002/707Y Картридж EasyPrint LH-6002 для HP CLJ1600/2600n/Canon LBP5000/5100 (2000 стр.) желтый, с чипом, восст.;6;0742hb;Картридж Q6002A для HP 124A желтый
D;vtt;150010118;Картридж Hi-Black (HB-Q6001A) для HP CLJ 1600/2600/2605, Восстановленный, C, 2K;65.000;0741;6001/707C Картридж EasyPrint LH-6001 для HP CLJ1600/2600n/Canon LBP5000/5100 (2000 стр.) голубой, с чипом, восст.;6;0741hb;Картридж Q6001A для HP 124A голубой
D;vtt;2011039010;Картридж Hi-Black (HB-Q6470A) для HP CLJ 3600/3800/CP3505 Универс., Восстанов., Bk, 6K;27.000;0770;Картридж PL-Q6470A/711 (№501A) для принтеров HP Color LaserJet 3600/3600dn/3600n/CP3505/3800/Canon i-SENSYS LBP5300/LBP5360/MF8450/MF9130/MF9170/MF9220Cdn/MF9280Cdn Black 6000 копий ProfiLine;5;0770hb;Картридж Q6470A для HP 501A черный
D;vtt;2011039013;Картридж Hi-Black (HB-Q6473A) для HP CLJ 3600, Восстановленный, M, 4K;23.000;0773;Картридж NVP совместимый NV-Q6473A Magenta;5;0773hb;Картридж Q6473A для HP 502A пурпурный
D;vtt;220095911;Драм-юнит Hi-Black (HB-44574302) для OKI B411/412/431/512/MB461/471/472/491/492/562, 25K;435.000;0981;Драм-картридж EasyPrint DO-411 для Oki B411/412/431/432/MB461/471/472/492 (25 000стр.) 44574302;4;0981hb;
D;vtt;220095931;Тонер-картридж Hi-Black (HB-44315323/44315307) для OKI C610, C, 6K;18.000;1018;Картридж OKI C610/C610DM,toner, cyan, 6000стр.,Blossom;5;1018hb;Картридж 44315323 для OKI голубой
D;vtt;220095954;Тонер-картридж Hi-Black (HB-45862852) для OKI MC853/873, Восстановленный, Bk, 7К;20.000;2785;Картридж для OKI MC853/MC873 44844472 30K DRUM чип Б/Г  Black White Box (Совместимый);5;2785hb;Картридж 45862852 для OKI черный
D;vtt;220095955;Тонер-картридж Hi-Black (HB-45862851) для OKI MC853/873, Восстановленный, C, 7,3К;35.000;2786;Картридж для OKI MC853/MC873  (45862839/45862851) 7.3K Cyan White Box (Совместимый);5;2786hb;Картридж 45862851 для OKI голубой
D;vtt;220095956;Тонер-картридж Hi-Black (HB-45862850) для OKI MC853/873, Восстановленный, M, 7,3К;46.000;2787;Картридж для OKI MC853/MC873  (45862838/45862850) 7.3K Magenta White Box (Совместимый);5;2787hb;Картридж 45862850 для OKI пурпурный
D;vtt;220095957;Тонер-картридж Hi-Black (HB-45862849) для OKI MC853/873, Восстановленный, Y, 7,3К;35.000;2788;Картридж для OKI MC853/MC873  (45862837/45862849) 7.3K Yellow White Box (Совместимый);5;2788hb;Картридж 45862849 для OKI желтый
D;vtt;4100603236;Тонер-картридж NetProduct (N-TK-5140M) для Kyocera ECOSYS M6030cdn/M6530cdn, M, 5K;4.000;1299;TC-K5140M Тонер-картридж T2 для Kyocera ECOSYS M6030cdn/M6530cdn/P6130cdn (5000 стр.) пурпурный, с чипом;6;1299np;Картридж TK-5140M для Kyocera пурпурный
D;vtt;4629751;Картридж Hi-Black (HB-CE271A) для HP CLJ CP5520/5525/Enterprise M750, Восстанов, C, 15K;57.000;0761;TC-H271 Картридж T2 для HP CLJ Enterprise CP5525/M750 (15000 стр.) голубой, с чипом, восст.;6;0761hb;Картридж CE271A для HP 650A голубой
D;vtt;4629754;Картридж Hi-Black (HB-CE340A) для HP CLJ Enterprise MFP M775dn/775f/775z, №651A, Восстан, Bk, 13,5K;256.000;0760;TC-HCE270A/CE340A Картридж T2 для HP CLJ Enterprise CP5525/M750/700 M775 (13500 стр.) черный, с чипом;6;0760hb;Картридж CE270A для HP 650A черный
D;vtt;4629755;Картридж Hi-Black (HB-CE341A) для HP CLJ Enterprise MFP M775dn/775f/775z, №651A, Восстан, C, 16K;63.000;0761;TC-HCE271A/CE341A Картридж T2 для HP CLJ Enterprise CP5525/M750/700 M775 (15000 стр.) голубой, с чипом;6;0761hb;Картридж CE271A для HP 650A голубой
D;vtt;4629756;Картридж Hi-Black (HB-CE343A) для HP CLJ Enterprise MFP M775dn/775f/775z, №651A, Восстан, M, 16K;69.000;0755;TC-HCE273A/CE343A Картридж T2 для HP CLJ Enterprise CP5525/M750/700 M775 (15000 стр.) пурпурный, с чипом;6;0755hb;Картридж CE273A для HP 650A пурпурный
D;vtt;4629757;Картридж Hi-Black (HB-CE342A) для HP CLJ Enterprise MFP M775dn/775f/775z, №651A, Восстан, Y, 16K;66.000;0762;TC-HCE272A/CE342A Картридж T2 для HP CLJ Enterprise CP5525/M750/700 M775 (15000 стр.) желтый, с чипом;6;0762hb;Картридж CE272A для HP 650A желтый
D;vtt;703030;Тонер-картридж Hi-Black (HB-106R01604) для Xerox Phaser 6500/WC 6505, Bk, 3K;106.000;1095;TC-X6500B Тонер-картридж T2 для Xerox Phaser 6500N/6500DN/WorkCentre 6505N/6505DN (3000 стр.) черный, с чипом 106R01604;6;1095hb;Картридж 106R01604 для Xerox черный
D;vtt;797026755;Тонер-картридж Hi-Black (HB-006R04369) для Xerox C310/C315, C, 5,5K;155.000;5722;TC-XC310C Тонер-картридж T2 для Xerox C310/C315 (5500 стр.) голубой, с чипом 006R04365;6;5722hb;Картридж 006R04369 для Xerox C310XC голубой
D;vtt;797026756;Тонер-картридж Hi-Black (HB-006R04370) для Xerox C310/C315, M, 5,5K;155.000;5720;TC-XC310M Тонер-картридж T2 для Xerox C310/C315 (5500 стр.) пурпурный, с чипом 006R04366;6;5720hb;Картридж 006R04370 для Xerox 006R04370 пурпурный
D;vtt;797026757;Тонер-картридж Hi-Black (HB-006R04371) для Xerox C310/C315, Y, 5,5K;143.000;5721;TC-XC310Y Тонер-картридж T2 для Xerox C310/C315 (5500 стр.) желтый, с чипом 006R04365;6;5721hb;Картридж 006R04371 для Xerox C310Y желтый
D;vtt;98052090122;Тонер-картридж Hi-Black (HB-106R01272) для Xerox Phaser 6110, M, 1K;26.000;5207;Картридж Xerox 106R01272 для Phaser 6110 magenta, 1000 стр.,Blossom;5;5207hb;Картридж 106R01272 для Xerox пурпурный
D;vtt;984002211;Драм-юнит Hi-Black (HB-DR-1095) для Brother HL-1202/DCP1602, 10K;479.000;1171;Драм-картридж 7Q DR1030, 1050, 1075, 1090, 1095 для Brother HL-1110, HL-1202 (Чёрный, 10000 стр.), универсальный;4;1171hb;Фотобарабан DR-1075 DU для Brother черный
D;vtt;984002213;Драм-юнит NetProduct (N-DR-1095) для Brother HL-1202/DCP1602, 10K;270.000;1171;Драм-картридж 7Q DR1030, 1050, 1075, 1090, 1095 для Brother HL-1110, HL-1202 (Чёрный, 10000 стр.), универсальный;4;1171np;Фотобарабан DR-1075 DU для Brother черный
D;vtt;98402327;Драм-юнит Hi-Black (HB-DR-2080) для Brother HL-2130R/DCP-7055WR, 12K;203.000;0246;2080DR Драм-картридж EasyPrint DB-2080 для Brother HL-2130R/DCP-7055R/7055W (12000 стр.);4;0246hb;Фотобарабан DR-2080 DU для Brother черный
D;vtt;984023270;Драм-юнит NetProduct (N-DR-2080) для Brother HL-2130R/DCP-7055WR, 12K;336.000;0246;2080DR Драм-картридж EasyPrint DB-2080 для Brother HL-2130R/DCP-7055R/7055W (12000 стр.);4;0246np;Фотобарабан DR-2080 DU для Brother черный
D;vtt;9840237;Драм-юнит Hi-Black (HB-DR-2075) для Brother HL-2030/2040/2070/ DCP-7010/7420/7820, 12K;214.000;0377;Драм-картридж Smart Graphics DR-2085, 2075, 2000 для Brother DCP-7010, Brother DCP-7010L, Brother DCP-7010R (Чёрный, 12000 стр.), совместимый, универсальный;4;0377hb;Фотобарабан DR-2075 DU для Brother черный
D;vtt;98402370;Драм-юнит NetProduct (N-DR-2075) для Brother HL-2030/2040/2070/ DCP-7010/7420/7820, 12K;377.000;0377;Драм-картридж Smart Graphics DR-2085, 2075, 2000 для Brother DCP-7010, Brother DCP-7010L, Brother DCP-7010R (Чёрный, 12000 стр.), совместимый, универсальный;4;0377np;Фотобарабан DR-2075 DU для Brother черный
D;vtt;9840240;Драм-юнит Hi-Black (HB-DR-2175) для Brother HL-2140/2150/2170/7030/7040, 12K;353.000;0376;Комплект фотобарабан DR-2175 DU + картридж TN-2175 Brother;4;0376hb;Фотобарабан DR-2175 DU для Brother черный
D;vtt;984271031;Драм-юнит Hi-Black (HB-E260X22G) для Lexmark E260/E360/E460, 30K;8.000;0506;Драм-картридж PL-E260X22G для принтеров Lexmark LaserPrinter E260/E360/E460/E462 Drum 30000 копий ProfiLine;4;0506hb;Картридж E260A21E для Lexmark черный с чипом
D;vtt;9842710310;Драм-юнит NetProduct (N-E260X22G) для Lexmark E260/E360/E460, 30K;11.000;0506;Драм-картридж PL-E260X22G для принтеров Lexmark LaserPrinter E260/E360/E460/E462 Drum 30000 копий ProfiLine;4;0506np;Картридж E260A21E для Lexmark черный с чипом
D;vtt;989560009;Драм-юнит Hi-Black (HB-DR-3100) для Brother HL-5240/5250/5270DN/5340D/5350DN/8370DN, 25K;15.000;0565;Барабан DR-3100/DR3170 BS;4;0565hb;Фотобарабан DR-3100 DU для Brother черный
D;vtt;9895601000;Драм-юнит NetProduct (N-DR-3300) для Brother HL-5440D/5445D/5450DN/6180DW/DCP-8110DN, 30K;59.000;0855;Драм-юнит Hi-Black (HB-DR-720/DR-3300) для Brother HL-5440D/5445D/5450DN/DCP-8110DN, 30K;4;0855np;Фотобарабан DR-3300 DU для Brother черный
D;vtt;98956310340;Тонер-картридж Hi-Black (HB-106R01338/106R01334) для Xerox Phaser 6125, Восстанов., Bk, 2K;7.000;0113;Тонер-картридж БУЛАТ s-Line 106R01338 для Xerox Phaser 6125 (Чёрный, 2000 стр.);6;0113hb;Картридж 106R01334 для Xerox черный с чипом
D;vtt;98956310343;Тонер-картридж Hi-Black (HB-106R01336/106R01332) для Xerox Phaser 6125, Восстанов., M, 1K;9.000;0115;Картридж для Xerox 106R01336 Phaser 6125 1K Magenta White Box (Совместимый);6;0115hb;Картридж 106R01332 для Xerox пурпурный с чипом
D;vtt;98960700145;Тонер-картридж Hi-Black (HB-TK-8305C) для Kyocera TASKalfa 3050ci/3051/3550, C, 15K;26.000;1413;Картридж лазерный CopyRite CR-KYTK8305C TK-8305C голубой (15000стр.) для Kyocera Taskalfa 3050ci/3550ci;5;1413hb;Картридж TK-8305C для Kyocera голубой
D;vtt;98960700166;Тонер-картридж Hi-Black (HB-TK-8505M) для Kyocera TASKalfa 4550ci/4551/5550, M, 20K;14.000;1704;Картридж лазерный CopyRite CR-KYTK8505M TK-8505M пурпурный (20000стр.) для Kyocera Taskalfa 4550ci/5550ci;5;1704hb;Картридж TK-8505M для Kyocera пурпурный
D;vtt;98960700167;Тонер-картридж Hi-Black (HB-TK-8505Y) для Kyocera TASKalfa 4550ci/4551/5550, Y, 20K;17.000;1705;Картридж лазерный CopyRite CR-KYTK8505Y TK-8505Y желтый (20000стр.) для Kyocera Taskalfa 4550ci/5550ci;5;1705hb;Картридж TK-8505Y для Kyocera желтый
D;vtt;9896974;Тонер-картридж Hi-Black (HB-TN-328K) для Konica-Minolta bizhub C250i/C300i/C360i, Bk, 28К;21.000;4309;TC-MTN-328BK Тонер-картридж T2 для Konica-Minolta BizHub C250i/C300i/C360i/C450i/C550i/C650i (28000 стр.) черный, с чипом;6;4309hb;Картридж TN-328K для Konica AAV8150 черный
D;vtt;9896977;Тонер-картридж Hi-Black (HB-TN-328Y) для Konica-Minolta bizhub C250i/C300i/C360i, Y, 28К;11.000;4311;TC-MTN-328Y Тонер-картридж T2 для Konica-Minolta BizHub C250i/C300i/C360i/C450i/C550i/C650i (28000 стр.) желтый, с чипом;6;4311hb;Картридж TN-328Y для Konica AAV8250 желтый
D;vtt;98970234;Тонер-картридж Hi-Black (HB-TN-227K) для Konica-Minolta bizhub C257i, Bk, 24K;28.000;2031;Картридж лазерный CopyRite CR-KMTN227K TN-227K черный (24000стр.) для Konica Minolta bizhub C257i;5;2031hb;Картридж TN-321 K для Konica A33K150 черный
D;vtt;98971458;Драм-юнит Hi-Black (HB-DL-425X) для Pantum P3305DN/P3305DW/M7105, 25К;6.000;4331;DL-425X Драм-картридж EasyPrint DPM-DL-425X для Pantum P3305DN/P3305DW/M7105DN/M7105DW (25000 стр.);4;4331hb;Фотобарабан DL-425 DU для Pantum черный
D;vtt;9897148;Драм-юнит NetProduct (N-101R00435) для Xerox WorkCentre 5222/5225/5230/pro 5225, Восст., 80К;24.000;1087;Картридж лазерный Cactus CS-WC5222XR 101R00435 черный бар.в компл. (80000стр.) для Xerox WC 5222/5230;4;1087np;Фотобарабан 101R00435 DU для Xerox черный
D;vtt;9897149;Драм-юнит NetProduct (N-013R00670) для Xerox WorkCentre 5019/5021/5022/5024, 80К;19.000;1085;Картридж Colortek Xerox 013R00670 (DU) 5019/5021 80k;4;1085np;Фотобарабан 013R00670 DU для Xerox черный
D;vtt;9897151;Драм-юнит NetProduct (N-DK-3130) для Kyocera FS-4100DN/4200DN, Восстановленный, 500К;23.000;0865;TC-K3130 Тонер-картридж T2 для Kyocera FS-4200DN/4300DN/ECOSYS M3550idn (25000 стр.) с чипом;4;0865np;Картридж TK-3130 для Kyocera черный
D;vtt;9897164;Драм-юнит Hi-Black (HB-DK-3170) для Kyocera P3045dn/M3145dn/M3645dn, Восстановленный, 300К;10.000;2164;Драм-картридж EasyPrint DK-3170 для Kyocera ECOSYS P3045dn/P3145DN/M3145DN/M3645DN (300000 стр.) DK-3170;4;2164hb;Картридж TK-3160 для Kyocera черный с чипом
D;vtt;9897218;Драм-юнит Hi-Black (HB-013R00662) для Xerox WC 7525/7530/7535/7545/7556/7830/7835, 125K;180.000;1851;Картридж Xerox 013R00662 DRUM WC7500ser/7800ser 125K SuperFine;4;1851hb;Фотобарабан 013R00662 DU для Xerox цветной
D;vtt;9897219;Тонер-картридж Hi-Black (HB-W9014MC) для HP LJ MFP E82540/E82550/E82560, 69K;14.000;4491;Тонер-картридж Hi-Black (HB-W9037MC) для HP LaserJet E82540/E82550/E82560, 58K;5;4491hb;Картридж W9037MC для HP черный с чипом
D;vtt;9911302840;Тонер-картридж NetProduct (N-TN-116/TN-118) для Konica Minolta Bizhub 164, 5,5K;80.000;1293;Картридж  TN-116/TN-118 для Konica Minolta (2 шт.), ресурс;3;1293np;Тонер-картридж TN-116 для Konica A1UC050 черный
D;vtt;99620040;Тонер-картридж Hi-Black (HB-CB380A/CB390A) для HP CLJ CP6015dn/CM6030, Bk, 16,5K/19,5K;7.000;0765;Картридж HP CB380A для CLJ CP6015dn/CM6030/6040MFP, black,16 500 стр.,Blossom;5;0765hb;Картридж CB380A для HP 823A черный
D;vtt;99620050;Тонер-картридж Hi-Black (HB-CB381A) для HP CLJ CP6015dn/CM6030/6040MFP, Восстанов, C, 21K;5.000;0766;Картридж HP CB381A для CLJ CP6015dn/CM6030/6040MFP, cyan, 21000 стр.,Blossom;5;0766hb;Картридж CB381A для HP 824A голубой
D;vtt;99620060;Тонер-картридж Hi-Black (HB-CB382A) для HP CLJ CP6015dn/CM6030/6040MFP, Восстанов, Y, 21K;6.000;0767;Картридж HP CB382A для CLJ CP6015dn/CM6030/6040MFP, yellow, 21 000 стр.,Blossom;5;0767hb;Картридж CB382A для HP 824A желтый
D;vtt;99620070;Тонер-картридж Hi-Black (HB-CB383A) для HP CLJ CP6015dn/CM6030/6040MFP, Восстанов, M, 21K;6.000;0768;Картридж HP CB383A для CLJ CP6015dn/CM6030/6040MFP, magenta, 21 000 стр.,Blossom;5;0768hb;Картридж CB383A для HP 824A пурпурный
D;vtt;99690867;Драм-юнит Hi-Black (HB-C-EXV32/33D) для Canon iR 2520/25/35/45, 70K;4.000;1288;Комплект фотобарабан C-EXV32 DU + картридж C-EXV32 Canon;3;1288hb;Картридж C-EXV32 для Canon 2786B002 черный
D;vtt;997015911;Картридж Hi-Black (HB-CE250X) для HP CLJ CP3525/CM3530, Восстановленный, Bk, 10,5K;15.000;0752;TC-H250X Картридж T2 для HP CLJ CP3525n/CM3530 (10 500 стр.) черный, с чипом, восстановленный;6;0752hb;Картридж CE250X для HP 504X черный XL ресурс
D;vtt;9970159111;Картридж NetProduct (N-CE251A) для HP CLJ CP3525/CM3530, Восстановленный, C, 7K;9.000;0749;TC-H251 Картридж T2 для HP CLJ CP3525n/CM3530 (7000 стр.) голубой, с чипом, восстановленный;6;0749np;Картридж CE251A для HP 504A голубой
D;vtt;9970159112;Картридж NetProduct (N-CE252A) для HP CLJ CP3525/CM3530, Восстановленный, Y, 7K;14.000;0750;TC-H252 Картридж T2 для HP CLJ CP3525n/CM3530 (7000 стр.) желтый, с чипом, восстановленный;6;0750np;Картридж CE252A для HP 504A желтый
D;vtt;997015912;Картридж Hi-Black (HB-CE251A) для HP CLJ CP3525/CM3530, Восстановленный, C, 7K;18.000;0749;TC-H251 Картридж T2 для HP CLJ CP3525n/CM3530 (7000 стр.) голубой, с чипом, восстановленный;6;0749hb;Картридж CE251A для HP 504A голубой
D;vtt;997015913;Картридж Hi-Black (HB-CE252A) для HP CLJ CP3525/CM3530, Восстановленный, Y, 7K;17.000;0750;TC-H252 Картридж T2 для HP CLJ CP3525n/CM3530 (7000 стр.) желтый, с чипом, восстановленный;6;0750hb;Картридж CE252A для HP 504A желтый
D;vtt;997015914;Картридж Hi-Black (HB-CE253A) для HP CLJ CP3525/CM3530, Восстановленный, M, 7K;15.000;0751;TC-H253 Картридж T2 для HP CLJ CP3525n/CM3530 (7000 стр.) пурпурный, с чипом, восстановленный;6;0751hb;Картридж CE253A для HP 504A пурпурный
D;vtt;9970159550;Драм-юнит NetProduct (N-CE314A) для HP CLJ CP1025/CP1025nw/M175/176/177/275, 14K/7K;197.000;1189;Комплект фотобарабан CE314A + картриджи CE310A-CE313A HP;4;1189np;Фотобарабан CE314A для HP 126A черный
D;vtt;997015958;Картридж Hi-Black (HB-CE260X) для HP CLJ CP4025/4525, Восстановленный, Bk, 17K;80.000;0407;Картридж Sakura CE260X (647X) для HP LJ CP4520/LJ CP3525n/LJ CP4020/LJ CP4025, черный, 17000 к.;5;0407hb;Картридж CE260X для HP 649X черный
D;vtt;9970159580;Картридж Hi-Black (HB-CE262A) для HP CLJ CP4025/4525, Восстановленный, Y, 11K;126.000;0409;Картридж лазерный Cactus CS-CE262AR желтый (11000стр.) для HP LJ CP4025/CP4525/CM4540;5;0409hb;Картридж CE262A для HP 648A желтый
D;vtt;9970159581;Картридж Hi-Black (HB-CE263A) для HP CLJ CP4025/4525, Восстановленный, M, 11K;41.000;0410;Картридж лазерный Cactus CS-CE263AR пурпурный (11000стр.) для HP LJ CP4025/CP4525;5;0410hb;Картридж CE263A для HP 648A пурпурный
D;vtt;997015959;Картридж Hi-Black (HB-CE261A) для HP CLJ CP4025/4525, Восстановленный, C, 11K;128.000;0408;Картридж лазерный Cactus CS-CE261A CE261A голубой (11000стр.) для HP LJ CP4025/CP4525/CM4540;5;0408hb;Картридж CE261A для HP 648A голубой
D;vtt;9970159590;Картридж NetProduct (N-CE260X) для HP CLJ CP4025/4525, Восстановленный, Bk, 17K;20.000;0407;Картридж Sakura CE260X (647X) для HP LJ CP4520/LJ CP3525n/LJ CP4020/LJ CP4025, черный, 17000 к.;5;0407np;Картридж CE260X для HP 649X черный
D;vtt;9970159591;Картридж NetProduct (N-CE261A) для HP CLJ CP4025/4525, Восстановленный, C, 11K;19.000;0408;Картридж лазерный Cactus CS-CE261A CE261A голубой (11000стр.) для HP LJ CP4025/CP4525/CM4540;5;0408np;Картридж CE261A для HP 648A голубой
D;vtt;9970159592;Картридж NetProduct (N-CE263A) для HP CLJ CP4025/4525, Восстановленный, M, 11K;18.000;0410;Картридж лазерный Cactus CS-CE263AR пурпурный (11000стр.) для HP LJ CP4025/CP4525;5;0410np;Картридж CE263A для HP 648A пурпурный
D;vtt;9970159593;Картридж NetProduct (N-CE262A) для HP CLJ CP4025/4525, Восстановленный, Y, 11K;19.000;0409;Картридж лазерный Cactus CS-CE262AR желтый (11000стр.) для HP LJ CP4025/CP4525/CM4540;5;0409np;Картридж CE262A для HP 648A желтый
D;vtt;999010044;Картридж Hi-Black (HB-CF330X) для HP CLJ M651n/651dn/651xh, №654X, Восстанов., Bk, 20,5K;18.000;0880;TC-HCF330X Картридж T2 для HP CLJ Enterprise M651n/M651dn/M651xh (20500стр.) черный, с чипом;6;0880hb;Картридж CF330X для HP 654X черный XL ресурс
D;vtt;CF289X;Тонер-картридж 89X для HP LJ M507/MFP M528, 10К чёрный CF289X;12.000;4795;Картридж Cactus CS-CF289XRU черный (10000стр.) для HP LJ M507/MFP M528;5;;Картридж CF289Y для HP 89Y черный с чипом
E;blossom;DI152 ЯП 6702B;Тонер Konica-Minolta Di152/183/211/1611/2011/bizhub 162/163/210/211  тип 106B/TN-114 (туба 413 гр.) ориг.;8.000;;;;;
E;bulat;BFLX0C2425010;Тонер-картридж БУЛАТ s-Line C235HK0 Black для Lexmark C2425 (3000 стр.);20.000;;;;;
E;bulat;BFLX0C2425020;Тонер-картридж БУЛАТ s-Line C235HC0 Cyan для Lexmark C2425 (2300 стр.);40.000;;;;;
E;bulat;BFLX0C2425030;Тонер-картридж БУЛАТ s-Line C235HM0 для Lexmark C2425 (Пурпурный, 2300 стр.);20.000;;;;;
E;bulat;BFLX0C2425040;Тонер-картридж БУЛАТ s-Line C235HY0 Yellow для Lexmark C2425 (2300 стр.);20.000;;;;;
E;bulat;BFRCSPC361020;Тонер-картридж БУЛАТ s-Line 408251 Type SP C360X для Ricoh SP C361 (Голубой, 9000 стр.), совместимый;20.000;;;;;
E;bulat;BFRXPH6125100;Драм-юнит БУЛАТ s-Line 676K05360 для Xerox Phaser 6125 (Цветной, 30000 стр.), ref.;50.000;;;;;
E;bulat;DFSHMX2301010;Тонер-картридж БУЛАТ s-Line MX-31GTBA для Sharp MX-2301 (Чёрный, 18000 стр.), совместимый;20.000;;;;;
E;bulat;DFSHMX2301020;Тонер-картридж БУЛАТ s-Line MX-31GTCA для Sharp MX-2301 (Голубой, 15000 стр.), совместимый;20.000;;;;;
E;bulat;DFSHMX2301030;Тонер-картридж БУЛАТ s-Line MX-31GTMA для Sharp MX-2301 (Пурпурный, 15000 стр.), совместимый;20.000;;;;;
E;bulat;DFTSES2822010;Тонер-картридж БУЛАТ s-Line T-2822E для Toshiba e-Studio 2822 (Чёрный, 17500 стр.), совместимый;50.000;;;;;
E;bulat;EFRX00VS80060;Блок проявки БУЛАТ 948K16840 Цветной для  Xerox Versant 80, 2100 (Developer Housing Assembly), ref.;20.000;;;;;
E;bulat;EFSMSL4300010;Тонер-картридж БУЛАТ s-Line CLT-K808S для Samsung SL-X4300 (Чёрный, 23000 стр.), старая версия чипа;20.000;;;;;
E;bulat;EFSMSL4300020;Тонер-картридж БУЛАТ s-Line CLT-C808S для Samsung SL-X4300 (Голубой, 20000 стр.), старая версия чипа;20.000;;;;;
E;bulat;EFSMSL4300030;Тонер-картридж БУЛАТ s-Line CLT-M808S для Samsung SL-X4300 (Пурпурный, 20000 стр.), старая версия чипа;20.000;;;;;
E;bulat;EFSMSL4300040;Тонер-картридж БУЛАТ s-Line CLT-Y808S для Samsung SL-X4300 (Жёлтый, 20000 стр.), старая версия чипа;20.000;;;;;
E;bulat;GDCN0UNIV0010;Чернила Canon Universal, Чёрные банка 500 мл pigment;20.000;;;;;
E;bulat;GDCN0UNIV0030;Чернила Canon Universal, Голубые банка 500 мл dye;20.000;;;;;
E;bulat;GDCN0UNIV0040;Чернила Canon Universal, Пурпурные банка 500 мл dye;20.000;;;;;
E;bulat;GDCN0UNIV0050;Чернила Canon Universal, Жёлтые банка 500 мл dye;20.000;;;;;
E;bulat;GDCN0UNIV0060;Чернила Canon Universal, Чёрные банка 100 мл pigment;50.000;;;;;
E;bulat;GDEP0UNIV0050;Чернила Epson Universal Light, Голубые банка 100 мл dye;50.000;;;;;
E;bulat;GDEP0UNIV0060;Чернила Epson Universal Light, Пурпурные, банка 100 мл dye;50.000;;;;;
E;bulat;GDEP0UNIV0080;Чернила Epson Universal, Голубые банка 500 мл dye;100.000;;;;;
E;bulat;GDEP0UNIV0090;Чернила Epson Universal, Пурпурные, банка 500 мл dye;100.000;;;;;
E;bulat;GDEP0UNIV0100;Чернила Epson Universal, Жёлтые, банка 500 мл dye;100.000;;;;;
E;bulat;GDEP0UNIV0110;Чернила Epson Universal Light, Голубые, банка 500 мл dye;50.000;;;;;
E;bulat;GDEP0UNIV0120;Чернила Epson Universal Light, Пурпурные банка 500 мл dye;50.000;;;;;
E;bulat;GDHELCUNIV050;Чернила БУЛАТ чёрные, универсальные банка (70мл) dye для HP, Epson, Lexmark, Canon, Brother;200.000;;;;;
E;bulat;GDHP0UNIV0010;Чернила HP Universal, Чёрные банка 500 мл pigment;50.000;;;;;
E;bulat;GDHP0UNIV0020;Чернила HP Universal, Чёрные банка 500 мл dye;50.000;;;;;
E;bulat;GDHP0UNIV0030;Чернила HP Universal, Голубые, банка 500 мл dye;50.000;;;;;
E;bulat;GDHP0UNIV0040;Чернила HP Universal, Пурпурные банка 500 мл dye;50.000;;;;;
E;bulat;GDHP0UNIV0050;Чернила HP Universal, Жёлтые банка 500 мл dye;50.000;;;;;
E;bulat;GFEPM20590010;Струйный картридж БУЛАТ C13T04Q100 для Epson WorkForce WF-M20590D4TW E-04Q1 (60000 стр.);20.000;;;;;
E;bulat;GFEPSP7890030;Струйный картридж БУЛАТ T6367, C13T636700 для Epson Stylus Pro 7890, 7900, 9700, 9890, 9900, WT7900 (Серый, 700 мл, pigment);20.000;;;;;
E;kaktus_msk;CS-Q2612AD;Картридж лазерный Cactus CS-Q2612AD черный двойная упак. (2000стр.) для HP 1010/1012/1015/1018/1020/1022/3015/3020;173.000;;;;;
E;profiline;PL_Tape_13*10_BKS_1p;Лента 13мм*10м черная прямая упаковка (1шт) PL;5.000;;;;;
E;sakura;SIC13T671600;Емкость для Epson C13T671600 (T6716/PXMB8);72.000;;;;;
E;vtt;161011;Лента Hi-Black для матричного картриджа (мебиус левый) STD, Bk, 12,7мм/7м;103.000;;;;;
E;vtt;9896923;Тонер-картридж Hi-Black (HB-SPC352E Y) для Ricoh Aficio SP C352DN, Y, 6,5K;4.000;;;;;
