куда;код;артикул;внешний код;наименование;архив;замечание
"ООО ""ОДИССЕЙ""";;;3518;Картридж T9441Bk AT;да;
"ООО ""ОДИССЕЙ""";;;AvNgRnypiDVfAI3GBL0y81;* Восстановленный картридж F6V19AE (№123XL) BK AT;да;
"ООО ""ОДИССЕЙ""";;;n3j1iYpVjkWvVDFQEQfL80;Картридж для HP CD975AN № 920 Black 420стр. AQUAMARINE (Совместимый);да;
"ООО ""ОДИССЕЙ""";;;9zBGYHKbgUfv98Odq7iVo2;* Восстановленный картридж HP 21XL black AQ;да;
"ООО ""ОДИССЕЙ""";;AT-PFI030M;eN526hcTh3NgDZlGtOWbo0;Картридж для Canon PFI-030M magenta pigment (55ml)  imagePROGRAF TA-20/30 AQUAMARINE (Совместимый);да;
"ООО ""ОДИССЕЙ""";;;jbUHFk3tiMzb6YCW3jws-0;Набор чернил для Canon Multipack GI43 CMY BK GY R AQUAMARINE (Совместимый);да;
"ООО ""ОДИССЕЙ""";;;1kmm4QP6iidDJkDK47eHt3;Чернила для Canon GI40C Pixma G5040/G6040/GM2040 Cyan 70 ml AQUAMARINE;да;
"ООО ""ОДИССЕЙ""";;;6N6vnPe7jiss8ORReBrOv2;Чернила для Canon GI40M Pixma G5040/G6040/GM2040 Magenta 70 ml AQUAMARINE;да;
"ООО ""ОДИССЕЙ""";;;B9dIaSZUiKFraskZL9z-T0;Чернила для Canon GI40PGBK Pixma G5040/G6040/GM2040 Black Pigment 70 ml AQUAMARINE;да;
"ООО ""ОДИССЕЙ""";;;ZBpegyIAh90wRD54oNl601;Чернила для Canon GI40Y Pixma G5040/G6040/GM2040 Yellow 70 ml AQUAMARINE;да;
"ООО ""ОДИССЕЙ""";;;hnILRUhSh571iX8a7zzp43;Чернила для Canon GI43GY Pixma Pixma G640/540 Gray 70 ml AQUAMARINE;да;
"ООО ""ОДИССЕЙ""";;;3898;Картридж для HP 3YL81AE (3YL84AE ориг) ОГР Прим. 912XL OJPro 80xx-ser Black 0.825K AQUAMARINE (Совм);да;
"ООО ""ОДИССЕЙ""";;;RX3-LMItg9Lup4bJvacO31;* Восстановленный картридж hp 22XL Col AQ;да;
"ООО ""ОДИССЕЙ""";;;CNdYZJukjzVYRwMJyYqDV3;Картридж для Epson T7014/T7024 XXL WP-4015/4095/4515/4525 3.4K Yellow Pig. AQUAMARINE (Совместимый);да;
"ООО ""ОДИССЕЙ""";;;3898;Картридж для HP 3YL84AE ОГР Прим. 912XL OJPro 80xx-ser Black 0.825K AQUAMARINE (Совм);да;
"ООО ""ОДИССЕЙ""";;;jLxT30j6iPZNAGiIe7m8R0;Тонер Pantum PC-211RB черный флакон (в компл.:чип) для принтера Series P2200/2500/M6500/6550/6600 (2) (2);да;
"ООО ""ОДИССЕЙ""";0016at;AT-CLI426GY;0016;Картридж для Canon CLI-426GY MG5240/MG5140/IP4840 Gray AQUAMARINE (Совместимый);;
"ООО ""ОДИССЕЙ""";0130at;AT-PGI520Bk;0130;Картридж для Canon PGI-520BK IP3600/IP4600/IP4700 Black AQUAMARINE(Совместимый);;
"ООО ""ОДИССЕЙ""";0131at;AT-CLI521Bk;0131;Картридж для Canon CLI-521BK IP3600/IP4600/IP4700 Black AQUAMARINE (Совместимый);;
"ООО ""ОДИССЕЙ""";0132at;AT-CLI521C;0132;Картридж для Canon CLI-521C IP3600/IP4600/IP4700 Cyan AQUAMARINE (Совместимый);;
"ООО ""ОДИССЕЙ""";0133at;AT-CLI521M;0133;Картридж для Canon CLI-521M IP3600/IP4600/IP4700 Magenta AQUAMARINE (Совместимый);;
"ООО ""ОДИССЕЙ""";0134at;AT-CLI521Y;0134;Картридж для Canon CLI-521Y IP3600/IP4600/IP4700 Yellow AQUAMARINE (Совместимый);;
"ООО ""ОДИССЕЙ""";0135at;AT-CLI8Bk;0135;Картридж для Canon CLI-8BK PIXMA IP3300/IP4200 Black AQUAMARINE (Совместимый);;
"ООО ""ОДИССЕЙ""";0135od;OD-CLI8Bk;0135;Картридж OD-CLI8Bk;;
"ООО ""ОДИССЕЙ""";0136at;AT-CLI8C;0136;Картридж для Canon CLI-8C PIXMA IP3300/IP4200 Cyan AQUAMARINE (Совместимый);;
"ООО ""ОДИССЕЙ""";0137at;AT-CLI8M;0137;Картридж для Canon CLI-8M PIXMA IP3300/IP4200 Magenta AQUAMARINE (Совместимый);;
"ООО ""ОДИССЕЙ""";0138at;AT-CLI8Y;0138;Картридж для Canon CLI-8Y PIXMA IP3300/IP4200 Yellow AQUAMARINE (Совместимый);;
"ООО ""ОДИССЕЙ""";0139at;AT-PGI5BK;0139;Картридж для Canon PGI-5BK PIXMA IP3300/iP3500/IP4200 Black AQUAMARINE (Совместимый);;
"ООО ""ОДИССЕЙ""";0146at;AT-T0631Bk;0146;Картридж для Epson T0631 ST C67/87/CX-3700/CX-4100/CX-4700 Black  AQUAMARINE (Совместимый);;
"ООО ""ОДИССЕЙ""";0147at;AT-T0632C;0147;Картридж для Epson T0632 ST C67/87/CX-3700/CX-4100/CX-4700 Cyan  AQUAMARINE (Совместимый);;
"ООО ""ОДИССЕЙ""";0148at;AT-T0633M;0148;Картридж для Epson T0633 ST C67/87/CX-3700/CX-4100/CX-4700 Magenta  AQUAMARINE (Совместимый);;
"ООО ""ОДИССЕЙ""";0149at;AT-T0634Y;0149;Картридж для Epson T0634 ST C67/87/CX-3700/CX-4100/CX-4700 Yellow  AQUAMARINE (Совместимый);;
"ООО ""ОДИССЕЙ""";0151at;AT-T0731Bk;0151;Картридж для Epson T0731 Stylus C79/C90/C92/C110/CX3900 Black AQUAMARINE (Совместимый);;
"ООО ""ОДИССЕЙ""";0152at;AT-T0732C;0152;Картридж для Epson T0732 Stylus C79/C90/C92/C110/CX3900 Cyan AQUAMARINE (Совместимый);;
"ООО ""ОДИССЕЙ""";0153at;AT-T0733M;0153;Картридж для Epson T0733 Stylus C79/C90/C92/C110/CX3900 Magenta AQUAMARINE (Совместимый);;
"ООО ""ОДИССЕЙ""";0154at;AT-T0734Y;0154;Картридж для Epson T0734 Stylus C79/C90/C92/C110/CX3900 Yellow AQUAMARINE (Совместимый);;
"ООО ""ОДИССЕЙ""";0156od;OD-T0921Bk;0156;Картридж T0921 BK OD;;
"ООО ""ОДИССЕЙ""";0157od;OD-T0922C;0157;Картридж T0922 C OD;;
"ООО ""ОДИССЕЙ""";0158od;OD-T0923M;0158;Картридж T0923 M OD;;
"ООО ""ОДИССЕЙ""";0159od;OD-T0924Y;0159;Картридж T0924 Y OD;;
"ООО ""ОДИССЕЙ""";0182at;ATR-PG40;0182;Картридж PG-40 BK AT;;
"ООО ""ОДИССЕЙ""";0182od;ODR-PG40;0182;Картридж ODR-PG40;;
"ООО ""ОДИССЕЙ""";0183at;ATR-CL41;0183;Картридж для Canon CL-41 PIXMA iP1200/iP1300/iP1600/iP1700/iP2200 Color AQUAMARINE (Совместимый);;
"ООО ""ОДИССЕЙ""";0183hb;HB-CL-41;0183;Картридж Hi-Black (CL-41) для Canon PIXMA MP150/170/450/iP1200/1600/2200, Color;;
"ООО ""ОДИССЕЙ""";0183od;ODR-CL41;0183;Картридж CL-41 Col OD;;
"ООО ""ОДИССЕЙ""";0184at;AT-CLI426Bk;0184;Картридж для Canon CLI-426BK MG5240/MG5140/IP4840 Black AQUAMARINE (Совместимый);;
"ООО ""ОДИССЕЙ""";0185at;AT-CLI426C;0185;Картридж для Canon CLI-426C MG5240/MG5140/IP4840 Cyan AQUAMARINE (Совместимый);;
"ООО ""ОДИССЕЙ""";0186at;AT-CLI426M;0186;Картридж для Canon CLI-426M MG5240/MG5140/IP4840 Magenta AQUAMARINE (Совместимый);;
"ООО ""ОДИССЕЙ""";0187at;AT-CLI426Y;0187;Картридж для Canon CLI-426Y MG5240/MG5140/IP4840 Yellow AQUAMARINE (Совместимый);;
"ООО ""ОДИССЕЙ""";0191od;OD-T1284Y;0191;Картридж OD-T1284Y;;
"ООО ""ОДИССЕЙ""";0192at;AT-CC641Bk;0192;Картридж для HP CC641HE № 121XL Black AQUAMARINE (Совместимый.Тайвань);;
"ООО ""ОДИССЕЙ""";0192at;ATR-CC641Bk;0192;Картридж 121xl Bk AT;да;
"ООО ""ОДИССЕЙ""";0193at;AT-CC644HE;0193;Картридж для HP CC644HE № 121XL Color AQUAMARINE (Совместимый.Тайвань);;
"ООО ""ОДИССЕЙ""";0193at;ATR-CC644HE;0193;Картридж hp 121XL Col AT;да;
"ООО ""ОДИССЕЙ""";0194at;ATR-C6656Bk;0194;Картридж для HP C6656A BK AQ;;
"ООО ""ОДИССЕЙ""";0195at;ATR-C6657C;0195;Картридж для HP C6657 № 57 Color AQUAMARINE (Совместимый);;
"ООО ""ОДИССЕЙ""";0196at;ATR-C8767Bk;0196;Картридж для HP C8767 № 130 Black AQUAMARINE (Совместимый);;
"ООО ""ОДИССЕЙ""";0197at;ATR-C8765Bk;0197;Картридж hp 131 black AQ;;
"ООО ""ОДИССЕЙ""";0198at;AT-CB336Bk;0198;Картридж для HP CB336HE № 140XL Black AQUAMARINE (Совместимый);;
"ООО ""ОДИССЕЙ""";0198at;ATR-CB336Bk;0198;Картридж hp 140xl AT;;
"ООО ""ОДИССЕЙ""";0199at;AT-CB338C;0199;Картридж DS №141XL (CB338HE) для HP DeskJet D4263/ D4363;;
"ООО ""ОДИССЕЙ""";0199at;ATR-CB338C;0199;* Восстановленный картридж hp 141xl AQ;;
"ООО ""ОДИССЕЙ""";0200at;AT-C9351Bk;0200;Картридж для HP C9351 № 21XL Black AQUAMARINE (Совместимый.Тайвань);;
"ООО ""ОДИССЕЙ""";0201at;AT-C9352C;0201;$_СРОЧНО Картридж для HP C9352 № 22XL Color AQUAMARINE (Совместимый.Тайвань);;
"ООО ""ОДИССЕЙ""";0202at;AT-CH563Bk;0202;$_СРОЧНО Картридж для HP CH563HE № 122XL Black AQUAMARINE (Совместимый.Тайвань);;
"ООО ""ОДИССЕЙ""";0202at;ATR-CH563Bk;0202;Картридж ATR-CH563Bk;да;
"ООО ""ОДИССЕЙ""";0203at;ATR-CH564C;0203;Картридж ATR-CH564C;;
"ООО ""ОДИССЕЙ""";0203at;AT-CH564C;0203;Картридж для HP CH564HE № 122XL Color AQUAMARINE (Совместимый.Тайвань);;
"ООО ""ОДИССЕЙ""";0286at;ATR-PG512;0286;Картридж PG-512 AT;;
"ООО ""ОДИССЕЙ""";0288at;AT-CL513;0288;Картридж CL-513 AT;;
"ООО ""ОДИССЕЙ""";0291at;AT-T0481B;0291;Картридж для Epson T0481 Stylus Photo R200/R300/R320/RX500/RX600 Black AQUAMARINE (Совместимый);;
"ООО ""ОДИССЕЙ""";0291od;OD-T0481B;0291;Картридж OD-T0481B;;
"ООО ""ОДИССЕЙ""";0292at;AT-T0482C;0292;Картридж для Epson T0482 Stylus Photo R200/R300/R320/RX500/RX600 Cyan AQUAMARINE (Совместимый);;
"ООО ""ОДИССЕЙ""";0293at;AT-T0483M;0293;Картридж для Epson T0483 Stylus Photo R200/R300/R320/RX500/RX600 Magenta AQUAMARINE (Совместимый);;
"ООО ""ОДИССЕЙ""";0293od;OD-T0483M;0293;Картридж OD-T0483M;;
"ООО ""ОДИССЕЙ""";0294at;AT-T0484Y;0294;Картридж для Epson T0484 Stylus Photo R200/R300/R320/RX500/RX600 Yellow AQUAMARINE (Совместимый);;
"ООО ""ОДИССЕЙ""";0295at;AT-T0485LC;0295;Картридж для Epson T0485 Stylus Photo R200/R300/R320/RX500/RX600 LightCyan AQUAMARINE(Совместимый);;
"ООО ""ОДИССЕЙ""";0296at;AT-T0486LM;0296;Картридж для Epson T0486 StylusPhoto R200/R300/R320/RX500/RX600 LightMagenta AQUAMARINE(Совместимый);;
"ООО ""ОДИССЕЙ""";0298od;OD-T0802C;0298;Картридж для Epson T0802 Stylus RX560/RX585/R285/R360/PX650/PX50 Cyan 14ml (Совместимый);;
"ООО ""ОДИССЕЙ""";0299od;OD-T0803M;0299;Картридж для Epson T0803 Stylus RX560/RX585/R285/R360/PX650/PX50 Magenta 14ml (Совместимый);;
"ООО ""ОДИССЕЙ""";0300at;AT-T0804Y;0300;Картридж для Epson T0804 Stylus RX560/RX585/R285/R360/PX650 Yellow 14ml AQUAMARINE (Совместимый);;
"ООО ""ОДИССЕЙ""";0300od;OD-T0804Y;0300;Картридж для Epson T0804 Stylus RX560/RX585/R285/R360/PX650/PX50 Yellow 14ml (Совместимый);;
"ООО ""ОДИССЕЙ""";0301at;AT-T0805LC;0301;Картридж для Epson T0805 Stylus RX560/RX585/R285/R360/PX650 Light Cyan15ml AQUAMARINE (Совместимый);;
"ООО ""ОДИССЕЙ""";0302at;AT-T0806LM;0302;Картридж для Epson T0806 Stylus RX560/RX585/R285/R360/PX650 Light Magen 15ml AQUAMARINE(Совместимый);;
"ООО ""ОДИССЕЙ""";0303at;AT-C8727Bk;0303;Картридж для HP C8727 № 27 Black AQUAMARINE (Совместимый);;
"ООО ""ОДИССЕЙ""";0304at;ATR-C8728C;0304;Картридж для HP C8728 № 28 Color AQUAMARINE (Совместимый);;
"ООО ""ОДИССЕЙ""";0305at;AT-51645AE;0305;Картридж для HP 51645AE № 45 Black AQUAMARINE (Совместимый.Тайвань);;
"ООО ""ОДИССЕЙ""";0306at;ATR-C6578C;0306;Картридж для HP C6578  № 78 color AQUAMARINE (Совместимый.Тайвань);;
"ООО ""ОДИССЕЙ""";0306od;ODR-C6578C;0306;* Восстановленный картридж ODR-C6578C;;
"ООО ""ОДИССЕЙ""";0306od;OD-C6578C;0306;Картридж для HP C6578  № 78 color (Совместимый);;
"ООО ""ОДИССЕЙ""";0307at;ATR-C9364Bk;0307;Картридж для HP C9364 № 129 Black AQUAMARINE (Совместимый);;
"ООО ""ОДИССЕЙ""";0307od;ODR-C9364Bk;0307;Картридж для HP C9364 № 129 Black (Совместимый);;
"ООО ""ОДИССЕЙ""";0308at;ATR-C8766C;0308;Картридж для HP C8766 № 135 Color AQUAMARINE (Совместимый);;
"ООО ""ОДИССЕЙ""";0309at;ATR-C9362Bk;0309;* Восстановленный Картридж для HP C9362 № 132 Black AQUAMARINE (Совместимый);;
"ООО ""ОДИССЕЙ""";0309od;ODR-C9362Bk;0309;* Восстановленный картридж ODR-C9362Bk;;
"ООО ""ОДИССЕЙ""";0310at;ATR-C9363C;0310;* Восстановленный картридж hp 134 Col AT;;
"ООО ""ОДИССЕЙ""";0310od;ODR-C9363C;0310;* Восстановленный картридж ODR-C9363C;;
"ООО ""ОДИССЕЙ""";0311at;ATR-C9361C;0311;Картридж для HP C9361 № 136 Color AQUAMARINE (Совместимый);;
"ООО ""ОДИССЕЙ""";0312at;AT-C9369PBk;0312;Картридж HP 138 Photo AT;;
"ООО ""ОДИССЕЙ""";0313at;AT-C4844;0313;Картридж для HP C4844 № 10 Black AQUAMARINE (Совместимый);;
"ООО ""ОДИССЕЙ""";0314at;AT-C4836;0314;Картридж для HP C4836 №11 BIJ 1000/1100/1200/2200/2300/2600 28 ml Cyan AQUAMARINE (Совместимый);;
"ООО ""ОДИССЕЙ""";0315at;AT-C4837;0315;$$$_СРОЧНО Картридж для HP C4837 №11 BIJ 1000/1100/1200/2200/2300/2600 28 ml Magenta AQUAMARINE (Совместимый);;
"ООО ""ОДИССЕЙ""";0316at;AT-C4838;0316;$$$_СРОЧНО Картридж для HP C4838 №11 BIJ 1000/1100/1200/2200/2300/2600 28 ml Yellow AQUAMARINE (Совместимый);;
"ООО ""ОДИССЕЙ""";0317at;AT-C4911;0317;Картридж для HP C4911 № 82 Cyan AQUAMARINE (Совместимый);;
"ООО ""ОДИССЕЙ""";0317od;OD-C4911;0317;Картридж OD-C4911;;
"ООО ""ОДИССЕЙ""";0318at;AT-C4912;0318;Картридж для HP C4912 № 82 Magenta AQUAMARINE (Совместимый);;
"ООО ""ОДИССЕЙ""";0319at;AT-C4913;0319;Картридж для HP C4913 № 82 Yellow AQUAMARINE (Совместимый);;
"ООО ""ОДИССЕЙ""";0319od;OD-C4913;0319;Картридж OD-C4913;;
"ООО ""ОДИССЕЙ""";0321at;AT-C4906Bk;0321;Картридж для HP C4906AN № 940XL Black AQUAMARINE (Совместимый);;
"ООО ""ОДИССЕЙ""";0322at;AT-C4907C;0322;Картридж для HP C4907AN № 940XL Cyan  AQUAMARINE (Совместимый);;
"ООО ""ОДИССЕЙ""";0323at;AT-C4908M;0323;Картридж для HP C4908AN № 940XL Magenta AQUAMARINE (Совместимый);;
"ООО ""ОДИССЕЙ""";0324at;AT-C4909Y;0324;Картридж для HP C4909AN № 940XL Yellow AQUAMARINE (Совместимый);;
"ООО ""ОДИССЕЙ""";0325at;AT-CD975XL Bk;0325;Картридж для HP CD975AN № 920XL Black 1200 стр. AQUAMARINE (Совместимый);;
"ООО ""ОДИССЕЙ""";0326at;AT-CD972C;0326;Картридж для HP CD972AN № 920XL Cyan AQUAMARINE (Совместимый);;
"ООО ""ОДИССЕЙ""";0327at;AT-CD973M;0327;Картридж для HP CD973AN № 920XL Magenta AQUAMARINE (Совместимый);;
"ООО ""ОДИССЕЙ""";0328at;AT-CN684HEBk;0328;Картридж для HP CN684HE № 178XL Black AQUAMARINE (Совместимый);;
"ООО ""ОДИССЕЙ""";0329at;AT-CB322HE;0329;Картридж для HP CB322HE № 178XL Photo Black AQUAMARINE (Совместимый);;
"ООО ""ОДИССЕЙ""";0330at;AT-CB323HE;0330;СРОЧНО Картридж для HP CB323HE № 178XL Cyan AQUAMARINE (Совместимый);;
"ООО ""ОДИССЕЙ""";0331at;AT-CB324HE;0331;Картридж для HP CB324HE № 178XL Magenta AQUAMARINE (Совместимый);;
"ООО ""ОДИССЕЙ""";0332at;AT-CB325HE;0332;Картридж для HP CB325HE № 178XL Yellow AQUAMARINE (Совместимый);;
"ООО ""ОДИССЕЙ""";0380at;AT-CD974Y;0380;Картридж для HP CD974AN № 920XL Yellow AQUAMARINE (Совместимый);;
"ООО ""ОДИССЕЙ""";0424at;ATR-C6625C;0424;Картридж ATR-C6625C;;
"ООО ""ОДИССЕЙ""";0426at;ATR-C1823D;0426;Картридж для HP C1823D DJ 712c/720c/722c/810/812c/815c/830C/832C Color AQUAMARINE (Совместимый);;
"ООО ""ОДИССЕЙ""";0430at;AT-C6615D;0430;Картридж AT-C6615D;;
"ООО ""ОДИССЕЙ""";0431at;AT-C4841A;0431;Картридж для HP C4841A №10  BIJ 2000/2500/DJ ColorPro CAD/GA 28 ml  Cyan AQUAMARINE (Совместимый);;
"ООО ""ОДИССЕЙ""";0432at;AT-C4843A;0432;Картридж для HP C4843A №10 BIJ 2000/2500/DJ ColorPro CAD/GA 28 ml  Magenta AQUAMARINE (Совместимый);;
"ООО ""ОДИССЕЙ""";0433at;AT-C4842A;0433;Картридж для HP C4842A №10 BIJ 2000/2500/DJ ColorPro CAD/GA 28 ml  Yellow AQUAMARINE (Совместимый);;
"ООО ""ОДИССЕЙ""";0434at;ATR-CC654Bk;0434;Картридж HP 901XL BK AT;;
"ООО ""ОДИССЕЙ""";0434at;AT-CC654Bk;0434;Картридж для HP CC654AN № 901XL Black AQUAMARINE (Совместимый.Тайвань);;
"ООО ""ОДИССЕЙ""";0497at;AT-T0551Bk;0497;Картридж для Epson T0551 Stylus Photo RX420/RX425/RX520/R240 Black 13.5 m AQUAMARINE (Совместимый);;
"ООО ""ОДИССЕЙ""";0498at;AT-T0552C;0498;Картридж для Epson T0552 Stylus Photo RX420/RX425/RX520/R240 Cyan 13.5 ml  AQUAMARINE (Совместимый);;
"ООО ""ОДИССЕЙ""";0498od;OD-T0552C;0498;Картридж OD-T0552C;;
"ООО ""ОДИССЕЙ""";0499at;AT-T0553M;0499;Картридж для Epson T0553 Stylus Photo RX420/RX425/RX520/R240 Magenta 13.5 ml AQUAMARINE (Совместимый;;
"ООО ""ОДИССЕЙ""";0499od;OD-T0553M;0499;Картридж OD-T0553M;;
"ООО ""ОДИССЕЙ""";0500at;AT-T0554Y;0500;Картридж для Epson T0554 Stylus Photo RX420/RX425/RX520/R240 Yellow 13.5 ml  AQUAMARINE (Совместимый;;
"ООО ""ОДИССЕЙ""";0591at;AT-LC1000Bk;0591;Картридж для Brother LC10/LC37/LC51/LC57/LC960/LC970/LC1000BK Black 30ml AQUAMARINE (Совместимый);;
"ООО ""ОДИССЕЙ""";0592at;AT-LC1000C;0592;Картридж для Brother LC10/LC37/LC51/LC57/LC960/LC970/LC1000C Cyan 22 ml AQUAMARINE (Совместимый);;
"ООО ""ОДИССЕЙ""";0593at;AT-LC1000M;0593;Картридж для Brother LC10/LC37/LC51/LC57/LC960/LC970/LC1000M Magenta 22 ml AQUAMARINE (Совместимый);;
"ООО ""ОДИССЕЙ""";0594at;AT-LC1000Y;0594;Картридж для Brother LC10/LC37/LC51/LC57/LC960/LC970/LC1000Y Yellow 22 ml AQUAMARINE (Совместимый);;
"ООО ""ОДИССЕЙ""";0595at;AT-LC1100Bk;0595;Картридж для Brother LC11/LC16/LC38/LC61/LC980/LC1100K (HighCap) Black 28ml AQUAMARINE (Совместимый);;
"ООО ""ОДИССЕЙ""";0596at;AT-LC1100C;0596;Картридж для Brother LC11/LC16/LC38/LC61/LC980/LC1100 (HighCap) Cyan 19ml AQUAMARINE (Совместимый);;
"ООО ""ОДИССЕЙ""";0596od;OD-LC1100C;0596;Картридж LC-980/ LC-1100 C OD;;
"ООО ""ОДИССЕЙ""";0597at;AT-LC1100M;0597;Картридж для Brother LC11/LC16/LC38/LC61/LC980/LC1100(HighCap) Magenta 19ml AQUAMARINE (Совместимый);;
"ООО ""ОДИССЕЙ""";0597od;OD-LC1100M;0597;Картридж LC-980/ LC-1100 M OD;;
"ООО ""ОДИССЕЙ""";0598at;AT-LC1100Y;0598;Картридж для Brother LC11/LC16/LC38/LC61/LC980/LC1100 (HighCap) Yellow 19ml AQUAMARINE (Совместимый);;
"ООО ""ОДИССЕЙ""";0598od;OD-LC1100Y;0598;Картридж LC-980/ LC-1100 Y OD;;
"ООО ""ОДИССЕЙ""";0759at;AT-CLI521GY;0759;Картридж для Canon CLI-521GY IP3600/IP4600/IP4700 Gray AQUAMARINE (Совместимый);;
"ООО ""ОДИССЕЙ""";0759od;OD-CLI521GY;0759;Картридж для Canon CLI-521GY IP3600/IP4600/IP4700 Gray (Совместимый);;
"ООО ""ОДИССЕЙ""";0797at;AT-C8771C;0797;Картридж для HP C8771 № 177 Cyan AQUAMARINE (Совместимый);;
"ООО ""ОДИССЕЙ""";0798at;AT-C8772M;0798;Картридж для HP C8772 № 177 Magenta AQUAMARINE (Совместимый);;
"ООО ""ОДИССЕЙ""";0799at;AT-C8773Y;0799;Картридж для HP C8773 № 177 Yellow AQUAMARINE (Совместимый);;
"ООО ""ОДИССЕЙ""";0800at;AT-C8774LC;0800;Картридж для HP C8774 № 177 Light Cyan AQUAMARINE (Совместимый);;
"ООО ""ОДИССЕЙ""";0800od;OD-C8774LC;0800;Картридж OD-C8774LC;;
"ООО ""ОДИССЕЙ""";0801at;AT-C8775LM;0801;Картридж для HP C8775 № 177 Light Magenta AQUAMARINE (Совместимый);;
"ООО ""ОДИССЕЙ""";0801od;OD-C8775LM;0801;Картридж OD-C8775LM;;
"ООО ""ОДИССЕЙ""";0818at;AT-CLI451XLBk;0818;Картридж для Canon CLI-451XL PIXMA iP7240/MG6340 Black AQUAMARINE (Совместимый);;
"ООО ""ОДИССЕЙ""";0819at;AT-CLI451XLC;0819;Картридж для Canon CLI-451XL PIXMA iP7240/MG6340 Cyan AQUAMARINE (Совместимый);;
"ООО ""ОДИССЕЙ""";0820at;AT-CLI451XLM;0820;Картридж для Canon CLI-451XL PIXMA iP7240/MG6340 Magenta AQUAMARINE (Совместимый);;
"ООО ""ОДИССЕЙ""";0821at;AT-CLI451XLY;0821;Картридж для Canon CLI-451XL PIXMA iP7240/MG6340 Yellow AQUAMARINE (Совместимый);;
"ООО ""ОДИССЕЙ""";0822at;AT-CLI451XLGY;0822;Картридж для Canon CLI-451XL PIXMA iP7240/MG6340 Gray AQUAMARINE (Совместимый);;
"ООО ""ОДИССЕЙ""";0823at;AT-PGI450XLBk;0823;Картридж для Canon PGI-450XL PGBk PIXMA iP7240/MG5440/MG6340 Black Pigment AQUAMARINE (Совместимый);;
"ООО ""ОДИССЕЙ""";0838at;AT-T1711Bk;0838;Картридж для Epson T1711 XP-33/103/203/207/303/306/406 Black AQUAMARINE (Совместимый);;
"ООО ""ОДИССЕЙ""";0842at;AT-T7011/21Bk XXL;0842;Картридж для Epson T7011/T7021 XXL WP-4015/4095/4515/4525 3.4K Black Pig. AQUAMARINE (Совместимый);;
"ООО ""ОДИССЕЙ""";0843at;AT-T7012/22C XXL;0843;Картридж для Epson T7012/T7022 XXL WP-4015/4095/4515/4525 3.4K Cyan Pig. AQUAMARINE (Совместимый);;
"ООО ""ОДИССЕЙ""";0844at;AT-T7013/23M XXL;0844;Картридж для Epson T7013/T7023 XXL WP-4015/4095/4515/4525 3.4K Magenta Pig. AQUAMARINE (Совместимый);;
"ООО ""ОДИССЕЙ""";0845at;AT-T7014/24Y XXL;0845;Картридж для Epson T7014/T7024 XXL WP-4015/4095/4515/4525 3.4K Yellow Pig. AQUAMARINE (Совместимый);;
"ООО ""ОДИССЕЙ""";0847at;ATR-CC656C;0847;Картридж ATR-CC656C;;
"ООО ""ОДИССЕЙ""";0847at;AT-CC656C;0847;Картридж для HP CC656AN № 901 Color AQUAMARINE (Совместимый);;
"ООО ""ОДИССЕЙ""";0894at;AT-CZ109AE;0894;Картридж для HP CZ109AE № 655 Deskjet IA 3525/5525/4615/4625 22ml Black AQUAMARINE (Совместимый);;
"ООО ""ОДИССЕЙ""";0895at;AT-CZ110AE;0895;Картридж для HP CZ110AE № 655 Deskjet IA 3525/5525/4615/4625 14,5ml Cyan AQUAMARINE (Совместимый);;
"ООО ""ОДИССЕЙ""";0896at;AT-CZ111AE;0896;Картридж для HP CZ111AE № 655 Deskjet IA 3525/5525/4615/4625 14,5ml Magenta AQUAMARINE (Совместимый);;
"ООО ""ОДИССЕЙ""";0897at;AT-CZ112AE;0897;Картридж для HP CZ112AE № 655 Deskjet IA 3525/5525/4615/4625 14,5ml Yellow AQUAMARINE (Совместимый);;
"ООО ""ОДИССЕЙ""";0901at;AT-LC1240/1280Bk;0901;Картридж для Brother LC12/17/73/77/75/79/400/450/1240/1280 Black 28.5ml AQUAMARINE (Совместимый);;
"ООО ""ОДИССЕЙ""";0902at;AT-LC1240/1280C;0902;Картридж для Brother LC12/17/73/77/75/79/400/450/1240/1280 Cyan 18.5ml AQUAMARINE (Совместимый);;
"ООО ""ОДИССЕЙ""";0903at;AT-LC1240/1280M;0903;Картридж для Brother LC12/17/73/77/75/79/400/450/1240/1280 Magenta 18.5ml AQUAMARINE (Совместимый);;
"ООО ""ОДИССЕЙ""";0904at;AT-LC1240/1280Y;0904;Картридж для Brother LC12/17/73/77/75/79/400/450/1240/1280 Yellow 18.5ml AQUAMARINE (Совместимый);;
"ООО ""ОДИССЕЙ""";0906at;AT-T0540;0906;Картридж для Epson T0540 StylusPhoto R800/R1800 Gloss 0.4K AQUAMARINE (Совместимый);;
"ООО ""ОДИССЕЙ""";0907at;AT-T0541;0907;Картридж для Epson T0541 StylusPhoto R800/R1800 Black 0.4K AQUAMARINE (Совместимый);;
"ООО ""ОДИССЕЙ""";0920od;OD-T1294Y;0920;Картридж T1294 Yellow OD;;
"ООО ""ОДИССЕЙ""";0922od;OD-T1301Bk;0922;Картридж T1301 Black OD;;
"ООО ""ОДИССЕЙ""";0923od;OD-T1302C;0923;Картридж T1302 Cyan OD;;
"ООО ""ОДИССЕЙ""";0924od;OD-T1303M;0924;Картридж T1303 Magenta OD;;
"ООО ""ОДИССЕЙ""";0925od;OD-T1304Y;0925;Картридж T1304 Yellow OD;;
"ООО ""ОДИССЕЙ""";0928od;OD-T2631PBk;0928;Картридж OD-T2631PBk;;
"ООО ""ОДИССЕЙ""";0937at;AT-T5595;0937;Картридж для Epson T5595 StylusPhoto RX700 Light Cyan 0.4K AQUAMARINE (Совместимый);;
"ООО ""ОДИССЕЙ""";0938at;AT-T5596;0938;Картридж для Epson T5596 StylusPhoto RX700 Light Magenta 0.4K AQUAMARINE (Совместимый);;
"ООО ""ОДИССЕЙ""";0940at;AT-T0542;0940;Картридж для Epson T0542 StylusPhoto R800/R1800 Cyan 0.4K AQUAMARINE (Совместимый);;
"ООО ""ОДИССЕЙ""";0941at;AT-T0543;0941;Картридж для Epson T0543 StylusPhoto R800/R1800 Magenta 0.4K AQUAMARINE (Совместимый);;
"ООО ""ОДИССЕЙ""";0942at;AT-T0544;0942;Картридж для Epson T0544 StylusPhoto R800/R1800 Yellow 0.4K AQUAMARINE (Совместимый);;
"ООО ""ОДИССЕЙ""";0943at;AT-T0547;0943;Картридж для Epson T0547 StylusPhoto R800/R1800 Red 0.4K AQUAMARINE (Совместимый);;
"ООО ""ОДИССЕЙ""";0944at;AT-T0548;0944;Картридж для Epson T0548 StylusPhoto R800/R1800 Matte Black 0.4K AQUAMARINE (Совместимый);;
"ООО ""ОДИССЕЙ""";0945at;AT-T0549;0945;Картридж для Epson T0549 StylusPhoto R800/R1800 Blue 0.4K AQUAMARINE (Совместимый);;
"ООО ""ОДИССЕЙ""";0948at;AT-CN045AE;0948;Картридж для HP CN045AE 950XL OfficejetPro 251/276/8100/8615 Black AQUAMARINE (Совместимый);;
"ООО ""ОДИССЕЙ""";0949at;AT-CN046AE;0949;Картридж для HP CN046AE 951XL OfficejetPro 251/276/8100/8615 Cyan AQUAMARINE (Совместимый);;
"ООО ""ОДИССЕЙ""";0950at;AT-CN047AE;0950;Картридж для HP CN047AE 951XL OfficejetPro 251/276/8100/8615 Magenta AQUAMARINE (Совместимый);;
"ООО ""ОДИССЕЙ""";0951at;AT-CN048AE;0951;Картридж для HP CN048AE 951XL OfficejetPro 251/276/8100/8615 Yellow AQUAMARINE (Совместимый);;
"ООО ""ОДИССЕЙ""";0953at;AT-CN053AE;0953;Картридж для HP CN053AE 932XL Officejet 6100/6600/6700 40ml Black AQUAMARINE (Совместимый);;
"ООО ""ОДИССЕЙ""";0954at;AT-CN054AE;0954;Картридж для HP CN054AE 933XL Officejet 6100/6600/6700 18ml Cyan AQUAMARINE (Совместимый);;
"ООО ""ОДИССЕЙ""";0955at;AT-CN055AE;0955;Картридж для HP CN055AE 933XL Officejet 6100/6600/6700 18ml Magenta AQUAMARINE (Совместимый);;
"ООО ""ОДИССЕЙ""";0956at;AT-CN056AE;0956;Картридж для HP CN056AE 933XL Officejet 6100/6600/6700 18ml Yellow AQUAMARINE (Совместимый);;
"ООО ""ОДИССЕЙ""";0958at;AT-CZ133A;0958;Картридж для HP CZ133A № 711XL DesignJet T120/520 Black AQUAMARINE (Совмест;;
"ООО ""ОДИССЕЙ""";0959at;AT-CZ130A;0959;Картридж для HP CZ130A № 711 DesignJet T120/520 Cyan AQUAMARINE (Совместимый);;
"ООО ""ОДИССЕЙ""";0959od;OD-CZ130A;0959;Картридж OD-CZ130A;;
"ООО ""ОДИССЕЙ""";0960at;AT-CZ131A;0960;Картридж для HP CZ131A № 711 DesignJet T120/520 Magenta AQUAMARINE (Совместимый);;
"ООО ""ОДИССЕЙ""";0960od;OD-CZ131A;0960;Картридж OD-CZ131A;;
"ООО ""ОДИССЕЙ""";0961at;AT-CZ132A;0961;Картридж для HP CZ132A № 711 DesignJet T120/520 Yellow AQUAMARINE (Совместимый);;
"ООО ""ОДИССЕЙ""";0961od;OD-CZ132A;0961;Картридж OD-CZ132A;;
"ООО ""ОДИССЕЙ""";0963at;AT-C9370PBk;0963;Картридж для HP C9370А DJ T1100/1120/1200/1300/610/620/770/790 Photo Black AQUAMARINE (Совместимый);;
"ООО ""ОДИССЕЙ""";0964at;AT-C9371C;0964;Картридж для HP C9371А DJ T1100/1120/1200/1300/610/620/770/790 Cyan AQUAMARINE (Совместимый);;
"ООО ""ОДИССЕЙ""";0965at;AT-C9372M;0965;Картридж для HP C9372А DJ T1100/1120/1200/1300/610/620/770/790 Magenta AQUAMARINE (Совместимый);;
"ООО ""ОДИССЕЙ""";0966at;AT-C9373Y;0966;Картридж для HP C9373А DJ T1100/1120/1200/1300/610/620/770/790 Yellow AQUAMARINE (Совместимый);;
"ООО ""ОДИССЕЙ""";0967at;AT-C9374GY;0967;Картридж для HP C9374А DJ T1100/1120/1200/1300/610/620/770/790 Gray AQUAMARINE (Совместимый);;
"ООО ""ОДИССЕЙ""";0968at;AT-C9403MBk;0968;Картридж для HP C9403А DJ T1100/1120/1200/1300/610/620/770/790 Matte Black AQUAMARINE (Совместимый);;
"ООО ""ОДИССЕЙ""";0975at;AT-CN625AE Bk;0975;Картридж для HP CN625AE 970XL Officejet Pro-X451/476/551/576 9.2K Black AQUAMARINE (Совместимый);;
"ООО ""ОДИССЕЙ""";0975od;OD-CN625AE;0975;Картридж HP 970XL Bk AQ;;
"ООО ""ОДИССЕЙ""";0976at;AT-CN626AE C;0976;Картридж для HP CN626AE 971XL Officejet Pro-X451/476/551/576 6.6K Cyan AQUAMARINE (Совместимый);;
"ООО ""ОДИССЕЙ""";0977at;AT-CN627AE M;0977;Картридж для HP CN627AE 971XL Officejet Pro-X451/476/551/576 6.6K Magenta AQUAMARINE (Совместимый);;
"ООО ""ОДИССЕЙ""";0978at;AT-CN628AE Y;0978;Картридж для HP CN628AE 971XL Officejet Pro-X451/476/551/576 6.6K Yellow AQUAMARINE (Совместимый);;
"ООО ""ОДИССЕЙ""";1218at;AT-LC529XLBk;1218;Картридж для Brother LC529XLBk DCP J100/J105/J200 Black AQUAMARINE (Совместимый);;
"ООО ""ОДИССЕЙ""";1219at;AT-LC525XLC;1219;Картридж для Brother LC525XLC DCP J100/J105/J200 Cyan AQUAMARINE (Совместимый);;
"ООО ""ОДИССЕЙ""";1220at;AT-LC525XLM;1220;Картридж для Brother LC525XLM DCP J100/J105/J200 Magenta AQUAMARINE (Совместимый);;
"ООО ""ОДИССЕЙ""";1221at;AT-LC525XLY;1221;Картридж для Brother LC525XLY DCP J100/J105/J200 Yellow AQUAMARINE (Совместимый);;
"ООО ""ОДИССЕЙ""";1228at;AT-LC565XLC;1228;Картридж для Brother LC565XLC MFC J2310/2510/3520/3720 Cyan AQUAMARINE (Совместимый);;
"ООО ""ОДИССЕЙ""";1229at;AT-LC565XLM;1229;Картридж для Brother LC565XLM MFC J2310/2510/3520/3720 Magenta AQUAMARINE (Совместимый);;
"ООО ""ОДИССЕЙ""";1230at;AT-LC565XLY;1230;Картридж для Brother LC565XLY MFC J2310/2510/3520/3720 Yellow AQUAMARINE (Совместимый);;
"ООО ""ОДИССЕЙ""";1231at;AT-LC567XLBk;1231;Картридж для Brother LC567XLBk MFC J2310/2510 Black AQUAMARINE (Совместимый);;
"ООО ""ОДИССЕЙ""";1232at;AT-LC569XLBk;1232;Картридж для Brother LC569XLBk MFC J3520/J3720 Black AQUAMARINE (Совместимый);;
"ООО ""ОДИССЕЙ""";1238at;AT-PFI102BK;1238;$$$_СРОЧНО Картридж для Canon PFI-102BK imagePROGRAF-LP17/iPF500/iPF600/iPF700 Black AQUAMARINE (Совместимый);;
"ООО ""ОДИССЕЙ""";1239at;AT-PFI102C;1239;Картридж для Canon PFI-102C imagePROGRAF-LP17/iPF500/iPF600/iPF700 Cyan AQUAMARINE (Совместимый);;
"ООО ""ОДИССЕЙ""";1240at;AT-PFI102M;1240;$$$_СРОЧНО Картридж для Canon PFI-102M imagePROGRAF-LP17/iPF500/iPF600/iPF700 Magenta AQUAMARINE (Совместимый);;
"ООО ""ОДИССЕЙ""";1241at;AT-PFI102Y;1241;$$$_СРОЧНО Картридж для Canon PFI-102Y imagePROGRAF-LP17/iPF500/iPF600/iPF700 Yellow AQUAMARINE (Совместимый);;
"ООО ""ОДИССЕЙ""";1242at;AT-PFI102MBK;1242;Картридж для Canon PFI-102MBK imagePROGRAF-LP17/iPF500/iPF600 Matte Black AQUAMARINE (Совместимый);;
"ООО ""ОДИССЕЙ""";1253at;AT-PGI425BK;1253;Картридж для Canon PGI-425BK MG5240/MG5140/IP4840 Black AQUAMARINE (Совместимый);;
"ООО ""ОДИССЕЙ""";1262at;AT-T0791Bk;1262;Картридж для Epson T0791 Stylus Photo 1400/PX650/660/700W/800FW Black AQUAMARINE (Совместимый);;
"ООО ""ОДИССЕЙ""";1263at;AT-T0792C;1263;Картридж для Epson T0792 Stylus Photo 1400/PX650/660/700W/800FW Cyan AQUAMARINE (Совместимый);;
"ООО ""ОДИССЕЙ""";1264at;AT-T0793M;1264;Картридж для Epson T0793 Stylus Photo 1400/PX650/660/700W/800FW Magenta AQUAMARINE (Совместимый);;
"ООО ""ОДИССЕЙ""";1445at;AT-CLI36;1445;Картридж для Canon CLI-36 PIXMA-iP100/iP110 Color AQUAMARINE (Совместимый);;
"ООО ""ОДИССЕЙ""";1446at;AT-CLI471XLBk;1446;Картридж для Canon CLI-471XL PIXMA MG5740/6840/7740 Black AQUAMARINE (Совместимый);;
"ООО ""ОДИССЕЙ""";1447at;AT-CLI471XLC;1447;Картридж для Canon CLI-471XL PIXMA MG5740/6840/7740 Cyan AQUAMARINE (Совместимый);;
"ООО ""ОДИССЕЙ""";1448at;AT-CLI471XLGY;1448;Картридж для Canon CLI-471XL PIXMA MG5740/6840/7740 Gray AQUAMARINE (Совместимый);;
"ООО ""ОДИССЕЙ""";1449at;AT-CLI471XLM;1449;Картридж для Canon CLI-471XL PIXMA MG5740/6840/7740 Magenta AQUAMARINE (Совместимый);;
"ООО ""ОДИССЕЙ""";1450at;AT-CLI471XLY;1450;Картридж для Canon CLI-471XL PIXMA MG5740/6840/7740 Yellow AQUAMARINE (Совместимый);;
"ООО ""ОДИССЕЙ""";1457at;AT-PGI35;1457;Картридж для Canon PGI-35Bk PIXMA iP100/iP110 Black AQUAMARINE (Совместимый);;
"ООО ""ОДИССЕЙ""";1458at;AT-PGI470XLBk;1458;Картридж для Canon PGI-470XL PIXMA TS5040/6040/8040/9040/MG574023,5ml Black AQUAMARINE (Совместимый);;
"ООО ""ОДИССЕЙ""";1460od;OD-T1361Bk;1460;Картридж T1361BK AQ;;
"ООО ""ОДИССЕЙ""";1479at;AT-CLI526BK;1479;Картридж для Canon CLI526BK Pixma MX715/iP4850/MG5140 Black 0.5K AQUAMARINE (Совместимый);;
"ООО ""ОДИССЕЙ""";1480at;AT-CLI526M;1480;Картридж для Canon CLI526M Pixma MX715/iP4850/MG5140 Magenta 0.5K AQUAMARINE (Совместимый);;
"ООО ""ОДИССЕЙ""";1481at;AT-CLI526Y;1481;Картридж для Canon CLI526Y Pixma MX715/iP4850/MG5140 Yellow 0.5K AQUAMARINE (Совместимый);;
"ООО ""ОДИССЕЙ""";1482at;AT-CLI526C;1482;Картридж для Canon CLI526C Pixma MX715/iP4850/MG5140 Cyan 0.5K AQUAMARINE (Совместимый);;
"ООО ""ОДИССЕЙ""";1483at;AT-PGI1400XL Bk;1483;Картридж для Canon PGI-1400XL MAXIFY-MB2040/MB2140/MB2340/MB2740 Black AQUAMARINE (Совместимый);;
"ООО ""ОДИССЕЙ""";1484at;AT-PGI1400XL C;1484;Картридж для Canon PGI-1400XL MAXIFY-MB2040/MB2140/MB2340/MB2740 Cyan AQUAMARINE (Совместимый);;
"ООО ""ОДИССЕЙ""";1485at;AT-PGI1400XL M;1485;Картридж для Canon PGI-1400XL MAXIFY-MB2040/MB2140/MB2340/MB2740 Magenta AQUAMARINE (Совместимый);;
"ООО ""ОДИССЕЙ""";1486at;AT-PGI1400XL Y;1486;Картридж для Canon PGI-1400XL MAXIFY-MB2040/MB2140/MB2340/MB2740 Yellow AQUAMARINE (Совместимый);;
"ООО ""ОДИССЕЙ""";1487at;AT-PGI2400XL Bk;1487;Картридж для Canon PGI-2400XL MAXIFY-iB4040/MB5040/MB5140/MB5440 Black AQUAMARINE (Совместимый);;
"ООО ""ОДИССЕЙ""";1488at;AT-PGI2400XL C;1488;Картридж для Canon PGI-2400XL MAXIFY-iB4040/MB5040/MB5140/MB5440 Cyan AQUAMARINE (Совместимый);;
"ООО ""ОДИССЕЙ""";1489at;AT-PGI2400XL M;1489;Картридж для Canon PGI-2400XL MAXIFY-iB4040/MB5040/MB5140/MB5440 Magenta AQUAMARINE (Совместимый);;
"ООО ""ОДИССЕЙ""";1490at;AT-PGI2400XL Y;1490;Картридж для Canon PGI-2400XL MAXIFY-iB4040/MB5040/MB5140/MB5440 Yellow AQUAMARINE (Совместимый);;
"ООО ""ОДИССЕЙ""";1503at;AT-PGI525BK;1503;Картридж для Canon PGI525Bk Pixma MX715/iP4850/MG5140 Black 0.33K AQUAMARINE (Совместимый);;
"ООО ""ОДИССЕЙ""";1504at;AT-PGI7BK;1504;Картридж для Canon PGI-PGI7BK PIXMA-iX7000/MX7600 Black AQUAMARINE (Совместимый);;
"ООО ""ОДИССЕЙ""";1505at;AT-PGI9C;1505;Картридж для Canon PGI-PGI9C PIXMA-iX7000/MX7600/Pro9500 Cyan AQUAMARINE (Совместимый);;
"ООО ""ОДИССЕЙ""";1506at;AT-PGI9G;1506;Картридж для Canon PGI-PGI9G PIXMA-Pro9500 Green AQUAMARINE (Совместимый);;
"ООО ""ОДИССЕЙ""";1507at;AT-PGI9GY;1507;Картридж для Canon PGI-PGI9GY PIXMA-Pro9500 Gray AQUAMARINE (Совместимый);;
"ООО ""ОДИССЕЙ""";1508at;AT-PGI9M;1508;Картридж для Canon PGI-PGI9M PIXMA-iX7000/MX7600/Pro9500 Magenta AQUAMARINE (Совместимый);;
"ООО ""ОДИССЕЙ""";1509at;AT-PGI9MBK;1509;Картридж для Canon PGI-PGI9MBK PIXMA-Pro9500 Matte Black AQUAMARINE (Совместимый);;
"ООО ""ОДИССЕЙ""";1510at;AT-PGI9PBK;1510;Картридж для Canon PGI-PGI9PBK PIXMA-iX7000/Pro9500 Photo Black AQUAMARINE (Совместимый);;
"ООО ""ОДИССЕЙ""";1511at;AT-PGI9PС;1511;Картридж для Canon PGI-PGI9PС PIXMA-Pro9500 Photo Cyan AQUAMARINE (Совместимый);;
"ООО ""ОДИССЕЙ""";1512at;AT-PGI9PM;1512;Картридж для Canon PGI-PGI9PM PIXMA-Pro9500 Photo Magenta AQUAMARINE (Совместимый);;
"ООО ""ОДИССЕЙ""";1513at;AT-PGI9R;1513;Картридж для Canon PGI-PGI9R PIXMA-Pro9500 Red AQUAMARINE (Совместимый);;
"ООО ""ОДИССЕЙ""";1514at;AT-PGI9Y;1514;Картридж для Canon PGI-PGI9Y PIXMA-iX7000/MX7600/Pro9500 Yellow AQUAMARINE (Совместимый);;
"ООО ""ОДИССЕЙ""";1550at;AT-C2P23AE BK 934XL;1550;Картридж для HP C2P23AE 934XL  OfficeJet Pro-6230/6830 Black AQUAMARINE (Совместимый);;
"ООО ""ОДИССЕЙ""";1551at;AT-C2P24AE C 935XL;1551;Картридж для HP C2P24AE 935XL  OfficeJet Pro-6230/6830 Cyan AQUAMARINE (Совместимый);;
"ООО ""ОДИССЕЙ""";1552at;AT-C2P25AE M 935XL;1552;Картридж для HP C2P25AE 935XL  OfficeJet Pro-6230/6830 Magenta AQUAMARINE (Совместимый);;
"ООО ""ОДИССЕЙ""";1553at;AT-C2P26AE Y 935XL;1553;Картридж для HP C2P26AE 935XL  OfficeJet Pro-6230/6830 Yellow AQUAMARINE (Совместимый);;
"ООО ""ОДИССЕЙ""";1558at;ATR-C5016;1558;$$_СРОЧНО Картридж для HP C5016 №84 DJ 30/130 Black AQUAMARINE (Совместимый);;
"ООО ""ОДИССЕЙ""";1559at;ATR-C9425;1559;Картридж для HP C9425 №85 DJ 30/130 Cyan AQUAMARINE (Совместимый);;
"ООО ""ОДИССЕЙ""";1560at;ATR-C9426;1560;Картридж для HP C9426 №85 DJ 30/130 Magenta AQUAMARINE (Совместимый);;
"ООО ""ОДИССЕЙ""";1561at;ATR-C9427;1561;Картридж для HP C9427 №85 DJ 30/130 Yellow AQUAMARINE (Совместимый);;
"ООО ""ОДИССЕЙ""";1562at;ATR-C9428;1562;Картридж для HP C9428 №85 DJ 30/130 Light Cyan AQUAMARINE (Совместимый);;
"ООО ""ОДИССЕЙ""";1563at;ATR-C9429;1563;Картридж для HP C9429 №85 DJ 30/130 Light Magenta AQUAMARINE (Совместимый);;
"ООО ""ОДИССЕЙ""";1873at;AT-PFI107BK;1873;Картридж для Canon PFI-107BK imagePROGRAF-iPF670/iPF680/iPF770 Black AQUAMARINE (Совместимый);;
"ООО ""ОДИССЕЙ""";1874at;AT-PFI107C;1874;Картридж для Canon PFI-107C imagePROGRAF-iPF670/iPF680/iPF770 Cyan AQUAMARINE (Совместимый);;
"ООО ""ОДИССЕЙ""";1875at;AT-PFI107M;1875;Картридж для Canon PFI-107M imagePROGRAF-iPF670/iPF680/iPF770 Magenta AQUAMARINE (Совместимый);;
"ООО ""ОДИССЕЙ""";1876at;AT-PFI107MBK;1876;Картридж для Canon PFI-107MBK imagePROGRAF-iPF670/iPF680/iPF770 Matte Black AQUAMARINE (Совместимый);;
"ООО ""ОДИССЕЙ""";1877at;AT-PFI107Y;1877;Картридж для Canon PFI-107Y imagePROGRAF-iPF670/iPF680/iPF770 Yellow AQUAMARINE (Совместимый);;
"ООО ""ОДИССЕЙ""";2183at;AT-L0S70AE;2183;Картридж для HP L0S70AE 953XL Black AQUAMARINE (Совместимый);;
"ООО ""ОДИССЕЙ""";2183at;AT-L0S70AE ОгрПрим;2183;* ПРОШИВКА* Картридж для HP L0S70AE 953XL Black, Огр.Прим. AQUAMARINE (Совместимый);;
"ООО ""ОДИССЕЙ""";2184at;AT-F6U16AE ОгрПрим;2184;* ПРОШИВКА* Картридж для HP F6U16AE 953XL Cyan. Огр.Прим. AQUAMARINE (Совместимый);;
"ООО ""ОДИССЕЙ""";2184at;AT-F6U16AE New Chip;2184;* ПРОШИВКА* Картридж №953XL (F6U16AE) C для HP OfficeJet Pro 7720/ 7730/ 7740/ 8210/ 8218/ 8710/ 8715/ 8720/ 8725/ 8728/ 8730/ 8740 (1600k);;
"ООО ""ОДИССЕЙ""";2184at;AT-F6U16AE;2184;Картридж для HP F6U16AE 953XL Cyan AQUAMARINE (Совместимый);;
"ООО ""ОДИССЕЙ""";2185at;AT-F6U17AE ОгрПрим;2185;* ПРОШИВКА* Картридж для HP F6U17AE 953XL Magenta. Огр.Прим. AQUAMARINE (Совместимый);;
"ООО ""ОДИССЕЙ""";2185at;AT-F6U17AE;2185;Картридж для HP F6U17AE 953XL Magenta AQUAMARINE (Совместимый);;
"ООО ""ОДИССЕЙ""";2185at;AT-F6U17AE New Chip;2185;* ПРОШИВКА* Картридж №953XL (F6U17AE) M для HP OfficeJet Pro 7720/ 7730/ 7740/ 8210/ 8218/ 8710/ 8715/ 8720/ 8725/ 8728/ 8730/ 8740 (1600k);;
"ООО ""ОДИССЕЙ""";2186at;AT-F6U18AE New Chip;2186;* ПРОШИВКА* Картридж №953XL (F6U18AE) Y для HP OfficeJet Pro 7720/ 7730/ 7740/ 8210/ 8218/ 8710/ 8715/ 8720/ 8725/ 8728/ 8730/ 8740 (1600k);;
"ООО ""ОДИССЕЙ""";2186at;AT-F6U18AE ОгрПрим;2186;* ПРОШИВКА* Картридж для HP F6U18AE 953XL Yellow. Огр.Прим. AQUAMARINE (Совместимый);;
"ООО ""ОДИССЕЙ""";2186at;AT-F6U18AE;2186;Картридж для HP F6U18AE 953XL Yellow AQUAMARINE (Совместимый);;
"ООО ""ОДИССЕЙ""";2188at;AT-L0S07AE BK;2188;Картридж для HP L0S07AE 973X Black 10K AQUAMARINE (Совместимый);;
"ООО ""ОДИССЕЙ""";2189at;AT-F6T81AE C;2189;Картридж для HP F6T81AE 973X Cyan 7K AQUAMARINE (Совместимый);;
"ООО ""ОДИССЕЙ""";2190at;AT-F6T82AE M;2190;Картридж для HP F6T82AE 973X Magenta 7K AQUAMARINE (Совместимый);;
"ООО ""ОДИССЕЙ""";2191at;AT-F6T83AE Y;2191;Картридж для HP F6T83AE 973X Yellow 7K AQUAMARINE (Совместимый);;
"ООО ""ОДИССЕЙ""";2312at;AT-CZ101AE;2312;Картридж для HP CZ101AE № 650 Deskjet 1015/2515/3515/4515 Black AQUAMARINE (Совместимый.Тайвань);;
"ООО ""ОДИССЕЙ""";2313at;AT-CZ102AE;2313;Картридж для HP CZ102AE № 650 Deskjet 1015/2515/3515/4515 Color AQUAMARINE (Совместимый.Тайвань);;
"ООО ""ОДИССЕЙ""";2395at;ATR-PG440XL;2395;Картридж PG-440XL AT;;
"ООО ""ОДИССЕЙ""";2705at;AT-F6V19AE;2705;Картридж для HP F6V19AE №123XL  для HP Deskjet 1110/2130/3830 Black AQUAMARINE (СовместимыйТайвань);;
"ООО ""ОДИССЕЙ""";2706at;AT-F6V18AE;2706;Картридж для HP F6V18AE №123XL  для HP Deskjet 1110/2130/3830 Color AQUAMARINE (Совместимый.Тайвань);;
"ООО ""ОДИССЕЙ""";2706at;ATR-F6V18AE;2706;* Восстановленный картридж F6V18AE (№123XL) Col AT;;
"ООО ""ОДИССЕЙ""";2706od;ODR-F6V18AE;2706;* Восстановленный картридж F6V18AE (№123XL) Col OD;;
"ООО ""ОДИССЕЙ""";3047at;AT-CLI481XXLBk;3047;Картридж для Canon CLI-481XXL PIXMA TS6140/7540/8240 Black AQUAMARINE (Совместимый);;
"ООО ""ОДИССЕЙ""";3048at;AT-CLI481XXLC;3048;Картридж для Canon CLI-481XXL PIXMA TS6140/7540/8240 Cyan AQUAMARINE (Совместимый);;
"ООО ""ОДИССЕЙ""";3049at;AT-CLI481XXLM;3049;Картридж для Canon CLI-481XXL PIXMA TS6140/7540/8240 Magenta AQUAMARINE (Совместимый);;
"ООО ""ОДИССЕЙ""";3050at;AT-CLI481XXPBlue;3050;Картридж для Canon CLI-481XXL PIXMA TS6140/7540/8240 Photo Blue AQUAMARINE (Совместимый);;
"ООО ""ОДИССЕЙ""";3051at;AT-CLI481XXLY;3051;Картридж для Canon CLI-481XXL PIXMA TS6140/7540/8240 Yellow AQUAMARINE (Совместимый);;
"ООО ""ОДИССЕЙ""";3065at;AT-T9451Bk XL;3065;Картридж для Epson T9451 WorkForce Pro M5210/M5710 Black AQUAMARINE (Совместимый);;
"ООО ""ОДИССЕЙ""";3066at;AT-T9452C XL;3066;Картридж для Epson T9452 WorkForce Pro M5210/M5710 Cyan AQUAMARINE (Совместимый);;
"ООО ""ОДИССЕЙ""";3067at;AT-T9453M XL;3067;Картридж для Epson T9453 WorkForce Pro M5210/M5710 Magenta AQUAMARINE (Совместимый);;
"ООО ""ОДИССЕЙ""";3068at;AT-T9454Y XL;3068;Картридж для Epson T9454 WorkForce Pro M5210/M5710 Yellow AQUAMARINE (Совместимый);;
"ООО ""ОДИССЕЙ""";3070at;AT-T9461Bk XXL;3070;Картридж для Epson T9461 WorkForce Pro M5290/M5790 XXL Black AQUAMARINE (Совместимый);;
"ООО ""ОДИССЕЙ""";3083at;AT-T6M15AE BK (903XL);3083;Картридж для HP T6M15AE 903XL OfficeJet 6950/OfficeJetPro-6960/70 Black AQUAMARINE (Совместимый);;
"ООО ""ОДИССЕЙ""";3084at;AT-T6M03AE C (903XL);3084;Картридж для HP T6M03AE 903XL OfficeJet 6950/OfficeJetPro-6960/70 Cyan AQUAMARINE (Совместимый);;
"ООО ""ОДИССЕЙ""";3085at;AT-T6M07AE M (903XL);3085;Картридж для HP T6M07AE 903XL OfficeJet 6950/OfficeJetPro-6960/70 Magenta AQUAMARINE (Совместимый);;
"ООО ""ОДИССЕЙ""";3086at;AT-T6M11AE Y (903XL);3086;Картридж для HP T6M11AE 903XL OfficeJet 6950/OfficeJetPro-6960/70 Yellow AQUAMARINE (Совместимый);;
"ООО ""ОДИССЕЙ""";3086at;;3086;Картридж для HP T6M11AE 903XL OfficeJet 6950/OfficeJetPro-6960/70 Yellow AQUAMARINE (Совместимый);да;
"ООО ""ОДИССЕЙ""";3109at;AT-LC3619XL Bk;3109;Картридж для Brother LC3619XL Bk MFC-J2330/J2730/J3530/J3930 3K Black AQUAMARINE (Совместимый);;
"ООО ""ОДИССЕЙ""";3110at;AT-LC3619XL C;3110;Картридж для Brother LC3619XL C MFC-J2330/J2730/J3530/J3930 1.5K Cyan AQUAMARINE (Совместимый);;
"ООО ""ОДИССЕЙ""";3111at;AT-LC3619XL M;3111;Картридж для Brother LC3619XL M MFC-J2330/J2730/J3530/J3930 1.5K Magenta AQUAMARINE (Совместимый);;
"ООО ""ОДИССЕЙ""";3112at;AT-LC3619XL Y;3112;Картридж для Brother LC3619XL Y MFC-J2330/J2730/J3530/J3930 1.5K Yellow AQUAMARINE (Совместимый);;
"ООО ""ОДИССЕЙ""";3183at;AT-T6731A/T6641A;3183;Картридж для Epson T6731A/T6641A L100/L200/L800/L1800/L3070 Black 100 ml AQUAMARINE (Совместимый);;
"ООО ""ОДИССЕЙ""";3184at;AT-T6732A/T6642A;3184;СРОЧНО Картридж для Epson T6732A/T6642A L100/L200/L800/L1800/L3070 Cyan 100 ml AQUAMARINE (Совместимый);;
"ООО ""ОДИССЕЙ""";3185at;AT-T6733A/T6643A;3185;Картридж для Epson T6733A/T6643A L100/L200/L800/L1800/L3070 Magenta 100 ml AQUAMARINE (Совместимый);;
"ООО ""ОДИССЕЙ""";3186at;AT-T6734A/T6644A;3186;Картридж для Epson T6734A/T6644A L100/L200/L800/L1800/L3070 Yellow 100 ml AQUAMARINE (Совместимый);;
"ООО ""ОДИССЕЙ""";3356at;AT-M0J90AE 991XL;3356;Картридж для HP M0J90AE 991XL PageWide Pro 750/772/777 16K Cyan AQUAMARINE (Совместимый);;
"ООО ""ОДИССЕЙ""";3357at;AT-M0J94AE 991XL;3357;Картридж для HP M0J94AE 991XL PageWide Pro 750/772/777 16K Magenta AQUAMARINE (Совместимый);;
"ООО ""ОДИССЕЙ""";3358at;AT-M0J98AE 991XL;3358;Картридж для HP M0J98AE 991XL PageWide Pro 750/772/777 16K Yellow AQUAMARINE (Совместимый);;
"ООО ""ОДИССЕЙ""";3359at;AT-M0K02AE 991XL;3359;Картридж для HP M0K02AE 991XL PageWide Pro 750/772/777 20K Black AQUAMARINE (Совместимый);;
"ООО ""ОДИССЕЙ""";3361at;AT-T6M19AE BK (907XL);3361;Картридж для HP T6M19AE 907XL OfficeJetPro 6960/6970 Black AQUAMARINE (Совместимый);;
"ООО ""ОДИССЕЙ""";3370at;AT-T8651Bk;3370;Картридж для Epson T8651 WorkForce Pro M5190/M5690 XXL Black AQUAMARINE (Совместимый);;
"ООО ""ОДИССЕЙ""";3441at;AT-T9651Bk XL;3441;Картридж для Epson T9651 WorkForce Pro M5298/M5299/M5799 XL Black AQUAMARINE (Совместимый);;
"ООО ""ОДИССЕЙ""";3442at;AT-T9661Bk XXL;3442;СРОЧНО Картридж для Epson T9661 WorkForce Pro M5298/M5299/M5799 XXL Black AQUAMARINE (Совместимый);;
"ООО ""ОДИССЕЙ""";3484at;AT-CL441XL;3484;Картридж CL-441XL AT;;
"ООО ""ОДИССЕЙ""";3486at;ATR-PG445XL;3486;Картридж PG-445XL AT;;
"ООО ""ОДИССЕЙ""";3486at;AT-PG445XL;3486;Картридж для Canon PG-445XL к Pixma MG2440/2540 увеличенный Black AQUAMARINE (Совместимый.Тайвань);;
"ООО ""ОДИССЕЙ""";3487at;AT-CL446XL;3487;Картридж для Canon CL-446XL к Pixma MG2440/2540 увеличенный Color AQUAMARINE (Совместимый.Тайвань);;
"ООО ""ОДИССЕЙ""";3487at;ATR-CL446XL;3487;Картридж CL-446XL Col AT;;
"ООО ""ОДИССЕЙ""";3489at;AT-T6735A;3489;Картридж для Epson T6735A L800/L1800 Light Cyan 100 ml AQUAMARINE (Совместимый);;
"ООО ""ОДИССЕЙ""";3490at;AT-T6736A;3490;$$_СРОЧНО Картридж для Epson T6736A L800/L1800 Light Magenta 100 ml AQUAMARINE (Совместимый);;
"ООО ""ОДИССЕЙ""";3518at;AT-T9441Bk;3518;Картридж для Epson T9441 WorkForce Pro M5210/M5710 Black AQUAMARINE (Совместимый);;
"ООО ""ОДИССЕЙ""";3519at;AT-T9442C;3519;Картридж для Epson T9442 WorkForce Pro M5210/M5710 Cyan AQUAMARINE (Совместимый);;
"ООО ""ОДИССЕЙ""";3520at;AT-T9443M;3520;Картридж для Epson T9443 WorkForce Pro M5210/M5710 Magenta AQUAMARINE (Совместимый);;
"ООО ""ОДИССЕЙ""";3521at;AT-T9444Y;3521;Картридж для Epson T9444 WorkForce Pro M5210/M5710 Yellow AQUAMARINE (Совместимый);;
"ООО ""ОДИССЕЙ""";3554at;AT-PGI480XLBK;3554;Картридж для Canon PGI-480XL PIXMA TS6140/7540/8240 Black AQUAMARINE (Совместимый);;
"ООО ""ОДИССЕЙ""";3559at;AT-PFI120BK;3559;Картридж для Canon PFI-120BK imagePROGRAF-TM200/TM300 Black AQUAMARINE (Совместимый);;
"ООО ""ОДИССЕЙ""";3560at;AT-PFI120MBK;3560;Картридж для Canon PFI-120MBK imagePROGRAF-TM200/TM300 Matte Black AQUAMARINE (Совместимый);;
"ООО ""ОДИССЕЙ""";3561at;AT-PFI120C;3561;Картридж для Canon PFI-120C imagePROGRAF-TM200/TM300 Cyan AQUAMARINE (Совместимый);;
"ООО ""ОДИССЕЙ""";3562at;AT-PFI120M;3562;Картридж для Canon PFI-120M imagePROGRAF-TM200/TM300 Magenta AQUAMARINE (Совместимый);;
"ООО ""ОДИССЕЙ""";3563at;AT-PFI120Y;3563;Картридж для Canon PFI-120Y imagePROGRAF-TM200/TM300 Yellow AQUAMARINE (Совместимый);;
"ООО ""ОДИССЕЙ""";3617at;AT-101R00664;3617;Картридж для Xerox 101R00664 B205/210/215 10K DRUM AQUAMARINE (Совместимый);;
"ООО ""ОДИССЕЙ""";3622at;AT-C8721Bk;3622;Картридж для HP C8721 № 177 Black AQUAMARINE (Совместимый);;
"ООО ""ОДИССЕЙ""";3622od;ODR-C8721Bk;3622;Картридж HP 177 Black OD;;
"ООО ""ОДИССЕЙ""";3676at;AT-PFI710BK;3676;Картридж для Canon PFI-710BK imagePROGRAF-TX2000/3000/4000 Black AQUAMARINE (Совместимый);;
"ООО ""ОДИССЕЙ""";3677at;AT-PFI710C;3677;Картридж для Canon PFI-710C imagePROGRAF-TX2000/3000/4000 Cyan AQUAMARINE (Совместимый);;
"ООО ""ОДИССЕЙ""";3678at;AT-PFI710M;3678;Картридж для Canon PFI-710M imagePROGRAF-TX2000/3000/4000 Magenta AQUAMARINE (Совместимый);;
"ООО ""ОДИССЕЙ""";3679at;AT-PFI710Y;3679;Картридж для Canon PFI-710Y imagePROGRAF-TX2000/3000/4000 Yellow AQUAMARINE (Совместимый);;
"ООО ""ОДИССЕЙ""";3680at;AT-PFI710MBK;3680;Картридж для Canon PFI-710MBK imagePROGRAF-TX2000/3000/4000 Matt Black AQUAMARINE (Совместимый);;
"ООО ""ОДИССЕЙ""";3737at;AT-M0H57AE (GT51);3737;Чернила (InkTank) для HP M0H57AE GT58xx/InkTank110 (90мл.) Black AQUAMARINE (Совместимый);;
"ООО ""ОДИССЕЙ""";3738at;AT-M0H54AE (GT52);3738;СРОЧНО Чернила (InkTank) для HP M0H54AE GT58xx/InkTank110 (70мл.) Cyan AQUAMARINE (Совместимый);;
"ООО ""ОДИССЕЙ""";3739at;AT-M0H55AE (GT52);3739;СРОЧНО Чернила (InkTank) для HP M0H55AE GT58xx/InkTank110 (70мл.) Magenta AQUAMARINE (Совместимый);;
"ООО ""ОДИССЕЙ""";3740at;AT-M0H56AE (GT52);3740;Чернила (InkTank) для HP M0H56AE GT58xx/InkTank110 (70мл.) Yellow AQUAMARINE (Совместимый);;
"ООО ""ОДИССЕЙ""";3741at;AT-HP GT51 Multipack;3741;Набор чернил для HP Multipack GT51 GT52 CMY BK 4 x100 ml AQUAMARINE (Совместимый);;
"ООО ""ОДИССЕЙ""";3755at;AT-GI490Bk;3755;СРОЧНО Картридж для Canon GI490Bk Pixma G1400/2400/3400 Black 135 ml AQUAMARINE (Совместимый);;
"ООО ""ОДИССЕЙ""";3756at;AT-GI490C;3756;Картридж для Canon GI490C Pixma G1400/2400/3400 Cyan 70 ml AQUAMARINE (Совместимый);;
"ООО ""ОДИССЕЙ""";3757at;AT-GI490M;3757;$$_СРОЧНО Картридж для Canon GI490M Pixma G1400/2400/3400 Magenta 70 ml AQUAMARINE (Совместимый);;
"ООО ""ОДИССЕЙ""";3758at;AT-GI490Y;3758;Картридж для Canon GI490Y Pixma G1400/2400/3400 Yellow 70 ml AQUAMARINE (Совместимый);;
"ООО ""ОДИССЕЙ""";3759at;AT-C GI490 Multipack;3759;Набор чернил для Canon Multipack GI490 CMY BK 3x70 ml  BK 1x135ml AQUAMARINE (Совместимый);;
"ООО ""ОДИССЕЙ""";3801at;AT-L0R95AE Bk;3801;Картридж для HP L0R95AE 913A PageWide 352/377/Pro 452/477 Black 3.5K AQUAMARINE (Совместимый);;
"ООО ""ОДИССЕЙ""";3802at;AT-F6T77AE C;3802;Картридж для HP F6T77AE 913A PageWide 352/377/Pro 452/477 Cyan 3K AQUAMARINE (Совместимый);;
"ООО ""ОДИССЕЙ""";3803at;AT-F6T78AE M;3803;Картридж для HP F6T78AE 913A PageWide 352/377/Pro 452/477 Magenta 3K AQUAMARINE (Совместимый);;
"ООО ""ОДИССЕЙ""";3804at;AT-F6T79AE Y;3804;Картридж для HP F6T79AE 913A PageWide 352/377/Pro 452/477 Yellow 3K AQUAMARINE (Совместимый);;
"ООО ""ОДИССЕЙ""";3840at;AT-BTD60/6000BK InkBottle;3840;Картридж для Brother BT6000BK/BTD60BK DCP-T300/MFC-T800 ЧЕРНИЛА 6K Black AQUAMARINE (Совместимый);;
"ООО ""ОДИССЕЙ""";3840at;AT-BT6000BK InkBottle;3840;Картридж для Brother BT6000BK DCP-T300/500/700 MFC-T800 ЧЕРНИЛА 6K Black AQUAMARINE (Совместимый);;
"ООО ""ОДИССЕЙ""";3841at;AT-BT5000C InkBottle;3841;Картридж для Brother BT5000C DCP-T300/500/700 MFC-T800 ЧЕРНИЛА 5K Cyan AQUAMARINE (Совместимый);;
"ООО ""ОДИССЕЙ""";3842at;AT-BT5000M InkBottle;3842;Картридж для Brother BT5000M DCP-T300/500/700 MFC-T800 ЧЕРНИЛА 5K Magenta AQUAMARINE (Совместимый);;
"ООО ""ОДИССЕЙ""";3843at;AT-BT5000Y InkBottle;3843;Картридж для Brother BT5000Y DCP-T300/500/700 MFC-T800 ЧЕРНИЛА 5K Yellow AQUAMARINE (Совместимый);;
"ООО ""ОДИССЕЙ""";3845at;AT-T00S14A 103B InkBottle;3845;Картридж для Epson T00S14A L1100/L3100/L5190 ЧЕРНИЛА Black 70 ml AQUAMARINE (Совместимый);;
"ООО ""ОДИССЕЙ""";3846at;AT-T00S24A 103C InkBottle;3846;Картридж для Epson T00S24A L1100/L3100/L5190 ЧЕРНИЛА Cyan 70 ml AQUAMARINE (Совместимый);;
"ООО ""ОДИССЕЙ""";3847at;AT-T00S34A 103M InkBottle;3847;Картридж для Epson T00S34A L1100/L3100/L5190 ЧЕРНИЛА Magenta 70 ml  AQUAMARINE (Совместимый);;
"ООО ""ОДИССЕЙ""";3848at;AT-T00S44A 103Y InkBottle;3848;Картридж для Epson T00S44A L1100/L3100/L5190 ЧЕРНИЛА Yellow 70 ml  AQUAMARINE (Совместимый);;
"ООО ""ОДИССЕЙ""";3849at;AT-EP 103 Multipack;3849;Набор чернил для Epson Multipack 103 CMY BK 4 x 70 ml AQUAMARINE (Совместимый);;
"ООО ""ОДИССЕЙ""";3850at;AT-T03V14A 101B InkBottle;3850;Картридж для Epson T03V14A L4150/L6160/L14150 ЧЕРНИЛА Black 140 ml AQUAMARINE (Совместимый);;
"ООО ""ОДИССЕЙ""";3851at;AT-T03V24A 101C InkBottle;3851;СРОЧНО Картридж для Epson T03V24A L4150/L6160/L14150 ЧЕРНИЛА Cyan 70 ml AQUAMARINE (Совместимый);;
"ООО ""ОДИССЕЙ""";3852at;AT-T03V34A 101M InkBottle;3852;СРОЧНО Картридж для Epson T03V34A L4150/L6160/L14150 ЧЕРНИЛА Magenta 70 ml  AQUAMARINE (Совместимый);;
"ООО ""ОДИССЕЙ""";3853at;AT-T03V44A 101Y InkBottle;3853;СРОЧНО Картридж для Epson T03V44A L4150/L6160/L14150 ЧЕРНИЛА Yellow 70 ml  AQUAMARINE (Совместимый);;
"ООО ""ОДИССЕЙ""";3854at;AT-EP 101 Multipack;3854;Набор чернил для Epson Multipack 101 CMY BK 1x140 ml 3 x70 ml AQUAMARINE (Совместимый);;
"ООО ""ОДИССЕЙ""";3855at;AT-T77414A 774 InkBottle;3855;СРОЧНО Картридж для Epson T7741 EcoTank M100/200/ L605/L1455 Dye Black 140 ml  AQUAMARINE (Совместимый);;
"ООО ""ОДИССЕЙ""";3855at;AT-T77414A PIG;3855;Картридж для Epson T7741 EcoTank M100/200/ L605/L1455 Pigment Black 140 ml  AQUAMARINE (Совместимый);;
"ООО ""ОДИССЕЙ""";3898at;AT-3YL84AE Bk (912XL);3898;Картридж для HP 3YL84AE 912XL OJPro 80xx-ser Black 0.825K AQUAMARINE (Совм);;
"ООО ""ОДИССЕЙ""";3898at;AT-3YL81AE Bk (912XL);3898;* ПРОШИВКА* Картридж для HP 3YL81AE (3YL81AE ориг) 912XL OJPro 80xx-ser Black 0.825K AQUAMARINE (Совместимый);;
"ООО ""ОДИССЕЙ""";3899at;AT-3YL81AE С (912XL);3899;Картридж для HP 3YL81AE 912XL OJPro 80xx-ser Cyan 0.825K AQUAMARINE (Совм);;
"ООО ""ОДИССЕЙ""";3899at;AT-3YL82AE С (912XL);3899;*ПРОШИВКА* Картридж для HP 3YL82AE (3YL82AE ориг) 912XL OJPro 80xx-ser Cyan 0.825K AQUAMARINE (Совместимый);;
"ООО ""ОДИССЕЙ""";3899at;AT-3YL82AE С (912XL) Огр.;3899;Картридж для HP 3YL82AE (3YL81AE ориг) ОГР Прим. 912XL OJPro 80xx-ser Cyan 0.825K AQUAMARINE (Совм);;
"ООО ""ОДИССЕЙ""";3899at;AT-3YL81AE С (912XL) Огр.;3899;Картридж для HP 3YL81AE ОГР Прим. 912XL OJPro 80xx-ser Cyan 0.825K AQUAMARINE (Совм);;
"ООО ""ОДИССЕЙ""";3900at;AT-3YL82AE M (912XL);3900;Картридж для HP 3YL82AE 912XL OJPro 80xx-ser Magenta 0.825K AQUAMARINE (Совм);;
"ООО ""ОДИССЕЙ""";3900at;AT-3YL83AE M (912XL);3900;*ПРОШИВКА* Картридж для HP 3YL83AE (3YL83AE ориг) 912XL OJPro 80xx-ser Magenta 0.825K AQUAMARINE (Совместимый);;
"ООО ""ОДИССЕЙ""";3900at;AT-3YL83AE M (912XL) Огр.;3900;Картридж для HP 3YL83AE (3YL82AE ориг)ОГР Прим 912XL OJPro 80xx-ser Magenta 0.825K AQUAMARINE (Совм);;
"ООО ""ОДИССЕЙ""";3900at;AT-3YL82AE M (912XL) Огр.;3900;Картридж для HP 3YL82AE ОГР Прим 912XL OJPro 80xx-ser Magenta 0.825K AQUAMARINE (Совм);;
"ООО ""ОДИССЕЙ""";3901at;AT-3YL83AE Y (912XL);3901;Картридж для HP 3YL83AE 912XL OJPro 80xx-ser Yellow 0.825K AQUAMARINE (Совм);;
"ООО ""ОДИССЕЙ""";3901at;AT-3YL84AE Y (912XL);3901;* ПРОШИВКА* Картридж для HP 3YL84AE (3YL84AE ориг) 912XL OJPro 80xx-ser Yellow 0.825K AQUAMARINE (Совместимый);;
"ООО ""ОДИССЕЙ""";3901at;AT-3YL84AE Y (912XL) Огр.;3901;Картридж для HP 3YL84AE (3YL83AE ориг)ОГР Прим. 912XL OJPro 80xx-ser Yellow 0.825K AQUAMARINE (Совм);;
"ООО ""ОДИССЕЙ""";3901at;AT-3YL83AE Y (912XL) Огр.;3901;Картридж для HP 3YL83AE ОГР Прим. 912XL OJPro 80xx-ser Yellow 0.825K AQUAMARINE (Совм);;
"ООО ""ОДИССЕЙ""";4143at;AT-3JA27AE C (963XL)Огр.;4143;Картридж для HP 3JA27AE 963XL OfficeJetPro 9010/9020-ser Cyan 1.6K Огр.Прим AQUAMARINE (Совместимый);;
"ООО ""ОДИССЕЙ""";4143at;AT-3JA27AE C (963XL);4143;СРОЧНО Картридж для HP 3JA27AE 963XL OfficeJetPro 9010/9020-ser Cyan 1.6K AQUAMARINE (Совместимый);;
"ООО ""ОДИССЕЙ""";4144at;AT-3JA28AE M (963XL)Огр.;4144;Картридж для HP 3JA28AE 963XL OfficeJetPro 9010/9020-ser Magenta1.6K Огр.Пр AQUAMARINE (Совместимый);;
"ООО ""ОДИССЕЙ""";4144at;AT-3JA28AE M (963XL);4144;Картридж для HP 3JA28AE 963XL OfficeJetPro 9010/9020-ser Magenta1.6K AQUAMARINE (Совместимый);;
"ООО ""ОДИССЕЙ""";4145at;AT-3JA29AE Y (963XL)Огр;4145;Картридж для HP 3JA29AE 963XL OfficeJetPro 9010/9020-ser Yellow1.6KОгр.Прим AQUAMARINE (Совместимый);;
"ООО ""ОДИССЕЙ""";4145at;AT-3JA29AE Y (963XL);4145;Картридж для HP 3JA29AE 963XL OfficeJetPro 9010/9020-ser Yellow1.6K AQUAMARINE (Совместимый);;
"ООО ""ОДИССЕЙ""";4146at;AT-3JA30AE Bk (963XL)Огр;4146;Картридж для HP 3JA30AE 963XL OfficeJetPro 9010/9020-ser Black 2K Огр.Прим AQUAMARINE (Совместимый);;
"ООО ""ОДИССЕЙ""";4146at;AT-3JA30AE Bk (963XL);4146;Картридж для HP 3JA30AE 963XL OfficeJetPro 9010/9020-ser Black 2K AQUAMARINE (Совместимый);;
"ООО ""ОДИССЕЙ""";4354at;AT-3YM75AE 653Bk;4354;Картридж для HP 3YM75AE №653 Deskjet 6000-ser/6400-ser Black AQUAMARINE (Совместимый.Тайвань);;
"ООО ""ОДИССЕЙ""";4355at;AT-3YM74AE 653CMY;4355;Картридж для HP 3YM74AE №653 Deskjet 6000-ser/6400-ser Color AQUAMARINE (Совместимый.Тайвань);;
"ООО ""ОДИССЕЙ""";4366at;AT-CZ637AE 46Bk;4366;Картридж для HP CZ637AE №46 Deskjet 2020/4729 Black AQUAMARINE (Совместимый.Тайвань);;
"ООО ""ОДИССЕЙ""";4367at;AT-CZ638AE 46CMY;4367;Картридж для HP CZ638AE №46 Deskjet 2020/4729 Color AQUAMARINE (Совместимый.Тайвань);;
"ООО ""ОДИССЕЙ""";4412at;AT-GI40BK PIG;4412;Чернила для Canon GI40PGBK Pixma G5040/G6040/GM2040 Black Pigment 70 ml AQUAMARINE;;
"ООО ""ОДИССЕЙ""";4413at;AT-GI43BK;4413;Чернила для Canon GI43BK Pixma Pixma G640/540 Black 70 ml AQUAMARINE;;
"ООО ""ОДИССЕЙ""";4414at;AT-GI43M;4414;Чернила для Canon GI43M Pixma Pixma G640/540 Magenta 70 ml AQUAMARINE;;
"ООО ""ОДИССЕЙ""";4415at;AT-GI43GY;4415;Чернила для Canon GI43GY Pixma Pixma G640/540 Gray 70 ml AQUAMARINE;;
"ООО ""ОДИССЕЙ""";4416at;AT-GI43C;4416;Чернила для Canon GI43C Pixma Pixma G640/540 Cyan 70 ml AQUAMARINE;;
"ООО ""ОДИССЕЙ""";4417at;AT-С GI43 Multipack;4417;Набор чернил для Canon Multipack GI43 CMY BK GY R AQUAMARINE (Совместимый);;
"ООО ""ОДИССЕЙ""";4418at;AT-GI40Y;4418;Чернила для Canon GI40Y Pixma G5040/G6040/GM2040 Yellow 70 ml AQUAMARINE;;
"ООО ""ОДИССЕЙ""";4419at;AT-GI40C;4419;Чернила для Canon GI40C Pixma G5040/G6040/GM2040 Cyan 70 ml AQUAMARINE;;
"ООО ""ОДИССЕЙ""";4420at;AT-GI40M;4420;Чернила для Canon GI40M Pixma G5040/G6040/GM2040 Magenta 70 ml AQUAMARINE;;
"ООО ""ОДИССЕЙ""";4433at;AT-T03P14A DYE InkBottle;4433;Картридж для Epson T03P14A EcoTank M-11хх/21хх/31хх ЧЕРНИЛА Black 6K ВОДНЫЕ AQUAMARINE (Совместимый);;
"ООО ""ОДИССЕЙ""";4470at;AT-P2V68A;4470;Картридж для HP P2V68A №730 cyan (300ml) для HP Designjet T1600/1700 AQUAMARINE (Совместимый);;
"ООО ""ОДИССЕЙ""";4471at;AT-P2V69A;4471;Картридж для HP P2V69A №730 magenta (300ml) для HP Designjet T1600/1700 AQUAMARINE (Совместимый);;
"ООО ""ОДИССЕЙ""";4472at;AT-P2V70A;4472;Картридж для HP P2V70A №730 yellow (300ml) для HP Designjet T1600/1700 AQUAMARINE (Совместимый);;
"ООО ""ОДИССЕЙ""";4473at;AT-P2V71A;4473;Картридж для HP P2V71A №730 black matte (300ml) для HP Designjet T1600/1700 AQUAMARINE (Совместимый);;
"ООО ""ОДИССЕЙ""";4474at;AT-P2V72A;4474;Картридж для HP P2V72A №730 gray (300ml) для HP Designjet T1600/1700 AQUAMARINE (Совместимый);;
"ООО ""ОДИССЕЙ""";4475at;AT-P2V73A;4475;Картридж для HP P2V73A №730 photo black (300ml) для HP Designjet T1600/1700 AQUAMARINE (Совместимый);;
"ООО ""ОДИССЕЙ""";4538at;AT-3YM63AE 305XL CMY;4538;Картридж для HP 3YM63AE №305XL Deskjet 2300-ser/ENVY 6000-ser Color AQUAMARINE (Совместимый.Тайвань);;
"ООО ""ОДИССЕЙ""";4638at;AT-F6V25AE;4638;Картридж для HP F6V25AE №652XL для HP Deskjet 1115/2135/3835 Black AQUAMARINE (Совместимый.Тайвань);;
"ООО ""ОДИССЕЙ""";4639at;AT-F6V24AE;4639;Картридж для HP F6V24AE №652XL для HP Deskjet 1115/2135/3835 Color AQUAMARINE (Совместимый.Тайвань);;
"ООО ""ОДИССЕЙ""";4745at;AT-CL461XL;4745;Картридж для Canon CL-461XL к Pixma TS5340 увеличенный Color AQUAMARINE (Совместимый.Тайвань);;
"ООО ""ОДИССЕЙ""";4746at;AT-PG460XL;4746;Картридж для Canon PG-460XL к Pixma TS5340 увеличенный Black AQUAMARINE (Совместимый.Тайвань);;
"ООО ""ОДИССЕЙ""";4834at;AT-3ED67A;4834;Картридж для HP 3ED67A №712 DesignJet T210/630/Studio Cyan AQUAMARINE (Совместимый);;
"ООО ""ОДИССЕЙ""";4835at;AT-3ED68A;4835;Картридж для HP 3ED68A №712 DesignJet T210/630/Studio Magenta AQUAMARINE (Совместимый);;
"ООО ""ОДИССЕЙ""";4836at;AT-3ED69A;4836;Картридж для HP 3ED69A №712 DesignJet T210/630/Studio Yellow AQUAMARINE (Совместимый);;
"ООО ""ОДИССЕЙ""";4837at;AT-3ED71A;4837;Картридж для HP 3ED71A №712 DesignJet T210/630/Studio Black AQUAMARINE (Совместимый);;
"ООО ""ОДИССЕЙ""";4886at;AT-3YM62AE 305XL Bk;4886;Картридж для HP 3YM62AE №305XL Deskjet 2300-ser/ENVY 6000-ser Black AQUAMARINE (Совместимый.Тайвань);;
"ООО ""ОДИССЕЙ""";5040at;AT-GT-53XL Bk InkBottle;5040;Картридж для HP GT-53XL 1VV21AE DeskJet-GT58xx/InkTank-110ser Black AQUAMARINE (Совместимый);;
"ООО ""ОДИССЕЙ""";5228at;AT-EP 112 Multipack;5228;Набор чернил для Epson Multipack 112 CMY BK 4x70 ml AQUAMARINE (Совместимый);;
"ООО ""ОДИССЕЙ""";5413at;AT-GI41Bk InkBottle;5413;Картридж для Canon GI41Bk PIXMA G1420/G2420/G3420 Black 140 ml AQUAMARINE (Совместимый);;
"ООО ""ОДИССЕЙ""";5414at;AT-GI41C InkBottle;5414;Картридж для Canon GI41C PIXMA G1420/G2420/G3420 Cyan 70 ml AQUAMARINE (Совместимый);;
"ООО ""ОДИССЕЙ""";5415at;AT-GI41M InkBottle;5415;Картридж для Canon GI41M PIXMA G1420/G2420/G3420 Magenta 70 ml AQUAMARINE (Совместимый);;
"ООО ""ОДИССЕЙ""";5416at;AT-GI41Y InkBottle;5416;Картридж для Canon GI41Y PIXMA G1420/G2420/G3420 Yellow 70 ml AQUAMARINE (Совместимый);;
"ООО ""ОДИССЕЙ""";5417at;AT-C GI41 Multipack;5417;Набор чернил для Canon Multipack GI41 CMY BK  3x70 ml  BK 1x140ml AQUAMARINE (Совместимый);;
"ООО ""ОДИССЕЙ""";5764at;AT-EP 108 Multipack;5764;Набор чернил для Epson Multipack 108  CMY BK LC LM 6x70 ml AQUAMARINE (Совместимый);;
"ООО ""ОДИССЕЙ""";5886at;AT-GI43R;5886;Чернила для Canon GI43R Pixma Pixma G640/540 Red 70 ml AQUAMARINE;;
"ООО ""ОДИССЕЙ""";5892at;AT-PFI030MBK;5892;Картридж для Canon PFI-030MBK matte black (55ml)  imagePROGRAF TA-20/30 AQUAMARINE (Совместимый);;
"ООО ""ОДИССЕЙ""";5893at;AT-PFI030BK;5893;Картридж для Canon PFI-030BK black pigment (55ml)  imagePROGRAF TA-20/30 AQUAMARINE (Совместимый);;
"ООО ""ОДИССЕЙ""";5894at;AT-PFI030C;5894;Картридж для Canon PFI-030C cyan pigment (55ml)  imagePROGRAF TA-20/30 AQUAMARINE (Совместимый);;
"ООО ""ОДИССЕЙ""";5895at;AT-PFI030Y;5895;Картридж для Canon PFI-030Y yellow pigment (55ml)  imagePROGRAF TA-20/30 AQUAMARINE (Совместимый);;
"ООО ""ОДИССЕЙ""";6078at;AT-T03P14A 113B InkBottle;6078;Картридж для Epson T03P14A EcoTank M-11хх/21хх/31хх ЧЕРНИЛА Black 6K пигм. AQUAMARINE (Совместимый);;
"ООО ""ОДИССЕЙ""";6278at;AT-PFI030M;6278;Картридж для Canon PFI-030M magenta pigment (55ml)  imagePROGRAF TA-20/30 AQUAMARINE (Совместимый);;
"ООО ""ОДИССЕЙ""";6461at;AT-EP 115 Multipack;6461;Набор чернил для Epson Multipack 115 BK Photo CMY BK Pigment GY 6x70 ml AQUAMARINE (Совместимый);;
"ООО ""ОДИССЕЙ"" WB";;;tuysrIkkj0GDvYCzuZgaM0;Картридж для OKI MC853/MC873 44844469 30K DRUM чип Б/Г Yellow White Box (Совместимый);да;
"ООО ""ОДИССЕЙ"" WB";;;YFUbSAM4hWVPjWB7NMFH32;*Не продаем* Картридж для OKI MC853/MC873 44844470 30K DRUM Magenta White Box (Совместимый) - без гарантии на чип;да;
"ООО ""ОДИССЕЙ"" WB";;;hJ1dqOd2hcGuzn-8jj5Tl2;*Не продаем* Картридж для OKI MC853/MC873 44844471 30K DRUM Cyan White Box (Совместимый) - без гарантии на чип;да;
"ООО ""ОДИССЕЙ"" WB";;;-svw1YVtiBTxWSvwdjjYQ3;*Не продаем* Картридж для OKI MC853/MC873 44844472 30K DRUM Black White Box (Совместимый) - без гарантии на чип;да;
"ООО ""ОДИССЕЙ"" WB";;;O-7k8O3Fhiw5nQQ9fXoBW0;Картридж для Canon C 067HBk LBP630ser/MF650ser Black 2.3K ЧИП БезСчетчика WhiteBox (Совместимый);да;
"ООО ""ОДИССЕЙ"" WB";;;o900hL78jJ8vzL9iGUIRi2;Картридж для Canon C 067HC LBP630ser/MF650ser Cyan 2.3K ЧИП БезСчетчика WhiteBox (Совместимый);да;
"ООО ""ОДИССЕЙ"" WB";;;On91y5ZegtT12mJZoPXEr0;Картридж для Canon C 067HM LBP630ser/MF650ser Magenta 2.3K ЧИП БезСчетчика WhiteBox (Совместимый;да;
"ООО ""ОДИССЕЙ"" WB";;;6BXBuuEChcOyFUdGKT9xk3;Картридж для Canon C 067HY LBP630ser/MF650ser Yellow 2.3K ЧИП БезСчетчика WhiteBox (Совместимый);да;
"ООО ""ОДИССЕЙ"" WB";;;1323;Картридж для Panasonic KX-FAT472A KX-MB2110/2117/2130//2137/2170/2177 2K White Box (Совместимый);да;
"ООО ""ОДИССЕЙ"" WB";;;BTN116EhjBPPTlCy089vf3;Картридж для Pantum TL-420X P3010/M6700/M6800/P3300/M7100/M7200 ЧИП БезЛИМИТ White Box (Совместимый);да;
"ООО ""ОДИССЕЙ"" WB";;;Z6ugR88si0uLFfynCONNf1;Картридж для Kyocera TK410/TK435 Universal 15K White Box (Совместимый);да;
"ООО ""ОДИССЕЙ"" WB";;;0PdC5vXEjkumwwlnpZ1la2;Картридж для Kyocera TK410 FS-1620/1635/2035/2050/2550/1648/2020 15K White Box (Совместимый);да;
"ООО ""ОДИССЕЙ"" WB";;;SC6HgEgKhA79-E46hzjqf1;Картридж для Xerox 106R02609 Phaser7100 4,5K*1 туба Cyan White Box (Совместимый);да;
"ООО ""ОДИССЕЙ"" WB";;;qPzG3LxdgnaovvV4zSOTU1;Картридж для Xerox 106R02611 Phaser7100 9K 1туба!!! Yellow White Box(Совместимый);да;
"ООО ""ОДИССЕЙ"" WB";;;onqO69hFhjtnk1B-pgkb93;Картридж для Xerox 106R02612 Phaser7100 10K 1туба!!! Black White Box (Совместимый);да;
"ООО ""ОДИССЕЙ"" WB";;;WB MX-60/61GTYA;Картридж для Sharp MX-61GTYA MX-3050/4050/5050 24K Yellow White Box (Совместимый);да;
"ООО ""ОДИССЕЙ"" WB";;;YA-EKgGdgourMZxWdbUog3;*Не продаем* Картридж для HP W1106XL HP Laser 107a/107w/135w/135a/ 5K БЕЗ ЧИПА  White Box (Совместимый);да;
"ООО ""ОДИССЕЙ"" WB";4166wb;WB 013R00663 DRUM;4166;Картридж для Xerox 013R00663 DCP-550/DCP-C60 180K Black DRUM White Box (Совместимый);;
"ООО ""ОДИССЕЙ"" WB";4804wb;WB IM C6000BK 842283;4804;Картридж для Ricoh IM C6000 33К Black White Box (Совместимый);;
"ООО ""ОДИССЕЙ"" WB";4805wb;WB IM C6000C 842286;4805;Картридж для Ricoh IM C6000 22,5К Cyan White Box (Совместимый);;
"ООО ""ОДИССЕЙ"" WB";4806wb;WB IM C6000M 842285;4806;Картридж для Ricoh IM C6000 22,5К Magenta White Box (Совместимый);;
"ООО ""ОДИССЕЙ"" WB";4807wb;WB IM C6000Y 842284;4807;Картридж для Ricoh IM C6000 22,5К Yellow White Box (Совместимый);;
"ООО ""ОДИССЕЙ"" WB";5589wb;WB TN-2480;5589;Картридж для Brother TN-2480 DCP-L2550DW/HL-L2335D 3K White Box (Совместимый);;
"ООО ""ОДИССЕЙ"" WB";5625wb;WB TK5380C;5625;Картридж для Kyocera TK5380C EcoSys-MA4000/PA4000 10K Cyan White Box (Совместимый);;
"ООО ""ОДИССЕЙ"" WB";5626wb;WB TK5380K;5626;Картридж для Kyocera TK5380K EcoSys-MA4000/PA4000 13K Black White Box (Совместимый);;
"ООО ""ОДИССЕЙ"" WB";5627wb;WB TK5380M;5627;Картридж для Kyocera TK5380M EcoSys-MA4000/PA4000 10K Magenta White Box (Совместимый);;
"ООО ""ОДИССЕЙ"" WB";5628wb;WB TK5380Y;5628;Картридж для Kyocera TK5380Y EcoSys-MA4000/PA4000 10K Yellow White Box (Совместимый);;
"ООО ""ОДИССЕЙ"" WB";5847wb;WB 006R04381;5847;Картридж для Xerox 006R04381 B-305/310/315 20K White Box (Совместимый);;
"ООО ""ОДИССЕЙ"" WB";6067wb;WB 006R04380;6067;Картридж для Xerox 006R04380 B-310 8K White Box (Совместимый);;
"ООО ""ОДИССЕЙ"" WB";6067wb;;6067;Картридж для Xerox 006R04380 B-310 8K White Box (Совместимый);да;
"ООО ""ОДИССЕЙ"" WB";6318wb;WB W9220MC K;6318;Картридж для HP W9220MC HP CLJ-E78223 25K Black White Box (Совместимый);;
"ООО ""ОДИССЕЙ"" WB";6319wb;WB W9221MC C;6319;Картридж для HP W9221MC HP CLJ-E78223 20K Cyan White Box (Совместимый);;
"ООО ""ОДИССЕЙ"" WB";6320wb;WB W9222MC Y;6320;Картридж для HP W9222MC HP CLJ-E78223 20K Yellow White Box (Совместимый);;
"ООО ""ОДИССЕЙ"" WB";6321wb;WB W9223MC M;6321;Картридж для HP W9223MC HP CLJ-E78223 20K Magenta White Box (Совместимый);;
"ООО ""ОДИССЕЙ"" WB";6336wb;WB TK-6345;6336;Картридж для Kyocera TK6345 TASKalfa 5004/6004/7004 40K White Box (Совместимый);;
"ООО ""ОДИССЕЙ"" WB";6381wb;WB DR2305;6381;Картридж для Brother DR2305 HL L2320D 12K White Box (Совместимый);;
"ООО ""ОДИССЕЙ"" WB";6382wb;WB DL-R5220 DRUM;6382;Картридж для Pantum DL-R5220  BM5201ADN/BP5200DN 30K White Box (Совместимый);;
"ООО ""ОДИССЕЙ"" WB";6383wb;WB TL-C2310H;6383;Картридж для Pantum TL-C2310H BM2300/BP2300 1.6K White Box (Совместимый);;
"ООО ""ОДИССЕЙ"" WB";6384wb;WB TL-R5220X;6384;Картридж для Pantum TL-R5220X  BM5201ADN/BP5200DN 15K White Box (Совместимый);;
"ООО ""ОДИССЕЙ"" WB";6385wb;WB MX561GT;6385;Картридж для Sharp MX561GT MX-M2630/MX-M2651EU 40K White Box (Совместимый);;
"ООО ""ОДИССЕЙ"" WB";6400wb;WB W2300A;6400;Картридж для HP W2300A HP Color LaserJet Pro 4203/MFP 4303 2K Black White Box (Совместимый);;
"ООО ""ОДИССЕЙ"" WB";6401wb;WB W2301A;6401;Картридж для HP W2301A HP Color LaserJet Pro 4203/MFP 4303 1.8K Cyan White Box (Совместимый);;
"ООО ""ОДИССЕЙ"" WB";6402wb;WB W2302A;6402;Картридж для HP W2302A HP Color LaserJet Pro 4203/MFP 4303 1.8K Yellow White Box (Совместимый);;
"ООО ""ОДИССЕЙ"" WB";6403wb;WB W2303A;6403;Картридж для HP W2303A HP Color LaserJet Pro 4203/MFP 4303 1.8K Magenta White Box (Совместимый);;
"ООО ""ОДИССЕЙ"" WB";6419wb;WB DR1071;6419;Картридж для Avision DR1071 AP40A/AM40A 35K White Box (Совместимый);;
"ООО ""ОДИССЕЙ"" WB";6754wb;WB W1110A;6754;Картридж для HP W1110A HP LJ 108/MFP137 1.5K White Box (Совместимый);;
"ООО ""ОДИССЕЙ"" WB";6809wb;WB 055H-Bk ЧИП БС;6809;Картридж для Canon 055H Bk LBP660ser/MF740ser Black 7.6K ЧИП Без Счетчика White Box;;
"ООО ""ОДИССЕЙ"" WB";6810wb;;6810;Картридж для Canon 055H C LBP660ser/MF740ser Cyan 5.9K ЧИП Без Счетчика White Box;;
"ООО ""ОДИССЕЙ"" WB";6811wb;;6811;Картридж для Canon 055H M LBP660ser/MF740ser Magenta 5.9K ЧИП БезСчетчика White Box;;
"ООО ""ОДИССЕЙ"" WB";6812wb;;6812;Картридж для Canon 055H Y LBP660ser/MF740ser Yellow 5.9K ЧИП Без Счетчика White Box;;
"ООО ""ОДИССЕЙ"" WB";7189wb;WB WT-201 WASTE;7189;Картридж для Canon WT-201 IR C250 БУНКЕР ОТРАБОТКИ White Box (Совместимый);;
"ООО ""ОДИССЕЙ"" WB";7190wb;WB Deli T108;7190;Картридж для Deli T108 P1820/M1820 1.6K White Box (Совместимый);;
"ООО ""ОДИССЕЙ"" WB";7191wb;WB W9018MC DRUM;7191;Картридж для HP W9018MC HP CLJ E75245 75K БАРАБАН White Box (Совместимый);;
"ООО ""ОДИССЕЙ"" WB";7192wb;WB B5L37A WASTE;7192;Картридж для HP B5L37A HP CLJ-Flow M577 БУНКЕР ОТРАБОТКИ 54K Black White Box (Совместимый);;
"ООО ""ОДИССЕЙ"" WB";7193wb;WB CWT-2000;7193;Картридж для Pantum CWT-2000 CP2200/CM2200 15K БункерОтработки White Box (Совместимый);;
"ООО ""ОДИССЕЙ"" WB";7194wb;WB CWT-2600;7194;Картридж для Pantum CWT-2600 CM270/CM420 35K БункерОтработки White Box (Совместимый);;
"ООО ""ОДИССЕЙ"" WB";7195wb;WB TL-3200H;7195;Картридж для Pantum TL-3200H BM230/BM320 12K White Box (Совместимый);;
"ООО ""ОДИССЕЙ"" WB";7196wb;WB 008R13215;7196;Картридж для Xerox 008R13215 DocuCentre SC2020 КОНТЕЙНЕР ОТРАБОТКИ 15K White Box (Совместимый);;
"ООО ""ОДИССЕЙ"" WB";7197wb;WB 108R01124 ОТРАБОТКА;7197;Картридж для Xerox 108R01124 VersaLink-C400/WC-6655 Бункер Отработки 30К White Box (Совместимый);;
"ООО ""ОДИССЕЙ"" WB";7198wb;WB 108R01416 ОТРАБОТКА;7198;Картридж для Xerox 108R01416 VersaLink-C500/WC-6515 Бункер Отработки 30К White Box (Совместимый);;
"ООО ""ОДИССЕЙ"" WB";7199wb;WB W1370X ЧИП БЛ;7199;Картридж для HP W1370X HP LJ M208/M232 2.6K ЧИП БезЛимит Black White Box (Совместимый);;
