код МС;артикул;внешний код;наименование;категория;архив;штук всего;последнее оприходование;дата
;AFBRHL2140020;PZs7rJjejWNyRH3I4Inyd3;Драм-картридж 7Q DR-2175 для Brother HL-2140 (Чёрный, 12000 стр.);;;50.0;bulat_2026-08-17_p1;2026-08-17
;AFCNLBP325050;1Ox4QZZFh98KrKxmHGp6Q1;Тонер-картридж БУЛАТ 056L для Canon iSENSYS LBP-325, MF542 (Чёрный, 5100 стр., с чипом 7Q);;;20.0;bulat_2026-08-17_p15;2026-08-17
;AFHPE60055040;NeGtUkoAgf6CFiqA23zSk0;Тонер-картридж БУЛАТ s-Line W9004MC (OPC FUJI) для HP LJ E60055, E62575 (Чёрный, 50000 стр.), ref.;;;20.0;bulat_2026-08-17_p16;2026-08-17
;AFHPE72525030;T9MKIkx9in6Mnns2hy8f50;Драм-картридж БУЛАТ W9006MC для HP LJ E72525, E72425, ref.;;;50.0;bulat_2026-08-17_p13;2026-08-17
;AFHPE82540010;psxhcnQWiMbLS7jn1rqc81;Тонер-картридж БУЛАТ s-Line W9014MC-R для HP LJ E82540 (69000 стр.), ref.;;;20.0;bulat_2026-08-17_p13;2026-08-17
;AFKYEP2035010;K59un7mTjuI0yLUuKPhmG2;Блок проявки БУЛАТ DV-160 для Kyocera FS-1120d (Чёрный, 100000 стр.), ref.;;;100.0;bulat_2026-08-17_p10;2026-08-17
;AFKYFS1120020;eAFA97bZhEGf6RPa8GeWt1;Тонер-картридж БУЛАТ s-Line TK-160XL для Kyocera FS-1120d (Чёрный, 12500 стр.);;;55.0;bulat_2026-08-17_p10;2026-08-17
;AFKYFS1300030;fuGNxwBNg-JsDSAmLlZ5G0;Блок проявки БУЛАТ s-Line DV-130 для Kyocera FS-1300 (Чёрный, 100000 стр.), ref.;;;20.0;bulat_2026-08-17_p10;2026-08-17
;AFPM0P3010010;1ueVFMozgxLlDfzYxNsKE3;Тонер-картридж Булат TL-420X для Pantum P3010, M7100 (Чёрный, 6000 стр.), совместимый;;;200.0;bulat_2026-08-17_p10;2026-08-17
;BAMTFSC530010;70xjDEMghyYWckyrG7Wsk3;Тонер-картридж БУЛАТ s-Line TK-560K для Kyocera FS-C5300, FS-C5350, ECOSYS P6030C (Чёрный, 12000 стр.);;;20.0;bulat_2026-08-17_p2;2026-08-17
;BAMTFSC530040;QAtaRbqWhOdSP5RrtDfTr3;Тонер-картридж БУЛАТ s-Line TK-560Y для Kyocera FS-C5300, FS-C5350, ECOSYS P6030C (Жёлтый, 10000 стр.);;;20.0;bulat_2026-08-17_p2;2026-08-17
;BFCNLBP722010;ghh3dfBNibxE6QGWdfuV12;Тонер-картридж БУЛАТ 064 для Canon LBP-722, MF832 (Чёрный, 6000 стр.);;;20.0;bulat_2026-08-17_p15;2026-08-17
;BFHPLJM880010;nVvYvoRxgC5w5GP7bTHxy2;Тонер-картридж БУЛАТ s-Line CF300A для HP CLJ M880 (Чёрный, 29500 стр.), ref;;;50.0;bulat_2026-08-17_p2;2026-08-17
;BFKYEM6035090;jhUNAZq1i8qpRJ5V9QK3E2;Блок проявки БУЛАТ DV-5150 (302NS93010) для Kyocera ECOSYS M6035, P6235 (Чёрный), ref.;;;20.0;bulat_2026-08-17_p14;2026-08-17
;BFKYEM6035100;8rFw-5uzhhr8ryOyYJ2dK2;Блок проявки БУЛАТ DV-5150 (302NS93020) для Kyocera ECOSYS M6035, P6235 (Жёлтый), ref.;;;20.0;bulat_2026-08-17_p14;2026-08-17
;BFKYEM6035110;4wfziiyrjao9gucKbL-d-0;Блок проявки БУЛАТ DV-5150 (302NS93030) для Kyocera ECOSYS M6035, P6235 (Пурпурный), ref.;;;20.0;bulat_2026-08-17_p14;2026-08-17
;BFKYEM6035120;j-pskZeVjTCuJCiBrRh163;Блок проявки БУЛАТ DV-5150 (302NS93040) для Kyocera ECOSYS M6035, P6235  (Голубой), ref.;;;20.0;bulat_2026-08-17_p14;2026-08-17
;BFKYEP6130010;TPPoaD6vgupIWx6kxpZat2;Драм-юнит БУЛАТ s-Line DK-5140 для Kyocera ECOSYS P6130, P6035, P6230, P6235 (302NR93010, 302NR93011, 302NR93012, 302NR93013, 02NR93014), 100000 стр., ref.;;;50.0;bulat_2026-08-17_p13;2026-08-17
;BFKYFS8020110;a3BfgWFvibh5pxHLgTsTQ3;Блок проявки БУЛАТ DV-895, 896 (302MY93030, 302K93031, 302K093030) для Kyocera FS-C8020 (Пурпурный), ref.;;;20.0;bulat_2026-08-17_p14;2026-08-17
;BFLX0C2425010;BX-sxmedhu1XVuaObEXX-1;Тонер-картридж БУЛАТ s-Line C235HK0 Black для Lexmark C2425 (3000 стр.);;;20.0;bulat_2026-08-17_p13;2026-08-17
;BFLX0C2425020;GVTbmLrSiJ8RxPIOkbZw33;Тонер-картридж БУЛАТ s-Line C235HC0 Cyan для Lexmark C2425 (2300 стр.);;;40.0;bulat_2026-08-17_p13;2026-08-17
;BFLX0C2425030;88rbzInijUPSdUvRjgofR3;Тонер-картридж БУЛАТ s-Line C235HM0 для Lexmark C2425 (Пурпурный, 2300 стр.);;;20.0;bulat_2026-08-17_p13;2026-08-17
;BFLX0C2425040;thdSOhWAiguN6bX8FmmMW3;Тонер-картридж БУЛАТ s-Line C235HY0 Yellow для Lexmark C2425 (2300 стр.);;;20.0;bulat_2026-08-17_p13;2026-08-17
;BFOK0C3100020;BdCF0yo3hgywPlX8mPPFA3;Тонер-картридж БУЛАТ s-Line 44469716 для Oki C310, C510, C511, MC361, MC362 (Голубой, 2200 стр.);;;20.0;bulat_2026-08-17_p2;2026-08-17
;BFOK0C3100030;rp5SQyRBihPHgBBhIa6ar1;Тонер-картридж БУЛАТ s-Line 44469715 для Oki C310, C510, C511, MC361, MC362 (Пурпурный, 2000 стр.);;;50.0;bulat_2026-08-17_p2;2026-08-17
;BFOK0C8220020;31t5UAC7iWVpUm9WLnZm01;Тонер-картридж БУЛАТ s-Line 44844627, 44844615 для Oki C822 (Голубой, 7300 стр.), универсальный;;;20.0;bulat_2026-08-17_p2;2026-08-17
;BFOK0C8220030;Q5qaUpEmgI39MrLMHa5PL1;Тонер-картридж БУЛАТ s-Line 44844626, 44844614 для Oki C822 (Пурпурный, 7300 стр.), универсальный;;;21.0;bulat_2026-08-17_p2;2026-08-17
;BFOK0C8220040;1yQV8EjxgtkkusF1yHbbv1;Тонер-картридж БУЛАТ s-Line 44844625, 44844613 для Oki C822 (Жёлтый, 7300 стр.), универсальный;;;20.0;bulat_2026-08-17_p2;2026-08-17
;BFOK0C9110010;dmzOzQ-aiu1JwJPdW-cHx0;Тонер-картридж БУЛАТ s-Line 45536416 для Oki C911 (Чёрный, 24000 стр.);;;20.0;bulat_2026-08-17_p6;2026-08-17
;BFOK0C9110020;2VMwuXeRjCQ8a3B1y3jAE1;Тонер-картридж БУЛАТ s-Line 45536415 для Oki C911, (Голубой, 24000 стр.);;;20.0;bulat_2026-08-17_p6;2026-08-17
;BFOK0C9655040;yoOUSlidipTPod78aup9i1;Тонер-картридж БУЛАТ s-Line 43837133, 43837129 для Oki C9655 (Жёлтый, 22000 стр.), универсальный;;;20.0;bulat_2026-08-17_p2;2026-08-17
;BFRCSP3050010;gCmx0monirZECyHDwMGzb2;Тонер-картридж БУЛАТ s-Line MP C305E (841618) для Ricoh Aficio MP C305 (Чёрный, 12000 стр.);;;20.0;bulat_2026-08-17_p4;2026-08-17
;BFRCSP4300020;cc-Nv4zHhTSlMr9pGSwl82;Тонер-картридж БУЛАТ s-Line SPC430E (821097) для Ricoh Aficio SP C430, SP C431 (Голубой, 24000 стр.);;;20.0;bulat_2026-08-17_p4;2026-08-17
;BFRCSP4300030;kZw6fnMwj2oCSyZaE9xJI3;Тонер-картридж БУЛАТ s-Line SPC430E (821096) для Ricoh Aficio SP C430, SP C431 (Пурпурный, 24000 стр.);;;20.0;bulat_2026-08-17_p4;2026-08-17
;BFRCSP4300040;0K7cg1ZqiWVWJtM0YYTFw2;Тонер-картридж БУЛАТ s-Line SPC430E (821095) для Ricoh Aficio SP C430, SP C431 (Жёлтый, 24000 стр.);;;20.0;bulat_2026-08-17_p4;2026-08-17
;BFRCSP8300020;7h--z4EajmoLQ3wcEUWjP2;Тонер-картридж БУЛАТ s-Line SPC830DNE (821188) для Ricoh Aficio SP C830, SP C831 (Голубой, 27000 стр.);;;20.0;bulat_2026-08-17_p5;2026-08-17
;BFRCSP8300030;yqSBnGhQhqsYMry2A2Aj40;Тонер-картридж БУЛАТ s-Line SPC830DNE (821187) для Ricoh Aficio SP C830, SP C831 (Пурпурный, 27000 стр.);;;20.0;bulat_2026-08-17_p5;2026-08-17
;BFRCSP8300040;OV6VGGSLhzNWMBcN-B0Wy2;Тонер-картридж БУЛАТ s-Line SPC830DNE (821186) для Ricoh Aficio SP C830, SP C831 (Жёлтый, 27000 стр.);;;20.0;bulat_2026-08-17_p5;2026-08-17
;BFRCSPC352080;o9dnJOdNjnFkUhmpxiGlt0;Драм-картридж БУЛАТ 408224-Y для Ricoh SP C352, C360 SP C352 (Жёлтый, 12000 стр.), ref.;;;50.0;bulat_2026-08-17_p13;2026-08-17
;BFRCSPC361020;l9xR4KfFhRoRivLGlkY973;Тонер-картридж БУЛАТ s-Line 408251 Type SP C360X для Ricoh SP C361 (Голубой, 9000 стр.), совместимый;;;20.0;bulat_2026-08-17_p13;2026-08-17
;BFRCSPC361030;zLCCKvmjhsSTCu5PY-Epo1;Тонер-картридж БУЛАТ s-Line Type SP C360X (408252) для Ricoh SP C361 (Пурпурный, 9000 стр.), совместимый;;;20.0;bulat_2026-08-17_p13;2026-08-17
;BFRCSPC361040;S99vThZFj651hnDTCNBjy2;Тонер-картридж БУЛАТ s-Line Type SP C360X (408253) для Ricoh SP C361 (Жёлтый, 9000 стр.), совместимый;;;20.0;bulat_2026-08-17_p13;2026-08-17
;BFRX00C310050;sa1BFKaFhbJ0nHSMBuCXM2;Тонер-картридж БУЛАТ s-Line 006R04360 для Xerox C310 (Чёрный, 3000 стр.);;;50.0;bulat_2026-08-17_p16;2026-08-17
;BFRXPH6125100;jGqd34yMh4i4LF5YlFHRj0;Драм-юнит БУЛАТ s-Line 676K05360 для Xerox Phaser 6125 (Цветной, 30000 стр.), ref.;;;50.0;bulat_2026-08-17_p5;2026-08-17
;DFCNDX4825010;KM0nt0dTiC1NVSs8iIx9Y1;Тонер-картридж БУЛАТ s-Line C-EXV62 (Чёрный, 42000 стр.)  для Canon iR DX 4825i;;;20.0;bulat_2026-08-17_p15;2026-08-17
;DFKYEP2040100;Pd-PPdc6iIrnTXuTK5B6e2;Блок проявки БУЛАТ DV-1150 (302RV93020) для Kyocera ECOSYS P2040, M2040, P2235 (100000 стр.);;;100.0;bulat_2026-08-17_p15;2026-08-17
;DFKYEP4040020;fGDyeRiTgLKJMEvh9QXks3;Блок проявки БУЛАТ DV-7300 (302P793080) для Kyocera ECOSYS P4040;;;20.0;bulat_2026-08-17_p11;2026-08-17
;DFRCAF1015010;T5kNo0Y5hZIWDNJYbssw61;Драм-картридж БУЛАТ s-Line 2015, MP2000 (B2592210, B2592200) для Ricoh Aficio 1015, MP 1500, MP 1900 (Чёрный, 60000 стр.), в сборе с барабаном и девелопером, универсальный, ref.;;;50.0;bulat_2026-08-17_p5;2026-08-17
;DFRCAF1022030;sEir9bIvj6sV16McavAzP0;Блок проявки БУЛАТ s-Line MP3353 (нижняя часть) для Ricoh Aficio 1022, MP 3353 (Чёрный, 60000 стр.);;;20.0;bulat_2026-08-17_p8;2026-08-17
;DFRCMP2554020;rSD7Z7LMhSFPZA1tnXJT60;Драм-картридж БУЛАТ s-Line MP2554, MP3554 (D8690122, D2020124) для Ricoh Aficio MP 2554, MP 3554 (Чёрный, 50000 стр.) в сборе с барабаном и c девелопером, универсальный, ref.;;;50.0;bulat_2026-08-17_p8;2026-08-17
;DFRX000D95020;FV3GX0qljLR23AgglRRlF1;Драм-картридж БУЛАТ s-Line 013R00668, 013R00666 для Xerox D95, совместимый;;;50.0;bulat_2026-08-17_p12;2026-08-17
;DFRXVL7125020;HrM1VaK3h0-qCZTUtwVtk1;Драм-картридж БУЛАТ s-Line 013R00687 для Xerox VersaLink B7125 (Чёрный, 80000 стр.), ref.;;;51.0;bulat_2026-08-17_p16;2026-08-17
;DFRXWC5225030;r5zIGC0-gPqhb3LyXqMgS1;Драм-картридж БУЛАТ s-Line 101R00435 для Xerox WC 5225 (Чёрный, 80000 стр), ref.;;;50.0;bulat_2026-08-17_p10;2026-08-17
;DFSHMX2301010;11y9zyZ8gCUyCPth6j7r02;Тонер-картридж БУЛАТ s-Line MX-31GTBA для Sharp MX-2301 (Чёрный, 18000 стр.), совместимый;;;20.0;bulat_2026-08-17_p6;2026-08-17
;DFSHMX2301020;R37KZJJVgDehKb7PTl9023;Тонер-картридж БУЛАТ s-Line MX-31GTCA для Sharp MX-2301 (Голубой, 15000 стр.), совместимый;;;20.0;bulat_2026-08-17_p6;2026-08-17
;DFSHMX2301030;GODn5VDfgAf6cJa8abVGJ0;Тонер-картридж БУЛАТ s-Line MX-31GTMA для Sharp MX-2301 (Пурпурный, 15000 стр.), совместимый;;;20.0;bulat_2026-08-17_p6;2026-08-17
;DFTSES2822010;BFRDCtICgW9HEemDRF17z2;Тонер-картридж БУЛАТ s-Line T-2822E для Toshiba e-Studio 2822 (Чёрный, 17500 стр.), совместимый;;;50.0;bulat_2026-08-17_p10;2026-08-17
;EAMN00C654020;1YkUYLsJh0eaVdM61zINn3;Тонер-картридж БУЛАТ s-Line TNP711C для Konica Minolta bizhub C654, C754 (Голубой, 31500 стр.);;;20.0;bulat_2026-08-17_p5;2026-08-17
;EAMN00C654030;1R85UXgQgpck-wNyMwcUE1;Тонер-картридж БУЛАТ s-Line TNP711M для Konica Minolta bizhub C654, C754 (Пурпурный, 31500 стр.);;;20.0;bulat_2026-08-17_p5;2026-08-17
;EAMN00C654040;-DP-NtZCjlzgubFyKOK5e1;Тонер-картридж БУЛАТ s-Line TNP711Y для Konica Minolta bizhub C654, C754 (Жёлтый, 31500 стр.);;;20.0;bulat_2026-08-17_p5;2026-08-17
;EAMNBZ3350080;AJseZO4tiVoCaXhfe-NX51;Тонер-картридж БУЛАТ s-Line TNP48Y для Konica Minolta bizhub C3350, C3850 (Жёлтый, 10000 стр.);;;20.0;bulat_2026-08-17_p5;2026-08-17
;EARCMP4501020;UpdmFsKxgS5XuzLSUSY272;Тонер-картридж БУЛАТ s-Line MP C5501E (841459) для Ricoh Aficio MP C4501, MP C5501 (Голубой, 18000 стр.);;;20.0;bulat_2026-08-17_p3;2026-08-17
;EARCMP4501030;1qwVEjJnjhgd7iBIPvmYV2;Тонер-картридж БУЛАТ s-Line MP C5501E (841458) для Ricoh Aficio MP C4501, MP C5501 (Пурпурный, 18000 стр.);;;20.0;bulat_2026-08-17_p3;2026-08-17
;EARCMP4501040;x55stqt1jLKUMnoBMFLhq2;Тонер-картридж БУЛАТ s-Line MP C5501E (841457) для Ricoh Aficio MP C4501, MP C5501 (Жёлтый, 18000 стр.);;;20.0;bulat_2026-08-17_p3;2026-08-17
;EFCN0C5030010;-Zc9orQDj1b3cjevC98YS1;Тонер-картридж БУЛАТ s-Line C-EXV29K для Canon iR C5030 (Чёрный, 36000 стр.);;;50.0;bulat_2026-08-17_p2;2026-08-17
;EFCN0C5840050;fK8hvKBMjpDAWMNGNyeXh3;Тонер-картридж БУЛАТ s-Line C-EXV58L для Canon iR DX C5840i (Голубой, 26000 стр.);;;20.0;bulat_2026-08-17_p16;2026-08-17
;EFCN0C5840060;37rwIuHXi4i2TBz9kgjo01;Тонер-картридж БУЛАТ s-Line C-EXV58L для Canon iR DX C5840i (Пурпурный, 26000 стр.);;;20.0;bulat_2026-08-17_p16;2026-08-17
;EFCN0C5840070;VIYZSg48ijBlYC1PkxrYq2;Тонер-картридж БУЛАТ s-Line C-EXV58L для Canon iR DX C5840i (Жёлтый, 26000 стр.);;;20.0;bulat_2026-08-17_p16;2026-08-17
;EFCNIR1225050;vRNfITP7iTq6kYxfcol-y3;Драм-картридж БУЛАТ s-Line 034K для Canon iR C1225 (Чёрный, 34000 стр.), ref.;;;50.0;bulat_2026-08-17_p9;2026-08-17
;EFKM00C258070;CTW6-iLhiTOCW7AZsLc7q1;Блок проявки БУЛАТ s-Line DV313K для Konica Minolta bizhub C258 (Чёрный, 600000 стр.), ref.;;;20.0;bulat_2026-08-17_p7;2026-08-17
;EFKM00C258080;z6qNLCC0gTZ2f3qH4Gs5q3;Блок проявки БУЛАТ s-Line DV313C для Konica Minolta bizhub C258 (Голубой, 600000 стр.), ref.;;;20.0;bulat_2026-08-17_p7;2026-08-17
;EFKM00C258100;fVt7mU3KhdzvL-nCedaCz3;Блок проявки БУЛАТ s-Line DV313Y для Konica Minolta bizhub C258 (Жёлтый, 600000 cтр.), ref.;;;50.0;bulat_2026-08-17_p7;2026-08-17
;EFKMBZ3351050;MUtMqGhdhSRqec66PIDh90;Драм-картридж БУЛАТ IUP-24(A95X01D) для Konica Minolta bizhub C3351 (Чёрный, 60000 стр.), ref.;;;20.0;bulat_2026-08-17_p13;2026-08-17
;EFKMBZ3351070;k7PybIwFjTehhYSS6pF5N0;Драм-картридж БУЛАТ IUP-24 (A95X0CD) для Konica Minolta bizhub C3351 (Пурпурный, 50000 стр.), ref.;;;20.0;bulat_2026-08-17_p13;2026-08-17
;EFKMBZ3351080;Dq1OU4SJi7VyEXXFMK3mJ3;Драм-картридж БУЛАТ IUP-24(A95X06D) для Konica Minolta bizhub C3351 (Жёлтый, 50000 стр.), ref.;;;20.0;bulat_2026-08-17_p13;2026-08-17
;EFKMBZC659030;i74jVPPAiCdSRJtqdsv-P2;Тонер-картридж БУЛАТ s-Line TN713M для Konica Minolta bizhub C659 (Пурпурный, 33200 стр.);;;20.0;bulat_2026-08-17_p11;2026-08-17
;EFKMBZC659040;9CPSvcEQiDakzH7lH3QHE0;Тонер-картридж БУЛАТ s-Line TN713Y для Konica Minolta bizhub C659 (Жёлтый, 33200 стр.);;;20.0;bulat_2026-08-17_p11;2026-08-17
;EFKYEP8060170;87iIs6m9gDujkJPFjeIwb2;Драм-картридж БУЛАТ DK-8550 для Kyocera ECOSYS P8060c, TASKalfa 4052ci, ref.;;;50.0;bulat_2026-08-17_p13;2026-08-17
;EFLX0CS923060;lOTaAo2RigOJZ19qi6MlA0;Драм-картридж БУЛАТ s-Line 76C0PV0 для Lexmark CS, CX923 (Цветной, 90000 стр.), совместимый, под заказ;;;20.0;bulat_2026-08-17_p12;2026-08-17
;EFRC0C2030010;o5daEJK5iTOFumtWmSayU3;Блок фотобарабана в сборе с блоком проявки БУЛАТ s-Line MP C2030, MP C2051 (D0392040 + D8093001) для Ricoh Aficio MP C2030, MP C2051 (Чёрный, 240000 стр.), универсальный, ref.;;;20.0;bulat_2026-08-17_p6;2026-08-17
;EFRC0C2030020;M3Nl8UXqiwjnRrplWI6un2;Блок фотобарабана в сборе с блоком проявки БУЛАТ s-Line MP C2030, MP C2051 (D0392040 + D8093002) для Ricoh Aficio MP C2030, MP C2051 (Голубой, 240000 стр.), универсальный, ref.;;;20.0;bulat_2026-08-17_p6;2026-08-17
;EFRCMC2000050;geZ3zS-SiqpGcqPdkKnes1;Блок фотобарабана в сборе с блоком проявки БУЛАТ D0BK2200, IM C2500 для Ricoh M C2000, IM C2000 (Чёрный), ref.;;;20.0;bulat_2026-08-17_p13;2026-08-17
;EFRCMC2000070;AaduVGPxiKldsibN-llOJ3;Блок фотобарабана в сборе с блоком проявки БУЛАТ D0BK2202, IM C2500 для Ricoh M C2000, IM C2000 (Пурпурный), ref.;;;20.0;bulat_2026-08-17_p13;2026-08-17
;EFRCMC2000080;LHMogbZ2jAW1XWffp3cnV3;Блок фотобарабана в сборе с блоком проявки БУЛАТ D0BK2203, IM C2500 для Ricoh M C2000, IM C2000 (Жёлтый), ref.;;;20.0;bulat_2026-08-17_p13;2026-08-17
;EFRCMP2004050;lkMOdCQBg-RzRfXoBW2b41;Блок фотобарабана БУЛАТ s-Line PCDU (D2442207, D2442227) в сборе с блоком проявки для Ricoh MP C2004 (Жёлтый), ref.;;;20.0;bulat_2026-08-17_p14;2026-08-17
;EFRCMP3003020;26DqstxvgZ4OniKXqALyA0;Блок фотобарабана БУЛАТ D1862219, D1862229 для Ricoh MP C3003 (Цветной), ref.;;;50.0;bulat_2026-08-17_p13;2026-08-17
;EFRCMP3003030;1DbyqvgviSxiRb4yRyeve0;Блок фотобарабана в сборе с блоком проявки D1862275 для Ricoh MP C3003 (Чёрный), ref.;;;20.0;bulat_2026-08-17_p13;2026-08-17
;EFRCMP3004020;mWPAuwYHhOdHEYOpdEoao1;Блок фотобарабана в сборе с блоком проявки БУЛАТ для Ricoh MP C3004 (D2392285) Голубой, ref.;;;20.0;bulat_2026-08-17_p16;2026-08-17
;EFRCMP3004030;d6OrtYTBg6I7x59kwNuMb1;Блок фотобарабана в сборе с блоком проявки БУЛАТ для Ricoh MP C3004 (D2392286) Пурпурный, ref.;;;20.0;bulat_2026-08-17_p16;2026-08-17
;EFRCMP3004040;ZFSSed00ic7ECY3N37PmY3;Блок фотобарабана в сборе с блоком проявки БУЛАТ для Ricoh MP C3004 (D2392287) Жёлтый, ref.;;;20.0;bulat_2026-08-17_p16;2026-08-17
;EFRX00VS80060;GwjxaqlHinp-qQuM6wYZs3;Блок проявки БУЛАТ 948K16840 Цветной для  Xerox Versant 80, 2100 (Developer Housing Assembly), ref.;;;20.0;bulat_2026-08-17_p15;2026-08-17
;EFRXVL7120050;DOsTWi55h9jQvBizNPdZD2;Драм-картридж БУЛАТ s-Line Xerox 013R00688 для VersaLink C7120 (Цветной, 109000 стр.), ref.;;;50.0;bulat_2026-08-17_p16;2026-08-17
;EFSMSL4300010;NOGehteNgRs7whtg1GEcS3;Тонер-картридж БУЛАТ s-Line CLT-K808S для Samsung SL-X4300 (Чёрный, 23000 стр.), старая версия чипа;;;20.0;bulat_2026-08-17_p6;2026-08-17
;EFSMSL4300020;iISxdzgwh8mXYenHDOEsu3;Тонер-картридж БУЛАТ s-Line CLT-C808S для Samsung SL-X4300 (Голубой, 20000 стр.), старая версия чипа;;;20.0;bulat_2026-08-17_p6;2026-08-17
;EFSMSL4300030;KHE34H46gt4HbSVMYfiSS3;Тонер-картридж БУЛАТ s-Line CLT-M808S для Samsung SL-X4300 (Пурпурный, 20000 стр.), старая версия чипа;;;20.0;bulat_2026-08-17_p6;2026-08-17
;EFSMSL4300040;05r-4pTjj8a7yVRIpT0za1;Тонер-картридж БУЛАТ s-Line CLT-Y808S для Samsung SL-X4300 (Жёлтый, 20000 стр.), старая версия чипа;;;20.0;bulat_2026-08-17_p6;2026-08-17
;GAEP00L100010;scLOCG48ibNgZt5mhbQrY1;Поглотитель чернил (памперс) БУЛАТ 1627961 для Epson L100, L200 (10000 стр.);;;100.0;bulat_2026-08-17_p12;2026-08-17
;GAEP00M100010;PKz5KKuYgpPDNHGwBbpM91;Поглотитель чернил (памперс) БУЛАТ 1799792, 1746399, 1584721 для Epson M100, M200, L550, L555;;;50.0;bulat_2026-08-17_p11;2026-08-17
;GAEP0L6160020;bmkJpu1XjrNcgk1ImHHXI3;Поглотитель чернил (памперс) БУЛАТ T04D100, C13T04D100 для Epson M3170, L6160, M1140, L14150;;;101.0;bulat_2026-08-17_p12;2026-08-17
;GAEPSPR290010;qjEwxobVgDZLpnE4FPY3e3;Поглотитель чернил (памперс) БУЛАТ 1469197 для Epson StylusPhoto R290, L800;;;51.0;bulat_2026-08-17_p12;2026-08-17
;GDCN0G1420010;tfiLVGxPgsONHq8k3pYGZ3;Чернила Canon GI-41PGBK, Чёрные (6000 стр., 135 мл) pigment;;;50.0;bulat_2026-08-17_p11;2026-08-17
;GDCN0GI490010;tIdCvNI5gFof7RhL4cuDg1;Чернила Canon GI-490BK (0663C001), Чёрные (6000 стр., 135 мл) dye;;;100.0;bulat_2026-08-17_p11;2026-08-17
;GDCN0UNIV0010;5P-alZEbhioW5PeZ5582p1;Чернила Canon Universal, Чёрные банка 500 мл pigment;;;20.0;bulat_2026-08-17_p11;2026-08-17
;GDCN0UNIV0030;2NN-ejwPiidP21S9wBs473;Чернила Canon Universal, Голубые банка 500 мл dye;;;20.0;bulat_2026-08-17_p11;2026-08-17
;GDCN0UNIV0040;D5i6Dk44huhyXJmhc3t-20;Чернила Canon Universal, Пурпурные банка 500 мл dye;;;20.0;bulat_2026-08-17_p11;2026-08-17
;GDCN0UNIV0050;CHspJweVjsKSdfQYzplUD0;Чернила Canon Universal, Жёлтые банка 500 мл dye;;;20.0;bulat_2026-08-17_p11;2026-08-17
;GDCN0UNIV0060;7wZeKKKLjQrN-PokdNWXO2;Чернила Canon Universal, Чёрные банка 100 мл pigment;;;50.0;bulat_2026-08-17_p14;2026-08-17
;GDEP00L800030;PQw7mWmjgBDrhaBo43RZ81;Контейнер с чернилами (с клапаном) БУЛАТ T6733, C13T67334A для Epson L800, Пурпурный (70 мл) dye;;;300.0;bulat_2026-08-17_p11;2026-08-17
;GDEP00L800040;ta48gexVgSYcwmlleT7l11;Контейнер с чернилами (с клапаном) БУЛАТ T6734, C13T67344A для Epson L800, Жёлтый (70 мл) dye;;;300.0;bulat_2026-08-17_p11;2026-08-17
;GDEP00L800100;XlZXo-mLiewoeyixCuBlC3;Контейнер с чернилами (с клапаном) БУЛАТ C13T67344A  для Epson L800 T6734, Жёлтый (100 мл) dye;;;301.0;bulat_2026-08-17_p11;2026-08-17
;GDEP0L1455020;iqQfXVkxggidPUlDy2HRv0;Контейнер с чернилами БУЛАТ C13T77414A, T7741 для Epson L1455, L605, M100, Чёрный (6000 стр., 140 мл) pigment;;;200.0;bulat_2026-08-17_p11;2026-08-17
;GDEP0L4150010;gbAx4a0gjtkcPWnYiWAzh3;Контейнер с чернилами БУЛАТ C13T03V14A для Epson L4150, L6160 101, Чёрный (7500 стр., 127 мл);;;202.0;bulat_2026-08-17_p11;2026-08-17
;GDEP0L4150020;Jtp0hacejRc4JA1RsZRBI1;Контейнер с чернилами БУЛАТ C13T03V24A, E-101 для Epson L4150, L6160, Голубой (6000 стр., 70 мл);;;200.0;bulat_2026-08-17_p11;2026-08-17
;GDEP0L4150030;zIu5SGtej4WLb0EqyyGd21;Контейнер с чернилами БУЛАТ C13T03V34A для Epson L4150, L6160 101, Пурпурный (6000 стр., 70 мл);;;200.0;bulat_2026-08-17_p11;2026-08-17
;GDEP0L4150040;5eYM80Mij68GcPYM09Eh41;Контейнер с чернилами БУЛАТ C13T03V44A для Epson L4150, L6160, Жёлтый (6000 стр., 70 мл);;;200.0;bulat_2026-08-17_p11;2026-08-17
;GDEP0L8160010;SPwz1fsVgjZxHXnJCSg3T2;Чернила 115, C13T07C14A для Epson L8160, L8180 (банка с колпачком), Чёрные (6700 стр., 70 мл) pigment;;;20.0;bulat_2026-08-17_p14;2026-08-17
;GDEP0L8160020;YITexpo4j9f1RBL7SK8No0;Чернила БУЛАТ 115, C13T07D14A для Epson L8160 , L8180 (банка с колпачком), Чёрные (70 мл);;;50.0;bulat_2026-08-17_p14;2026-08-17
;GDEP0M1100010;zrOEGgTbgLuO0Om4lzu1d0;Контейнер с чернилами БУЛАТ C13T03P14A, E-110 для Epson M1100, M1170, M2140 Чёрный XL (6000 стр., 120 мл) pigment;;;300.0;bulat_2026-08-17_p11;2026-08-17
;GDEP0T7741010;G-zakYY-ioGglPqffBZ1S1;Чернила Epson T7741, C13T77414A, Чёрные банка 500 мл pigment;;;52.0;bulat_2026-08-17_p12;2026-08-17
;GDEP0UNIV0050;ZnMNj822gsrmmAFfJddnW3;Чернила Epson Universal Light, Голубые банка 100 мл dye;;;50.0;bulat_2026-08-17_p12;2026-08-17
;GDEP0UNIV0060;kHT7Lr9Ai906bc0iYaDvi2;Чернила Epson Universal Light, Пурпурные, банка 100 мл dye;;;50.0;bulat_2026-08-17_p12;2026-08-17
;GDEP0UNIV0080;zLoNwMzfgqYFGbVRxaQ5O0;Чернила Epson Universal, Голубые банка 500 мл dye;;;100.0;bulat_2026-08-17_p12;2026-08-17
;GDEP0UNIV0090;0erWUEGeiLZ4v1CEL8cGO0;Чернила Epson Universal, Пурпурные, банка 500 мл dye;;;100.0;bulat_2026-08-17_p12;2026-08-17
;GDEP0UNIV0100;L90BQro-huEydLq5aRguZ2;Чернила Epson Universal, Жёлтые, банка 500 мл dye;;;100.0;bulat_2026-08-17_p12;2026-08-17
;GDEP0UNIV0110;Cbby5EMniu55XcfPokg-K2;Чернила Epson Universal Light, Голубые, банка 500 мл dye;;;50.0;bulat_2026-08-17_p12;2026-08-17
;GDEP0UNIV0120;FbE421KghMOb58QyBWoOM3;Чернила Epson Universal Light, Пурпурные банка 500 мл dye;;;50.0;bulat_2026-08-17_p12;2026-08-17
;GDEPL15150010;ZfdpWE8njfBxXbZZxo8o02;Контейнер с чернилами БУЛАТ 112, C13T06C14A для Epson L15150, L6550, Pro L6580, M15140 (Чёрный, 7500 стр., 127 мл) pigment;;;100.0;bulat_2026-08-17_p14;2026-08-17
;GDHELCUNIV050;y9PBc7K6gIHyZ-VxwEFzL1;Чернила БУЛАТ чёрные, универсальные банка (70мл) dye для HP, Epson, Lexmark, Canon, Brother;;;200.0;bulat_2026-08-17_p14;2026-08-17
;GDHP00GT52040;kWa9YLaojsWqlaezyjOUc2;Чернила HP GT52 (M0H54AE), Голубые (100 мл) dye;;;50.0;bulat_2026-08-17_p12;2026-08-17
;GDHP00GT52050;GJ6-Qd6Zhsylapn-JN6e10;Чернила HP GT52 (M0H55AE), Пурпурные (100 мл) dye;;;50.0;bulat_2026-08-17_p12;2026-08-17
;GDHP00GT52060;Br2CZs65gl88fXm3mvrwP2;Чернила HP GT52 (M0H56AE), Жёлтые (100 мл) dye;;;50.0;bulat_2026-08-17_p12;2026-08-17
;GDHP0UNIV0010;Uy4m4kUghzubKyejBaRpQ2;Чернила HP Universal, Чёрные банка 500 мл pigment;;;50.0;bulat_2026-08-17_p12;2026-08-17
;GDHP0UNIV0020;8oNEVXC0hXS0MIid8pqRS0;Чернила HP Universal, Чёрные банка 500 мл dye;;;50.0;bulat_2026-08-17_p12;2026-08-17
;GDHP0UNIV0030;LuttSNV5gTe7ZREYVZy5-0;Чернила HP Universal, Голубые, банка 500 мл dye;;;50.0;bulat_2026-08-17_p12;2026-08-17
;GDHP0UNIV0040;3uel0k9DgNwuroWs6sVUR3;Чернила HP Universal, Пурпурные банка 500 мл dye;;;50.0;bulat_2026-08-17_p12;2026-08-17
;GDHP0UNIV0050;kj0Yae9djjFIGD6CuSDn83;Чернила HP Universal, Жёлтые банка 500 мл dye;;;50.0;bulat_2026-08-17_p12;2026-08-17
;GFCNIP1200010;4c0jndgPjxccJJ8SKhttd1;Струйный картридж БУЛАТ CL-41 Color (0617B025) для Canon Pixma iP1200, 2200, 6210, MP140, MX300 (Цветной, 18 мл), ref.;;;20.0;bulat_2026-08-17_p15;2026-08-17
;GFCNIP1200020;monqICZYgbF3P17pLp8hs1;Струйный картридж БУЛАТ PG-40 (0615B025) для Canon Pixma iP1200, 2200, 6210, MP140, MX300 (Чёрный, 18 мл), ref.;;;50.0;bulat_2026-08-17_p15;2026-08-17
;GFCNMG2110010;1Fkhza9LjhDzlmUSPe27A0;Струйный картридж PG-140XL (5200B001) для Canon Pixma MG2110, MX371, TS5110 (Чёрный, 300 стр., 18 мл), ref.;;;50.0;bulat_2026-08-17_p16;2026-08-17
;GFCNMG2110020;8XTxMbl0jrNrjE5zXgmkl1;Струйный картридж CL-141XL Color (5202B001) для Canon Pixma MG2110, MX371, TS5110 (Цветной, 400 стр.,18 мл), ref.;;;50.0;bulat_2026-08-17_p16;2026-08-17
;GFCNMG2140010;U4qEFPSajfe3YYFfwnpae1;Струйный картридж БУЛАТ PG-440XL (5216B001) для Canon Pixma MG2140, 3140 (Чёрный, 18 мл), ref.;;;50.0;bulat_2026-08-17_p15;2026-08-17
;GFCNMG2140020;7faVBGrrgmshBtKqEUatu0;Струйный картридж БУЛАТ CL-441XL Color (5220B001) для Canon Pixma MG2140, 3140 (Цветной, 18 мл), ref.;;;50.0;bulat_2026-08-17_p15;2026-08-17
;GFCNMG2440010;ZKyQfkksgJPnXycM2us4H3;Струйный картридж БУЛАТ PG-445XL (8282B001) для Canon Pixma MG2440, 2540, MX494, iP2840, TS204 (Чёрный, 14 мл), ref.;;;20.0;bulat_2026-08-17_p15;2026-08-17
;GFCNPFI102010;hEXS6ERFiR4NA0WnlA03l3;Струйный картридж БУЛАТ PFI-102BK (0895B001) для Canon imagePROGRAF iPF500, iPF600, iPF700, LP17 (Чёрный, 130 мл);;;50.0;bulat_2026-08-17_p15;2026-08-17
;GFCNPFI102020;DiW3uKDeib6LvFUHIPyxp0;Струйный картридж БУЛАТ PFI-102MBK (0894B001) для Canon imagePROGRAF iPF500, iPF600, iPF700, LP17 (Матовый чёрный, 130 мл) pigment;;;50.0;bulat_2026-08-17_p15;2026-08-17
;GFCNPFI102030;oIhrBO2LjXCYpvhQ0sKXP0;Струйный картридж БУЛАТ PFI-102C (0896B001) для Canon imagePROGRAF iPF500, iPF600, iPF700, LP17 (Голубой, 130 мл);;;50.0;bulat_2026-08-17_p15;2026-08-17
;GFCNPFI102050;DDHczKt9jWhoyJ9Z6QLq01;Струйный картридж БУЛАТ PFI-102Y (0898B001) для Canon imagePROGRAF iPF500, iPF600, iPF700, LP17 (Жёлтый, 130 мл);;;50.0;bulat_2026-08-17_p15;2026-08-17
;GFCNPFI104010;6u5yBXKTj8COa172aB2BI0;Струйный картридж БУЛАТ PFI-104M (3631B001) для Canon imagePROGRAF iPF650, iPF750 (Пурпурный, 130 мл) pigment;;;20.0;bulat_2026-08-17_p15;2026-08-17
;GFCNPFI320040;xjTm24moiaAQhwG0iiU6r1;Струйный картридж БУЛАТ PFI-320M (2892C001) для Canon imagePROGRAF TM-200, TM-300 (Пурпурный, 300 мл);;;20.0;bulat_2026-08-17_p14;2026-08-17
;GFCNPFI710020;e41pu9AYh3lm29m7QwNQJ3;Струйный картридж БУЛАТ PFI-710BK (2354C001), Чёрный, 700 мл, pigment для Canon imagePROGRAF TX-3000, TX-4000;;;20.0;bulat_2026-08-17_p15;2026-08-17
;GFCNPFI710030;fEunAd2wh6ILd9EMtm1jk0;Струйный картридж БУЛАТ PFI-710C (2355C001) Голубой, 700мл, pigment для Canon imagePROGRAF TX-3000, TX-4000;;;20.0;bulat_2026-08-17_p15;2026-08-17
;GFCNPFI710040;7DmWbz2FjbxKvp05whayH2;Струйный картридж БУЛАТ PFI-710M (2356C001), Пурпурный, 700 мл, pigment для Canon imagePROGRAF TX-3000, TX-4000;;;20.0;bulat_2026-08-17_p15;2026-08-17
;GFCNPFI710050;Op2qkyNPgj2IAKVve6uaI2;Струйный картридж БУЛАТ PFI-710Y (2357C001) Жёлтый, 700 мл, pigment для Canon imagePROGRAF TX-3000, TX-4000;;;20.0;bulat_2026-08-17_p15;2026-08-17
;GFEP0M5290010;5cZDVWQdhxHnbn3pkf0N60;Струйный картридж БУЛАТ Т9461, C13T946140 (XL) для Epson WorkForce Pro WF-C5290DW,  Чёрный (10000 стр.);;;50.0;bulat_2026-08-17_p11;2026-08-17
;GFEP0M5298010;aOEXLtwciqADiLZgK4nPf3;Струйный картридж БУЛАТ T9661, C13T966140 XXL для Epson WorkForce Pro WF-M5299, Чёрный (40000 стр.);;;200.0;bulat_2026-08-17_p11;2026-08-17
;GFEPM20590010;oti9ZlO8gn6sSn6kilfp-0;Струйный картридж БУЛАТ C13T04Q100 для Epson WorkForce WF-M20590D4TW E-04Q1 (60000 стр.);;;20.0;bulat_2026-08-17_p13;2026-08-17
;GFEPSP7700010;nQcNeGjZhlcpSaEMaKP7g1;Струйный картридж БУЛАТ T6361, C13T636100 Photo Black (700 мл) pigment для Epson Stylus Pro 7700, 7890, 7900, 9700, 9890, 9900, WT7900;;;20.0;bulat_2026-08-17_p15;2026-08-17
;GFEPSP7700020;XTJM9fhiiF0XnokXZltsQ2;Струйный картридж БУЛАТ T6362, C13T636200 Cyan (700мл) pigment для Epson Stylus Pro 7700, 7890, 7900, 9700, 9890, 9900, WT7900;;;20.0;bulat_2026-08-17_p15;2026-08-17
;GFEPSP7700030;r79JuGX4hkqnjdttN311d2;Струйный картридж БУЛАТ T6363, C13T636300 Magenta (700мл) pigment для Epson Stylus Pro 7700, 7890, 7900, 9700, 9890, 9900, WT7900;;;20.0;bulat_2026-08-17_p15;2026-08-17
;GFEPSP7700040;qKuq6ZvDiTSoT-In-ah3T0;Струйный картридж БУЛАТ T6364, C13T636400 Yellow (700мл) pigment для Epson Stylus Pro 7700, 7890, 7900, 9700, 9890, 9900, WT7900;;;20.0;bulat_2026-08-17_p15;2026-08-17
;GFEPSP7700050;SgNYCtxHgXmyno7-sYdvV0;Струйный картридж БУЛАТ T6368 / C13T636800 Matte Black (700мл) pigment для Epson Stylus Pro 7700, 7890, 7900, 9700, 9890, 9900, WT7900;;;20.0;bulat_2026-08-17_p15;2026-08-17
;GFEPSP7890010;7gMrTwEkhqhBQrdeqhx4x2;Струйный картридж БУЛАТ T6365, C13T636500 для Epson Stylus Pro 7890, 7900, 9700, 9890, 9900, WT7900 (Светло-голубой, 700 мл) pigment;;;20.0;bulat_2026-08-17_p15;2026-08-17
;GFEPSP7890020;tEDvUeXqhO53wmWYRv40F1;Струйный картридж БУЛАТ T6366, C13T636600 для Epson Stylus Pro 7890, 7900, 9700, 9890, 9900, WT7900 (Светло-пурпурный, 700 мл) pigment;;;20.0;bulat_2026-08-17_p15;2026-08-17
;GFEPSP7890030;pBuu2pjhhAzTNKCyhcXAx0;Струйный картридж БУЛАТ T6367, C13T636700 для Epson Stylus Pro 7890, 7900, 9700, 9890, 9900, WT7900 (Серый, 700 мл, pigment);;;20.0;bulat_2026-08-17_p15;2026-08-17
;GFEPSP7890040;GWxIKheSgvFhbGVaHkIMH1;Струйный картридж БУЛАТ T6369, C13T636900 для Epson Stylus Pro 7890, 7900, 9700, 9890, 9900, WT7900 (Светло-серый, 700 мл, pigment);;;20.0;bulat_2026-08-17_p15;2026-08-17
;GFEPWF6090020;bJghpGbSiCpDllOmn1r6F0;Струйный картридж БУЛАТ T9072, C13T907240 для Epson WorkForce Pro WF-6090, WF-6590 (Голубой, XXL, 7000 стр., 90 мл);;;50.0;bulat_2026-08-17_p14;2026-08-17
;GFEPWF8190010;75YH7Db6jYrfrZySkjNTC3;Струйный картридж БУЛАТ T04A1, C13T04A140 для Epson WorkForce Pro WF-C8190, WF-C8690 (Чёрный, XXL,11500 стр., 240 мл);;;50.0;bulat_2026-08-17_p14;2026-08-17
;GFEPWF8190030;HGHsmj33jMnwh2x00tK8R1;Струйный картридж БУЛАТ T04A3, C13T04A340 для Epson WorkForce Pro WF-C8190, WF-C8690 (Пурпурный, XXL, 8000 стр.);;;20.0;bulat_2026-08-17_p14;2026-08-17
;GFEPWF8190040;Igofs5fNhy1OuVqv6FDLd3;Струйный картридж БУЛАТ T04A4, C13T04A440 для Epson WorkForce Pro WF-C8190, WF-C8690 (Жёлтый, XXL, 8000 стр., 90 мл);;;50.0;bulat_2026-08-17_p14;2026-08-17
;GFEPWF8190060;rww4uhKciF4XjHz9Zncxk3;Струйный картридж БУЛАТ T04B2, C13T04B240 для Epson WorkForce Pro WF-C8190, WF-C8610, WF-C8690 (Голубой, XL, 4600 стр.);;;50.0;bulat_2026-08-17_p14;2026-08-17
;GFEPWF8190070;qd0yulq2gMHPHNf-O9ppT1;Струйный картридж БУЛАТ T04B3, C13T04B340 для Epson WorkForce Pro WF-C8190, WF-C8610, WF-C8690 (Пурпурный, XL, 4600 стр., 62 мл);;;50.0;bulat_2026-08-17_p14;2026-08-17
;GFEPWF8190080;oaZHmf4EgI3iWR-SNhnzP3;Струйный картридж БУЛАТ T04B4, C13T04B440 для Epson WorkForce Pro WF-C8190, WF-C8610, WF-C8690 (Жёлтый, XL, 4600 стр., 62мл);;;50.0;bulat_2026-08-17_p14;2026-08-17
;GFEPWFC869020;6fGJmN8Pi90rR5LduNEDc1;Струйный картридж БУЛАТ Т9732, C13T973200 для Epson WorkForce Pro WF-C869 (Голубой, 22000 стр., 192 мл);;;50.0;bulat_2026-08-17_p14;2026-08-17
;GFEPWFC869030;KloXJyVWhfV6E0ub103RH3;Струйный картридж БУЛАТ Т9733, C13T973300 для Epson WorkForce Pro WF-C869 (Пурпурный, 22000 стр., 192 мл);;;50.0;bulat_2026-08-17_p14;2026-08-17
;GFEPWFC869040;zFtsHoYEiMH8OjDrY3-0Z2;Струйный картридж БУЛАТ Т9734, C13T973400 для Epson WorkForce Pro WF-C869 (Жёлтый, 22000 стр., 192 мл);;;50.0;bulat_2026-08-17_p14;2026-08-17
;GFEPWFC869050;ezYYSu6eiftGasJ6Hm3wi3;Струйный картридж БУЛАТ Т9741, C13T974100 (XXL) Чёрный, 86000 стр., pigment для Epson WorkForce Pro WF-C869;;;50.0;bulat_2026-08-17_p15;2026-08-17
;GFEPWFC878010;lhxJSuSkg-JMg2GI4RsmG1;Струйный картридж БУЛАТ T05A1, C13T05A100 для Epson WorkForce Pro WF-C878, WF-C879 (Чёрный, 20000 стр., 420 мл);;;50.0;bulat_2026-08-17_p14;2026-08-17
;GFEPWFC878020;rG1gwB2KjLijjAswRV1hJ3;Струйный картридж БУЛАТ T05A2, C13T05A200 для Epson WorkForce Pro WF-C878, WF-C879 (Голубой, 20000 стр., 220 мл);;;20.0;bulat_2026-08-17_p14;2026-08-17
;GFEPWFC878030;RMBGnwveh61q3aSgkUfFI2;Струйный картридж БУЛАТ T05A3, C13T05A300 для Epson WorkForce Pro WF-C878, WF-C879 (Пурпурнный, 20000 стр., 220 мл);;;20.0;bulat_2026-08-17_p14;2026-08-17
;GFEPWFC878040;2jrWTzovgInF3qQSpTrG72;Струйный картридж БУЛАТ T05A4, C13T05A400 для Epson WorkForce Pro WF-C878, WF-C879 (Жёлтый, 20000 стр., 220 мл);;;20.0;bulat_2026-08-17_p14;2026-08-17
;GFHPDJ1015020;dTnoX095hEbceYLVFeC5R2;Струйный картридж БУЛАТ 650XL (CZ102AE) для HP DeskJet 1015, 2515, 3515, 4515 (Цветной, 18 мл), ref.;;;20.0;bulat_2026-08-17_p16;2026-08-17
;GFHPDJ110P010;8QnGDHiUgrBjwMkidnNuR2;Струйный картридж БУЛАТ HP-10Bk, C4844A для HP DesignJet 110 Plus, Чёрный (2500 стр.);;;50.0;bulat_2026-08-17_p12;2026-08-17
;GFHPDJ110P020;bHzX7i8JhqsNIrqb5Osio3;Струйный картридж БУЛАТ C4836A для HP DesignJet 110 Plus, Голубой (2350 стр.);;;20.0;bulat_2026-08-17_p12;2026-08-17
;GFHPDJ1600010;PhBH9dXajxXW-KnDBFGwH2;Струйный картридж БУЛАТ 730 (P2V71A) для HP DesignJet T1600, T1700, T2600 (Матовый чёрный, 300 мл);;;50.0;bulat_2026-08-17_p16;2026-08-17
;GFHPDJ1600040;atPB6cKghvFw-bFn-DD8W2;Струйный картридж БУЛАТ 730 (P2V69A) для HP DesignJet T1600, T1700, T2600 (Пурпурный, 300 мл);;;50.0;bulat_2026-08-17_p16;2026-08-17
;GFHPDJ1600050;aZ0W8UVpi8mm0uK1sCyUO2;Струйный картридж БУЛАТ 730 (P2V70A) для HP DesignJet T1600, T1700, T2600 (Жёлтый, 300 мл);;;50.0;bulat_2026-08-17_p16;2026-08-17
;GFHPDJ1600060;YVnrVaYThAv-cm5B6L-Cc1;Струйный картридж БУЛАТ 730 (P2V72A) для HP DesignJet T1600, T1700, T2600 (Серый, 300 мл);;;50.0;bulat_2026-08-17_p16;2026-08-17
;GFHPDJ3100030;mKrKgDJniTa7YtH9IP34J3;Струйный картридж БУЛАТ 70 (C9452A) Голубой,135 мл, pigment для HP DesignJet Z3100, Z3200;;;50.0;bulat_2026-08-17_p15;2026-08-17
;GFHPDJ3100040;qqa3YkprjW5s-id0ExhZb2;Струйный картридж БУЛАТ 70 (C9453A) Пурпурный, 135 мл, pigment для HP DesignJet Z3100, Z3200;;;50.0;bulat_2026-08-17_p15;2026-08-17
;GFHPDJ3100070;aqMnsXTBiEWWhegEqbmSu2;Струйный картридж БУЛАТ 70 (C9455A) Пурпурный Светлый, 135 мл, pigment для HP DesignJet Z3100, Z3200;;;50.0;bulat_2026-08-17_p15;2026-08-17
;GFHPDJ5743010;Zk1YW0HAhXqBvGGuLkM4O3;Струйный картридж БУЛАТ C8767HE для HP DeskJet 5743, OfficeJet 6313 130 (Чёрный, 860 стр.);;;100.0;bulat_2026-08-17_p13;2026-08-17
;GFHPDJT920070;MSEnHyL2hesKTiV-VBOiU0;Струйный картридж БУЛАТ 727 (B3P19A) для HP DesignJet T920, T1500, T2500 (Голуболй, 130 мл, 130 стр.);;;50.0;bulat_2026-08-17_p16;2026-08-17
;GFHPDJT920080;Tp93YS27iOpfWEX1xP-Ya2;Струйный картридж БУЛАТ 727 (B3P20A) для HP DesignJet T920, T1500, T2500 (Пурпурный, 130 мл, 130 стр.);;;50.0;bulat_2026-08-17_p16;2026-08-17
;GFHPDJT920090;8aatQXgsgouNhNqaffFK33;Струйный картридж БУЛАТ 727 (B3P21A) для HP DesignJet T920, T1500, T2500 (Жёлтый, 130 мл, 130 стр.);;;20.0;bulat_2026-08-17_p16;2026-08-17
;GFHPDJT920110;MVRS7OlngOUEiyVJkQDKm2;Струйный картридж БУЛАТ 727 (B3P23A) Photo Black для HP DesignJet T920, T1500, T2500 (130 мл, 130 стр.);;;20.0;bulat_2026-08-17_p16;2026-08-17
;GFHPDJT920120;6AIM0r5bhOlDT6buDHSgu2;Струйный картридж БУЛАТ 727 (B3P24A) для HP DesignJet T920, T1500, T2500 (Серый, 130 мл, 130 стр.);;;20.0;bulat_2026-08-17_p16;2026-08-17
;GFHPOJ6000020;Hs5Ckk0HiJ8GS8oQBOqt30;Струйный картридж Булат 920XL (CD972AE) для HP OfficeJet 6000 (Голубой 700 стр.);;;50.0;bulat_2026-08-17_p14;2026-08-17
;GFHPOJ6100030;Rojb2lnjhzaXdgRT4sOTK3;Струйный картридж БУЛАТ CN055AE для HP OfficeJet 6100 933XL (Пурпурный, 825 стр.);;;50.0;bulat_2026-08-17_p13;2026-08-17
;GFHPOJ6100040;j3P8D06shna0MydlPl0xl0;Струйный картридж БУЛАТ CN056AE для HP OfficeJet 6100 933XL (Жёлтый, 825 стр.);;;50.0;bulat_2026-08-17_p13;2026-08-17
;GFHPOJX451010;m8r8ie2Jghn9tL4jHDflV0;Струйный картридж БУЛАТ 970XL (CN625AE) Чёрный, 9200 стр., pigment для HP OfficeJet Pro X451, X476, X551, X576;;;50.0;bulat_2026-08-17_p15;2026-08-17
;GFHPOJX451020;U2cvagalhnZjHxadtbLz01;Струйный картридж БУЛАТ 971XL (CN626AM) Голубой, 6600 стр. / 83 мл, pigment для HP OfficeJet Pro X451, X476, X551, X576;;;50.0;bulat_2026-08-17_p15;2026-08-17
;GFHPOJX451030;LSb6eUU8jyQEVpa7p7WDL1;Струйный картридж БУЛАТ 971XL (CN627AM) Пурпурный, 6600 стр. / 83 мл, pigment для HP OfficeJet Pro X451, X476, X551, X576;;;50.0;bulat_2026-08-17_p15;2026-08-17
;GFHPOJX451040;vWHeOEvSicSA2vZJ6ySEt1;Струйный картридж БУЛАТ 971XL (CN628AM) Жёлтый, 6600 стр. / 83 мл, pigment для HP OfficeJet Pro X451, X476, X551, X576;;;50.0;bulat_2026-08-17_p15;2026-08-17
;GFHPPWP452010;gAOVdG0cg7Rg0Owti16SX0;Струйный картридж БУЛАТ L0S07AE для HP PageWide Pro 452 973X (Чёрный, 10000 стр.);;;100.0;bulat_2026-08-17_p13;2026-08-17
;GFHPPWP452020;yV3tR2FIhNcJmWI7aawRM0;Струйный картридж БУЛАТ F6T81AE для HP PageWide Pro 452 973X (Голубой, 7000 стр.);;;50.0;bulat_2026-08-17_p13;2026-08-17
;GFHPPWP452030;CDBfdndshDyjDz9EGZkve3;Струйный картридж БУЛАТ F6T82AE для HP PageWide Pro 452 973X (Пурпурный, 7000 стр.);;;50.0;bulat_2026-08-17_p13;2026-08-17
;GFHPPWP452040;iEtzd4w7iXZceWf9Hx4x71;Струйный картридж БУЛАТ F6T83AE для HP PageWide Pro 452 973X (Жёлтый, 7000 стр.);;;50.0;bulat_2026-08-17_p13;2026-08-17
