external_code;причина;группа;наш_Д_см;наш_Ш_см;наш_В_см;внеш_Д_мм;внеш_Ш_мм;внеш_В_мм;наш_объём_л;внеш_объём_л;вес_внешний_кг;имя_колонки_веса;вес_карточки_wb_acc1_кг;кратность_значение;имя_колонки_кратности;источник;число_источников;карточек_wb_acc1;карточек_wb_acc2;src_file;src_locator;src_sha256
0078;izi: кратность в прайсе = 6;В;10.0;10.0;10.0;150.0;140.0;55.0;1.0;1.155;0.295;Вес;0.4;6;ШТ в упаковке;Изи.xlsx :: Данные по картриджам;3;1;1;/opt/mp-analytics/incoming/gab/Изи.xlsx;Данные по картриджам!r1185;4064fa397384d687b0349dbae769c7d4a21c54bf65a712f6c31981a966b8f971
0079;izi: кратность в прайсе = 6;В;10.0;10.0;10.0;150.0;140.0;55.0;1.0;1.155;0.27;Вес;0.4;6;ШТ в упаковке;Изи.xlsx :: Данные по картриджам;1;1;1;/opt/mp-analytics/incoming/gab/Изи.xlsx;Данные по картриджам!r1210;4064fa397384d687b0349dbae769c7d4a21c54bf65a712f6c31981a966b8f971
0080;izi: кратность в прайсе = 4;В;10.0;10.0;10.0;150.0;140.0;55.0;1.0;1.155;0.54;Вес;0.3;4;ШТ в упаковке;Изи.xlsx :: Данные по картриджам;2;1;1;/opt/mp-analytics/incoming/gab/Изи.xlsx;Данные по картриджам!r1229;4064fa397384d687b0349dbae769c7d4a21c54bf65a712f6c31981a966b8f971
0150;izi: кратность в прайсе = 4;В;5.0;5.0;2.0;135.0;90.0;45.0;0.05;0.547;0.18;Вес;0.28;4;ШТ в упаковке;Изи.xlsx :: Данные по картриджам;2;1;1;/opt/mp-analytics/incoming/gab/Изи.xlsx;Данные по картриджам!r1366;4064fa397384d687b0349dbae769c7d4a21c54bf65a712f6c31981a966b8f971
0155;izi: кратность в прайсе = 6;В;10.0;5.0;5.0;150.0;140.0;55.0;0.25;1.155;0.18;Вес;0.31;6;ШТ в упаковке;Изи.xlsx :: Данные по картриджам;3;1;1;/opt/mp-analytics/incoming/gab/Изи.xlsx;Данные по картриджам!r1209;4064fa397384d687b0349dbae769c7d4a21c54bf65a712f6c31981a966b8f971
0160;izi: кратность в прайсе = 4;В;10.0;8.0;5.0;150.0;140.0;55.0;0.4;1.155;0.18;Вес;0.31;4;ШТ в упаковке;Изи.xlsx :: Данные по картриджам;1;1;1;/opt/mp-analytics/incoming/gab/Изи.xlsx;Данные по картриджам!r1212;4064fa397384d687b0349dbae769c7d4a21c54bf65a712f6c31981a966b8f971
0204;izi: кратность в прайсе = 5;В;9.0;9.0;6.0;150.0;140.0;55.0;0.486;1.155;0.185;Вес;0.29;5;ШТ в упаковке;Изи.xlsx :: Данные по картриджам;1;1;1;/opt/mp-analytics/incoming/gab/Изи.xlsx;Данные по картриджам!r1180;4064fa397384d687b0349dbae769c7d4a21c54bf65a712f6c31981a966b8f971
0342;izi: кратность в прайсе = 4;В;10.0;10.0;10.0;150.0;140.0;55.0;1.0;1.155;0.54;Вес;0.4;4;ШТ в упаковке;Изи.xlsx :: Данные по картриджам;1;1;1;/opt/mp-analytics/incoming/gab/Изи.xlsx;Данные по картриджам!r1228;4064fa397384d687b0349dbae769c7d4a21c54bf65a712f6c31981a966b8f971
0343;izi: кратность в прайсе = 4;В;10.0;10.0;10.0;150.0;140.0;55.0;1.0;1.155;0.54;Вес;0.4;4;ШТ в упаковке;Изи.xlsx :: Данные по картриджам;1;1;1;/opt/mp-analytics/incoming/gab/Изи.xlsx;Данные по картриджам!r1227;4064fa397384d687b0349dbae769c7d4a21c54bf65a712f6c31981a966b8f971
0952;izi: кратность в прайсе = 4;В;10.0;10.0;10.0;150.0;140.0;55.0;1.0;1.155;0.54;Вес;0.35;4;ШТ в упаковке;Изи.xlsx :: Данные по картриджам;1;1;1;/opt/mp-analytics/incoming/gab/Изи.xlsx;Данные по картриджам!r1224;4064fa397384d687b0349dbae769c7d4a21c54bf65a712f6c31981a966b8f971
0962;izi: кратность в прайсе = 4;В;10.0;10.0;10.0;150.0;140.0;55.0;1.0;1.155;0.26;Вес;0.35;4;ШТ в упаковке;Изи.xlsx :: Данные по картриджам;1;1;1;/opt/mp-analytics/incoming/gab/Изи.xlsx;Данные по картриджам!r1226;4064fa397384d687b0349dbae769c7d4a21c54bf65a712f6c31981a966b8f971
1444;izi: кратность в прайсе = 5;В;10.0;10.0;10.0;150.0;140.0;55.0;1.0;1.155;0.215;Вес;0.26;5;ШТ в упаковке;Изи.xlsx :: Данные по картриджам;1;1;1;/opt/mp-analytics/incoming/gab/Изи.xlsx;Данные по картриджам!r1182;4064fa397384d687b0349dbae769c7d4a21c54bf65a712f6c31981a966b8f971
1554;двойной признак короба (объём >3× и вес ≥1.9×);В;10.0;8.0;5.0;175.0;120.0;58.0;0.4;1.218;0.6167;Вес брутто шт. кг;0.06;18;Кол-во ед._в_упаковке;Вся расходка Китай РФ Cactus GG PR.xlsx :: Лист1;1;1;1;/opt/mp-analytics/incoming/gab/Вся расходка Китай РФ Cactus GG PR.xlsx;Лист1!r1233;d0488dd393f71b9cb95cf51390c2aba1ef902bcac7a8eb2f95247679cc1d25fc
1556;двойной признак короба (объём >3× и вес ≥1.9×);В;10.0;8.0;5.0;175.0;120.0;58.0;0.4;1.218;0.6156;Вес брутто шт. кг;0.06;18;Кол-во ед._в_упаковке;Вся расходка Китай РФ Cactus GG PR.xlsx :: Лист1;1;1;1;/opt/mp-analytics/incoming/gab/Вся расходка Китай РФ Cactus GG PR.xlsx;Лист1!r1236;d0488dd393f71b9cb95cf51390c2aba1ef902bcac7a8eb2f95247679cc1d25fc
1922;двойной признак короба (объём >3× и вес ≥1.9×);В;10.0;8.0;5.0;335.0;130.0;55.0;0.4;2.395;1.2;Вес коробки кг;0.45;1;Кол-во в упаковке;САКУРА АБДУЛ 05.06.xlsx :: Струйная Sakura;2;1;1;/opt/mp-analytics/incoming/gab/САКУРА АБДУЛ 05.06.xlsx;Струйная Sakura!r275;ddbb1c580ba3ed878627b3d8dbea6c97710c4682804b2638b792149bf490915a
1923;двойной признак короба (объём >3× и вес ≥1.9×);В;10.0;8.0;5.0;335.0;130.0;55.0;0.4;2.395;1.2;Вес коробки кг;0.45;1;Кол-во в упаковке;САКУРА АБДУЛ 05.06.xlsx :: Струйная Sakura;2;1;1;/opt/mp-analytics/incoming/gab/САКУРА АБДУЛ 05.06.xlsx;Струйная Sakura!r276;ddbb1c580ba3ed878627b3d8dbea6c97710c4682804b2638b792149bf490915a
1924;двойной признак короба (объём >3× и вес ≥1.9×);В;10.0;8.0;5.0;335.0;130.0;55.0;0.4;2.395;1.2;Вес коробки кг;0.45;1;Кол-во в упаковке;САКУРА АБДУЛ 05.06.xlsx :: Струйная Sakura;2;1;1;/opt/mp-analytics/incoming/gab/САКУРА АБДУЛ 05.06.xlsx;Струйная Sakura!r277;ddbb1c580ba3ed878627b3d8dbea6c97710c4682804b2638b792149bf490915a
1925;двойной признак короба (объём >3× и вес ≥1.9×);В;10.0;8.0;5.0;335.0;130.0;55.0;0.4;2.395;1.2;Вес коробки кг;0.45;1;Кол-во в упаковке;САКУРА АБДУЛ 05.06.xlsx :: Струйная Sakura;2;1;1;/opt/mp-analytics/incoming/gab/САКУРА АБДУЛ 05.06.xlsx;Струйная Sakura!r278;ddbb1c580ba3ed878627b3d8dbea6c97710c4682804b2638b792149bf490915a
1926;двойной признак короба (объём >3× и вес ≥1.9×);В;10.0;8.0;5.0;335.0;130.0;55.0;0.4;2.395;1.2;Вес коробки кг;0.45;1;Кол-во в упаковке;САКУРА АБДУЛ 05.06.xlsx :: Струйная Sakura;2;1;1;/opt/mp-analytics/incoming/gab/САКУРА АБДУЛ 05.06.xlsx;Струйная Sakura!r279;ddbb1c580ba3ed878627b3d8dbea6c97710c4682804b2638b792149bf490915a
1927;двойной признак короба (объём >3× и вес ≥1.9×);В;10.0;8.0;5.0;335.0;130.0;55.0;0.4;2.395;1.2;Вес коробки кг;0.45;1;Кол-во в упаковке;САКУРА АБДУЛ 05.06.xlsx :: Струйная Sakura;2;1;1;/opt/mp-analytics/incoming/gab/САКУРА АБДУЛ 05.06.xlsx;Струйная Sakura!r280;ddbb1c580ba3ed878627b3d8dbea6c97710c4682804b2638b792149bf490915a
1928;двойной признак короба (объём >3× и вес ≥1.9×);В;10.0;8.0;5.0;335.0;130.0;55.0;0.4;2.395;1.2;Вес коробки кг;0.45;1;Кол-во в упаковке;САКУРА АБДУЛ 05.06.xlsx :: Струйная Sakura;2;1;1;/opt/mp-analytics/incoming/gab/САКУРА АБДУЛ 05.06.xlsx;Струйная Sakura!r281;ddbb1c580ba3ed878627b3d8dbea6c97710c4682804b2638b792149bf490915a
1929;двойной признак короба (объём >3× и вес ≥1.9×);В;10.0;8.0;5.0;335.0;130.0;55.0;0.4;2.395;1.2;Вес коробки кг;0.45;1;Кол-во в упаковке;САКУРА АБДУЛ 05.06.xlsx :: Струйная Sakura;2;1;1;/opt/mp-analytics/incoming/gab/САКУРА АБДУЛ 05.06.xlsx;Струйная Sakura!r282;ddbb1c580ba3ed878627b3d8dbea6c97710c4682804b2638b792149bf490915a
1930;двойной признак короба (объём >3× и вес ≥1.9×);В;10.0;8.0;5.0;335.0;130.0;55.0;0.4;2.395;1.2;Вес коробки кг;0.45;1;Кол-во в упаковке;САКУРА АБДУЛ 05.06.xlsx :: Струйная Sakura;2;1;1;/opt/mp-analytics/incoming/gab/САКУРА АБДУЛ 05.06.xlsx;Струйная Sakura!r283;ddbb1c580ba3ed878627b3d8dbea6c97710c4682804b2638b792149bf490915a
1933;двойной признак короба (объём >3× и вес ≥1.9×);В;10.0;8.0;5.0;345.0;150.0;60.0;0.4;3.105;1.075;Вес брутто шт. кг;0.45;4;Кол-во ед._в_упаковке;Вся расходка Китай РФ Cactus GG PR.xlsx :: Лист1;3;7;7;/opt/mp-analytics/incoming/gab/Вся расходка Китай РФ Cactus GG PR.xlsx;Лист1!r1587;d0488dd393f71b9cb95cf51390c2aba1ef902bcac7a8eb2f95247679cc1d25fc
1934;двойной признак короба (объём >3× и вес ≥1.9×);В;10.0;8.0;5.0;345.0;150.0;60.0;0.4;3.105;1.075;Вес брутто шт. кг;0.45;4;Кол-во ед._в_упаковке;Вся расходка Китай РФ Cactus GG PR.xlsx :: Лист1;3;1;1;/opt/mp-analytics/incoming/gab/Вся расходка Китай РФ Cactus GG PR.xlsx;Лист1!r1590;d0488dd393f71b9cb95cf51390c2aba1ef902bcac7a8eb2f95247679cc1d25fc
1935;двойной признак короба (объём >3× и вес ≥1.9×);В;10.0;8.0;5.0;345.0;150.0;60.0;0.4;3.105;1.075;Вес брутто шт. кг;0.45;4;Кол-во ед._в_упаковке;Вся расходка Китай РФ Cactus GG PR.xlsx :: Лист1;3;1;1;/opt/mp-analytics/incoming/gab/Вся расходка Китай РФ Cactus GG PR.xlsx;Лист1!r1588;d0488dd393f71b9cb95cf51390c2aba1ef902bcac7a8eb2f95247679cc1d25fc
1936;двойной признак короба (объём >3× и вес ≥1.9×);В;10.0;8.0;5.0;345.0;150.0;60.0;0.4;3.105;1.075;Вес брутто шт. кг;0.45;4;Кол-во ед._в_упаковке;Вся расходка Китай РФ Cactus GG PR.xlsx :: Лист1;3;1;1;/opt/mp-analytics/incoming/gab/Вся расходка Китай РФ Cactus GG PR.xlsx;Лист1!r1589;d0488dd393f71b9cb95cf51390c2aba1ef902bcac7a8eb2f95247679cc1d25fc
1937;двойной признак короба (объём >3× и вес ≥1.9×);В;10.0;8.0;5.0;345.0;150.0;60.0;0.4;3.105;1.075;Вес брутто шт. кг;0.45;4;Кол-во ед._в_упаковке;Вся расходка Китай РФ Cactus GG PR.xlsx :: Лист1;2;1;1;/opt/mp-analytics/incoming/gab/Вся расходка Китай РФ Cactus GG PR.xlsx;Лист1!r1586;d0488dd393f71b9cb95cf51390c2aba1ef902bcac7a8eb2f95247679cc1d25fc
2250;izi: кратность в прайсе = 5;В;10.0;10.0;10.0;150.0;140.0;55.0;1.0;1.155;0.22;Вес;0.3;5;ШТ в упаковке;Изи.xlsx :: Данные по картриджам;1;1;1;/opt/mp-analytics/incoming/gab/Изи.xlsx;Данные по картриджам!r1205;4064fa397384d687b0349dbae769c7d4a21c54bf65a712f6c31981a966b8f971
3902;izi: кратность в прайсе = 4;В;4.0;4.0;2.0;190.0;80.0;50.0;0.032;0.76;0.239;Вес;0.3;4;ШТ в упаковке;Изи.xlsx :: Данные по картриджам;2;1;1;/opt/mp-analytics/incoming/gab/Изи.xlsx;Данные по картриджам!r1698;4064fa397384d687b0349dbae769c7d4a21c54bf65a712f6c31981a966b8f971
4450;двойной признак короба (объём >3× и вес ≥1.9×);В;11.0;6.0;5.0;570.0;110.0;50.0;0.33;3.135;0.81;Вес коробки кг;0.2;1;Кол-во в упаковке;САКУРА АБДУЛ 05.06.xlsx :: Струйная Sakura;1;2;2;/opt/mp-analytics/incoming/gab/САКУРА АБДУЛ 05.06.xlsx;Струйная Sakura!r248;ddbb1c580ba3ed878627b3d8dbea6c97710c4682804b2638b792149bf490915a
4451;двойной признак короба (объём >3× и вес ≥1.9×);В;11.0;6.0;3.0;570.0;110.0;33.0;0.198;2.069;0.81;Вес коробки кг;0.2;1;Кол-во в упаковке;САКУРА АБДУЛ 05.06.xlsx :: Струйная Sakura;1;1;1;/opt/mp-analytics/incoming/gab/САКУРА АБДУЛ 05.06.xlsx;Струйная Sakura!r249;ddbb1c580ba3ed878627b3d8dbea6c97710c4682804b2638b792149bf490915a
4452;двойной признак короба (объём >3× и вес ≥1.9×);В;11.0;6.0;3.0;570.0;110.0;33.0;0.198;2.069;0.81;Вес коробки кг;0.2;1;Кол-во в упаковке;САКУРА АБДУЛ 05.06.xlsx :: Струйная Sakura;1;1;1;/opt/mp-analytics/incoming/gab/САКУРА АБДУЛ 05.06.xlsx;Струйная Sakura!r250;ddbb1c580ba3ed878627b3d8dbea6c97710c4682804b2638b792149bf490915a
4453;двойной признак короба (объём >3× и вес ≥1.9×);В;11.0;6.0;3.0;570.0;110.0;33.0;0.198;2.069;0.81;Вес коробки кг;0.2;1;Кол-во в упаковке;САКУРА АБДУЛ 05.06.xlsx :: Струйная Sakura;1;1;1;/opt/mp-analytics/incoming/gab/САКУРА АБДУЛ 05.06.xlsx;Струйная Sakura!r251;ddbb1c580ba3ed878627b3d8dbea6c97710c4682804b2638b792149bf490915a
4455;двойной признак короба (объём >3× и вес ≥1.9×);В;11.0;6.0;5.0;570.0;110.0;50.0;0.33;3.135;1.0;Вес коробки кг;0.2;1;Кол-во в упаковке;САКУРА АБДУЛ 05.06.xlsx :: Струйная Sakura;1;2;2;/opt/mp-analytics/incoming/gab/САКУРА АБДУЛ 05.06.xlsx;Струйная Sakura!r252;ddbb1c580ba3ed878627b3d8dbea6c97710c4682804b2638b792149bf490915a
4456;двойной признак короба (объём >3× и вес ≥1.9×);В;11.0;6.0;3.0;570.0;110.0;33.0;0.198;2.069;1.0;Вес коробки кг;0.2;1;Кол-во в упаковке;САКУРА АБДУЛ 05.06.xlsx :: Струйная Sakura;1;1;1;/opt/mp-analytics/incoming/gab/САКУРА АБДУЛ 05.06.xlsx;Струйная Sakura!r253;ddbb1c580ba3ed878627b3d8dbea6c97710c4682804b2638b792149bf490915a
4457;двойной признак короба (объём >3× и вес ≥1.9×);В;11.0;6.0;3.0;570.0;110.0;33.0;0.198;2.069;1.0;Вес коробки кг;0.2;1;Кол-во в упаковке;САКУРА АБДУЛ 05.06.xlsx :: Струйная Sakura;1;1;1;/opt/mp-analytics/incoming/gab/САКУРА АБДУЛ 05.06.xlsx;Струйная Sakura!r254;ddbb1c580ba3ed878627b3d8dbea6c97710c4682804b2638b792149bf490915a
4458;двойной признак короба (объём >3× и вес ≥1.9×);В;11.0;6.0;3.0;570.0;110.0;33.0;0.198;2.069;1.0;Вес коробки кг;0.2;1;Кол-во в упаковке;САКУРА АБДУЛ 05.06.xlsx :: Струйная Sakura;1;1;1;/opt/mp-analytics/incoming/gab/САКУРА АБДУЛ 05.06.xlsx;Струйная Sakura!r255;ddbb1c580ba3ed878627b3d8dbea6c97710c4682804b2638b792149bf490915a
5856;двойной признак короба (объём >3× и вес ≥1.9×);В;31.0;15.0;9.0;550.0;195.0;170.0;4.185;18.233;2.125;Вес;0.68;1;ШТ в упаковке;Изи.xlsx :: Данные по картриджам;1;1;1;/opt/mp-analytics/incoming/gab/Изи.xlsx;Данные по картриджам!r1891;4064fa397384d687b0349dbae769c7d4a21c54bf65a712f6c31981a966b8f971
5857;двойной признак короба (объём >3× и вес ≥1.9×);В;31.0;15.0;9.0;550.0;195.0;170.0;4.185;18.233;2.125;Вес;0.68;1;ШТ в упаковке;Изи.xlsx :: Данные по картриджам;1;1;1;/opt/mp-analytics/incoming/gab/Изи.xlsx;Данные по картриджам!r1892;4064fa397384d687b0349dbae769c7d4a21c54bf65a712f6c31981a966b8f971
5858;двойной признак короба (объём >3× и вес ≥1.9×);В;31.0;15.0;9.0;550.0;195.0;170.0;4.185;18.233;2.125;Вес;0.68;1;ШТ в упаковке;Изи.xlsx :: Данные по картриджам;1;1;1;/opt/mp-analytics/incoming/gab/Изи.xlsx;Данные по картриджам!r1893;4064fa397384d687b0349dbae769c7d4a21c54bf65a712f6c31981a966b8f971
6408;izi: кратность в прайсе = 5;В;40.0;5.0;5.0;150.0;140.0;55.0;1.0;1.155;0.18;Вес;0.48;5;ШТ в упаковке;Изи.xlsx :: Данные по картриджам;1;1;1;/opt/mp-analytics/incoming/gab/Изи.xlsx;Данные по картриджам!r1183;4064fa397384d687b0349dbae769c7d4a21c54bf65a712f6c31981a966b8f971
