external_code;наш_ДхШхВ_см;предлагаемый_Д_мм;предлагаемый_Ш_мм;предлагаемый_В_мм;предлагаемый_ДхШхВ_см;запись_в_прайсе_дословно;взят_источник;источников_всего;подтверждают_этот_размер;все_источники;источники_расходятся_на_мм;сверка_справочных_макс_отклонение_мм;вариантов_короба;наш_объём_л;предлагаемый_объём_л;разница_объёма_л;продаж_в_окне_шт;лишних_л_за_период;карточек_wb_acc1;карточек_wb_acc2;src_file;src_locator;src_sha256
4136;37.0x15.0x12.0;500.0;240.0;135.0;50.0x24.0x13.5;GG-W2010X;cactus;2;1;cactus,sakura;5.0;нет данных;2;6.66;16.2;-9.54;;;3;3;/opt/mp-analytics/incoming/gab/Вся расходка Китай РФ Cactus GG PR.xlsx;Лист1!r3176;d0488dd393f71b9cb95cf51390c2aba1ef902bcac7a8eb2f95247679cc1d25fc
3093;10.0x8.0x5.0;365.0;190.0;115.0;36.5x19.0x11.5;CS-CF470X;cactus;2;1;cactus,sakura;20.0;solutionsprint:75.0;2;0.4;7.975;-7.575;;;3;4;/opt/mp-analytics/incoming/gab/Вся расходка Китай РФ Cactus GG PR.xlsx;Лист1!r743;d0488dd393f71b9cb95cf51390c2aba1ef902bcac7a8eb2f95247679cc1d25fc
1085;37.0x20.0x15.0;485.0;180.0;180.0;48.5x18.0x18.0;DX-5019;izi;2;1;izi,sakura;20.0;нет данных;2;11.1;15.714;-4.614;;;1;1;/opt/mp-analytics/incoming/gab/Изи.xlsx;Данные по картриджам!r622;4064fa397384d687b0349dbae769c7d4a21c54bf65a712f6c31981a966b8f971
3742;37.0x20.0x15.0;355.0;280.0;150.0;35.5x28.0x15.0;DK-3170;izi;2;1;cactus,izi;15.0;нет данных;2;11.1;14.91;-3.81;;;1;1;/opt/mp-analytics/incoming/gab/Изи.xlsx;Данные по картриджам!r1913;4064fa397384d687b0349dbae769c7d4a21c54bf65a712f6c31981a966b8f971
4435;16.0x15.0x5.0;375.0;275.0;45.0;37.5x27.5x4.5;SIC13T01D100;sakura;2;2;cactus,sakura;0.0;нет данных;1;1.2;4.641;-3.441;;;3;3;/opt/mp-analytics/incoming/gab/САКУРА АБДУЛ 05.06.xlsx;Струйная Sakura!r226;ddbb1c580ba3ed878627b3d8dbea6c97710c4682804b2638b792149bf490915a
0878;37.0x20.0x15.0;470.0;255.0;120.0;47.0x25.5x12.0;SACF214A;sakura;2;1;cactus,sakura;5.0;нет данных;2;11.1;14.382;-3.282;;;1;1;/opt/mp-analytics/incoming/gab/САКУРА АБДУЛ 05.06.xlsx;Лазерная Sakura!r124;ddbb1c580ba3ed878627b3d8dbea6c97710c4682804b2638b792149bf490915a
3547;37.0x20.0x15.0;510.0;205.0;130.0;51.0x20.5x13.0;LX-B1022;izi;2;1;izi,sakura;5.0;нет данных;2;11.1;13.591;-2.491;;;3;3;/opt/mp-analytics/incoming/gab/Изи.xlsx;Данные по картриджам!r1179;4064fa397384d687b0349dbae769c7d4a21c54bf65a712f6c31981a966b8f971
1174;37.0x20.0x15.0;374.0;252.0;144.0;37.4x25.2x14.4;SACF320A;sakura;2;1;cactus,sakura;14.0;solutionsprint:15.0;2;11.1;13.572;-2.472;;;1;1;/opt/mp-analytics/incoming/gab/САКУРА АБДУЛ 05.06.xlsx;Лазерная Sakura!r209;ddbb1c580ba3ed878627b3d8dbea6c97710c4682804b2638b792149bf490915a
4151;35.0x22.0x12.0;360.0;250.0;130.0;36.0x25.0x13.0;CS-PH3300S;cactus;2;1;cactus,sakura;15.0;solutionsprint:10.0;2;9.24;11.7;-2.46;;;1;2;/opt/mp-analytics/incoming/gab/Вся расходка Китай РФ Cactus GG PR.xlsx;Лист1!r605;d0488dd393f71b9cb95cf51390c2aba1ef902bcac7a8eb2f95247679cc1d25fc
5811;36.0x10.0x7.0;550.0;93.0;93.0;55.0x9.3x9.3;CS-IMC2510Y;cactus;2;1;cactus,izi;18.0;нет данных;2;2.52;4.757;-2.237;;;1;1;/opt/mp-analytics/incoming/gab/Вся расходка Китай РФ Cactus GG PR.xlsx;Лист1!r4223;d0488dd393f71b9cb95cf51390c2aba1ef902bcac7a8eb2f95247679cc1d25fc
5812;36.0x10.0x7.0;550.0;93.0;93.0;55.0x9.3x9.3;CS-IMC2510M;cactus;2;1;cactus,izi;18.0;нет данных;2;2.52;4.757;-2.237;;;1;1;/opt/mp-analytics/incoming/gab/Вся расходка Китай РФ Cactus GG PR.xlsx;Лист1!r4222;d0488dd393f71b9cb95cf51390c2aba1ef902bcac7a8eb2f95247679cc1d25fc
5813;36.0x10.0x7.0;550.0;93.0;93.0;55.0x9.3x9.3;CS-IMC2510C;cactus;2;1;cactus,izi;18.0;нет данных;2;2.52;4.757;-2.237;;;1;1;/opt/mp-analytics/incoming/gab/Вся расходка Китай РФ Cactus GG PR.xlsx;Лист1!r4221;d0488dd393f71b9cb95cf51390c2aba1ef902bcac7a8eb2f95247679cc1d25fc
6786;31.0x13.0x10.0;305.0;205.0;100.0;30.5x20.5x10.0;LC-070H_NO COUNT;izi;2;1;izi,sakura;5.0;нет данных;2;4.03;6.253;-2.223;;;1;1;/opt/mp-analytics/incoming/gab/Изи.xlsx;Данные по картриджам!r1962;4064fa397384d687b0349dbae769c7d4a21c54bf65a712f6c31981a966b8f971
0258;36.0x22.0x12.0;360.0;250.0;130.0;36.0x25.0x13.0;CS-PH3550S;cactus;2;1;cactus,sakura;15.0;solutionsprint:16.0;2;9.504;11.7;-2.196;;;1;1;/opt/mp-analytics/incoming/gab/Вся расходка Китай РФ Cactus GG PR.xlsx;Лист1!r613;d0488dd393f71b9cb95cf51390c2aba1ef902bcac7a8eb2f95247679cc1d25fc
1931;10.0x8.0x5.0;335.0;130.0;55.0;33.5x13.0x5.5;SIC13T636A00;sakura;2;2;cactus,sakura;0.0;нет данных;1;0.4;2.395;-1.995;;;1;1;/opt/mp-analytics/incoming/gab/САКУРА АБДУЛ 05.06.xlsx;Струйная Sakura!r284;ddbb1c580ba3ed878627b3d8dbea6c97710c4682804b2638b792149bf490915a
1932;10.0x8.0x5.0;335.0;130.0;55.0;33.5x13.0x5.5;SIC13T636B00;sakura;2;2;cactus,sakura;0.0;нет данных;1;0.4;2.395;-1.995;;;1;1;/opt/mp-analytics/incoming/gab/САКУРА АБДУЛ 05.06.xlsx;Струйная Sakura!r285;ddbb1c580ba3ed878627b3d8dbea6c97710c4682804b2638b792149bf490915a
5698;31.0x13.0x10.0;300.0;200.0;100.0;30.0x20.0x10.0;SACRG070H;sakura;3;1;cactus,izi,sakura;15.0;нет данных;3;4.03;6.0;-1.97;;;1;1;/opt/mp-analytics/incoming/gab/САКУРА АБДУЛ 05.06.xlsx;Лазерная Sakura!r668;ddbb1c580ba3ed878627b3d8dbea6c97710c4682804b2638b792149bf490915a
1178;37.0x20.0x15.0;370.0;250.0;140.0;37.0x25.0x14.0;SACF323A;sakura;2;1;cactus,sakura;10.0;solutionsprint:130.0;2;11.1;12.95;-1.85;;;1;1;/opt/mp-analytics/incoming/gab/САКУРА АБДУЛ 05.06.xlsx;Лазерная Sakura!r213;ddbb1c580ba3ed878627b3d8dbea6c97710c4682804b2638b792149bf490915a
1604;37.0x20.0x15.0;378.0;260.0;128.0;37.8x26.0x12.8;SACLTK609S;sakura;2;1;cactus,sakura;17.0;нет данных;2;11.1;12.58;-1.48;;;5;5;/opt/mp-analytics/incoming/gab/САКУРА АБДУЛ 05.06.xlsx;Лазерная Sakura!r268;ddbb1c580ba3ed878627b3d8dbea6c97710c4682804b2638b792149bf490915a
0049;35.0x16.0x13.0;342.0;195.0;130.0;34.2x19.5x13.0;CS-PE120;cactus;2;1;cactus,sakura;20.0;нет данных;2;7.28;8.67;-1.39;;;3;3;/opt/mp-analytics/incoming/gab/Вся расходка Китай РФ Cactus GG PR.xlsx;Лист1!r814;d0488dd393f71b9cb95cf51390c2aba1ef902bcac7a8eb2f95247679cc1d25fc
3172;16.0x16.0x14.0;550.0;95.0;95.0;55.0x9.5x9.5;CR-CAEXV54K;cactus;3;1;cactus,izi,sakura;19.0;solutionsprint:20.0;3;3.584;4.964;-1.38;;;2;2;/opt/mp-analytics/incoming/gab/Вся расходка Китай РФ Cactus GG PR.xlsx;Лист1!r3634;d0488dd393f71b9cb95cf51390c2aba1ef902bcac7a8eb2f95247679cc1d25fc
3173;16.0x16.0x14.0;550.0;95.0;95.0;55.0x9.5x9.5;CR-CAEXV54C;cactus;2;1;cactus,sakura;16.0;solutionsprint:20.0;2;3.584;4.964;-1.38;;;1;1;/opt/mp-analytics/incoming/gab/Вся расходка Китай РФ Cactus GG PR.xlsx;Лист1!r3635;d0488dd393f71b9cb95cf51390c2aba1ef902bcac7a8eb2f95247679cc1d25fc
3174;16.0x16.0x14.0;550.0;95.0;95.0;55.0x9.5x9.5;CR-CAEXV54M;cactus;2;1;cactus,sakura;15.0;solutionsprint:20.0;3;3.584;4.964;-1.38;;;1;1;/opt/mp-analytics/incoming/gab/Вся расходка Китай РФ Cactus GG PR.xlsx;Лист1!r3636;d0488dd393f71b9cb95cf51390c2aba1ef902bcac7a8eb2f95247679cc1d25fc
3175;16.0x16.0x14.0;550.0;95.0;95.0;55.0x9.5x9.5;CR-CAEXV54Y;cactus;2;1;cactus,sakura;15.0;solutionsprint:20.0;2;3.584;4.964;-1.38;;;1;1;/opt/mp-analytics/incoming/gab/Вся расходка Китай РФ Cactus GG PR.xlsx;Лист1!r3637;d0488dd393f71b9cb95cf51390c2aba1ef902bcac7a8eb2f95247679cc1d25fc
1602;37.0x20.0x15.0;365.0;277.0;122.0;36.5x27.7x12.2;CS-CLT-C609S;cactus;2;1;cactus,sakura;16.0;нет данных;2;11.1;12.335;-1.235;;;1;1;/opt/mp-analytics/incoming/gab/Вся расходка Китай РФ Cactus GG PR.xlsx;Лист1!r952;d0488dd393f71b9cb95cf51390c2aba1ef902bcac7a8eb2f95247679cc1d25fc
1606;37.0x20.0x15.0;365.0;277.0;122.0;36.5x27.7x12.2;CS-CLT-M609S;cactus;2;1;cactus,sakura;17.0;нет данных;2;11.1;12.335;-1.235;;;1;1;/opt/mp-analytics/incoming/gab/Вся расходка Китай РФ Cactus GG PR.xlsx;Лист1!r951;d0488dd393f71b9cb95cf51390c2aba1ef902bcac7a8eb2f95247679cc1d25fc
1608;37.0x20.0x15.0;365.0;277.0;122.0;36.5x27.7x12.2;CS-CLT-Y609S;cactus;2;1;cactus,sakura;15.0;нет данных;2;11.1;12.335;-1.235;;;1;1;/opt/mp-analytics/incoming/gab/Вся расходка Китай РФ Cactus GG PR.xlsx;Лист1!r950;d0488dd393f71b9cb95cf51390c2aba1ef902bcac7a8eb2f95247679cc1d25fc
3881;15.0x10.0x8.0;420.0;130.0;40.0;42.0x13.0x4.0;IC-ET05A100;izi;2;1;izi,sakura;15.0;нет данных;2;1.2;2.184;-0.984;;;3;3;/opt/mp-analytics/incoming/gab/Изи.xlsx;Данные по картриджам!r1505;4064fa397384d687b0349dbae769c7d4a21c54bf65a712f6c31981a966b8f971
4319;24.0x11.0x4.0;240.0;142.0;58.0;24.0x14.2x5.8;SIC13T693100;sakura;2;2;cactus,sakura;0.0;solutionsprint:30.0;1;1.056;1.977;-0.921;;;1;1;/opt/mp-analytics/incoming/gab/САКУРА АБДУЛ 05.06.xlsx;Струйная Sakura!r286;ddbb1c580ba3ed878627b3d8dbea6c97710c4682804b2638b792149bf490915a
5953;50.0x9.0x9.0;550.0;95.0;95.0;55.0x9.5x9.5;CS-THМ348;cactus;2;1;cactus,sakura;10.0;solutionsprint:5.0;2;4.05;4.964;-0.914;;;1;1;/opt/mp-analytics/incoming/gab/Вся расходка Китай РФ Cactus GG PR.xlsx;Лист1!r3903;d0488dd393f71b9cb95cf51390c2aba1ef902bcac7a8eb2f95247679cc1d25fc
4486;48.0x20.0x16.0;500.0;240.0;135.0;50.0x24.0x13.5;GG-W2011X;cactus;2;1;cactus,sakura;5.0;solutionsprint:50.0;2;15.36;16.2;-0.84;;;1;1;/opt/mp-analytics/incoming/gab/Вся расходка Китай РФ Cactus GG PR.xlsx;Лист1!r3177;d0488dd393f71b9cb95cf51390c2aba1ef902bcac7a8eb2f95247679cc1d25fc
4487;48.0x20.0x16.0;500.0;240.0;135.0;50.0x24.0x13.5;GG-W2012X;cactus;2;1;cactus,sakura;5.0;solutionsprint:50.0;2;15.36;16.2;-0.84;;;1;1;/opt/mp-analytics/incoming/gab/Вся расходка Китай РФ Cactus GG PR.xlsx;Лист1!r3178;d0488dd393f71b9cb95cf51390c2aba1ef902bcac7a8eb2f95247679cc1d25fc
4488;48.0x20.0x16.0;500.0;240.0;135.0;50.0x24.0x13.5;GG-W2013X;cactus;2;1;cactus,sakura;5.0;нет данных;2;15.36;16.2;-0.84;;;1;1;/opt/mp-analytics/incoming/gab/Вся расходка Китай РФ Cactus GG PR.xlsx;Лист1!r3179;d0488dd393f71b9cb95cf51390c2aba1ef902bcac7a8eb2f95247679cc1d25fc
4753;48.0x20.0x16.0;500.0;240.0;135.0;50.0x24.0x13.5;CS-W2010A;cactus;2;1;cactus,sakura;5.0;нет данных;2;15.36;16.2;-0.84;;;3;3;/opt/mp-analytics/incoming/gab/Вся расходка Китай РФ Cactus GG PR.xlsx;Лист1!r2576;d0488dd393f71b9cb95cf51390c2aba1ef902bcac7a8eb2f95247679cc1d25fc
4754;48.0x20.0x16.0;500.0;240.0;135.0;50.0x24.0x13.5;CS-W2011A;cactus;2;1;cactus,sakura;5.0;solutionsprint:50.0;2;15.36;16.2;-0.84;;;1;1;/opt/mp-analytics/incoming/gab/Вся расходка Китай РФ Cactus GG PR.xlsx;Лист1!r2577;d0488dd393f71b9cb95cf51390c2aba1ef902bcac7a8eb2f95247679cc1d25fc
4755;48.0x20.0x16.0;500.0;240.0;135.0;50.0x24.0x13.5;CS-W2012A;cactus;2;1;cactus,sakura;5.0;solutionsprint:50.0;2;15.36;16.2;-0.84;;;1;1;/opt/mp-analytics/incoming/gab/Вся расходка Китай РФ Cactus GG PR.xlsx;Лист1!r2578;d0488dd393f71b9cb95cf51390c2aba1ef902bcac7a8eb2f95247679cc1d25fc
4756;48.0x20.0x16.0;500.0;240.0;135.0;50.0x24.0x13.5;CS-W2013A;cactus;2;1;cactus,sakura;5.0;нет данных;2;15.36;16.2;-0.84;;;1;1;/opt/mp-analytics/incoming/gab/Вся расходка Китай РФ Cactus GG PR.xlsx;Лист1!r2579;d0488dd393f71b9cb95cf51390c2aba1ef902bcac7a8eb2f95247679cc1d25fc
0735;37.0x20.0x15.0;360.0;250.0;130.0;36.0x25.0x13.0;CS-PH3550;cactus;2;1;cactus,sakura;15.0;solutionsprint:16.0;2;11.1;11.7;-0.6;;;2;2;/opt/mp-analytics/incoming/gab/Вся расходка Китай РФ Cactus GG PR.xlsx;Лист1!r603;d0488dd393f71b9cb95cf51390c2aba1ef902bcac7a8eb2f95247679cc1d25fc
0964;10.0x8.0x5.0;180.0;100.0;55.0;18.0x10.0x5.5;CS-C9371;cactus;2;2;cactus,sakura;0.0;solutionsprint:30.0;1;0.4;0.99;-0.59;;;1;1;/opt/mp-analytics/incoming/gab/Вся расходка Китай РФ Cactus GG PR.xlsx;Лист1!r1160;d0488dd393f71b9cb95cf51390c2aba1ef902bcac7a8eb2f95247679cc1d25fc
0965;10.0x8.0x5.0;180.0;100.0;55.0;18.0x10.0x5.5;CS-C9372;cactus;2;2;cactus,sakura;0.0;solutionsprint:30.0;1;0.4;0.99;-0.59;;;1;1;/opt/mp-analytics/incoming/gab/Вся расходка Китай РФ Cactus GG PR.xlsx;Лист1!r1159;d0488dd393f71b9cb95cf51390c2aba1ef902bcac7a8eb2f95247679cc1d25fc
0966;10.0x8.0x5.0;180.0;100.0;55.0;18.0x10.0x5.5;CS-C9373;cactus;2;2;cactus,sakura;0.0;solutionsprint:30.0;1;0.4;0.99;-0.59;;;1;1;/opt/mp-analytics/incoming/gab/Вся расходка Китай РФ Cactus GG PR.xlsx;Лист1!r1158;d0488dd393f71b9cb95cf51390c2aba1ef902bcac7a8eb2f95247679cc1d25fc
0967;10.0x8.0x5.0;180.0;100.0;55.0;18.0x10.0x5.5;CS-C9374;cactus;2;2;cactus,sakura;0.0;solutionsprint:30.0;1;0.4;0.99;-0.59;;;1;1;/opt/mp-analytics/incoming/gab/Вся расходка Китай РФ Cactus GG PR.xlsx;Лист1!r1157;d0488dd393f71b9cb95cf51390c2aba1ef902bcac7a8eb2f95247679cc1d25fc
0968;10.0x8.0x5.0;180.0;100.0;55.0;18.0x10.0x5.5;CS-C9403;cactus;2;2;cactus,sakura;0.0;нет данных;1;0.4;0.99;-0.59;;;2;2;/opt/mp-analytics/incoming/gab/Вся расходка Китай РФ Cactus GG PR.xlsx;Лист1!r1152;d0488dd393f71b9cb95cf51390c2aba1ef902bcac7a8eb2f95247679cc1d25fc
2207;10.0x8.0x5.0;300.0;80.0;32.0;30.0x8.0x3.2;CS-FX890;cactus;2;1;cactus,izi;8.0;нет данных;2;0.4;0.768;-0.368;;;3;3;/opt/mp-analytics/incoming/gab/Вся расходка Китай РФ Cactus GG PR.xlsx;Лист1!r1899;d0488dd393f71b9cb95cf51390c2aba1ef902bcac7a8eb2f95247679cc1d25fc
0317;8.0x5.0x5.0;115.0;95.0;45.0;11.5x9.5x4.5;CS-C4911;cactus;3;1;cactus,izi,sakura;20.0;solutionsprint:30.0;3;0.2;0.492;-0.292;;;1;1;/opt/mp-analytics/incoming/gab/Вся расходка Китай РФ Cactus GG PR.xlsx;Лист1!r1171;d0488dd393f71b9cb95cf51390c2aba1ef902bcac7a8eb2f95247679cc1d25fc
0318;8.0x5.0x5.0;115.0;95.0;45.0;11.5x9.5x4.5;CS-C4912;cactus;3;1;cactus,izi,sakura;20.0;solutionsprint:30.0;3;0.2;0.492;-0.292;;;10;10;/opt/mp-analytics/incoming/gab/Вся расходка Китай РФ Cactus GG PR.xlsx;Лист1!r1170;d0488dd393f71b9cb95cf51390c2aba1ef902bcac7a8eb2f95247679cc1d25fc
0319;8.0x5.0x5.0;115.0;95.0;45.0;11.5x9.5x4.5;CS-C4913;cactus;3;1;cactus,izi,sakura;20.0;solutionsprint:30.0;3;0.2;0.492;-0.292;;;1;1;/opt/mp-analytics/incoming/gab/Вся расходка Китай РФ Cactus GG PR.xlsx;Лист1!r1169;d0488dd393f71b9cb95cf51390c2aba1ef902bcac7a8eb2f95247679cc1d25fc
0320;8.0x5.0x5.0;115.0;95.0;45.0;11.5x9.5x4.5;CS-CH565A;cactus;2;1;cactus,sakura;12.0;solutionsprint:30.0;2;0.2;0.492;-0.292;;;5;7;/opt/mp-analytics/incoming/gab/Вся расходка Китай РФ Cactus GG PR.xlsx;Лист1!r1109;d0488dd393f71b9cb95cf51390c2aba1ef902bcac7a8eb2f95247679cc1d25fc
0607;37.0x20.0x15.0;350.0;250.0;130.0;35.0x25.0x13.0;LX-3435;izi;2;1;izi,sakura;20.0;нет данных;2;11.1;11.375;-0.275;;;2;2;/opt/mp-analytics/incoming/gab/Изи.xlsx;Данные по картриджам!r1095;4064fa397384d687b0349dbae769c7d4a21c54bf65a712f6c31981a966b8f971
1238;10.0x8.0x5.0;145.0;95.0;48.0;14.5x9.5x4.8;CS-PFI102BK;cactus;2;1;cactus,sakura;15.0;solutionsprint:33.0;2;0.4;0.661;-0.261;;;17;17;/opt/mp-analytics/incoming/gab/Вся расходка Китай РФ Cactus GG PR.xlsx;Лист1!r1375;d0488dd393f71b9cb95cf51390c2aba1ef902bcac7a8eb2f95247679cc1d25fc
1239;10.0x8.0x5.0;145.0;95.0;48.0;14.5x9.5x4.8;CS-PFI102C;cactus;2;1;cactus,sakura;15.0;solutionsprint:33.0;2;0.4;0.661;-0.261;;;1;1;/opt/mp-analytics/incoming/gab/Вся расходка Китай РФ Cactus GG PR.xlsx;Лист1!r1379;d0488dd393f71b9cb95cf51390c2aba1ef902bcac7a8eb2f95247679cc1d25fc
1240;10.0x8.0x5.0;145.0;95.0;48.0;14.5x9.5x4.8;CS-PFI102M;cactus;2;1;cactus,sakura;15.0;solutionsprint:33.0;2;0.4;0.661;-0.261;;;1;1;/opt/mp-analytics/incoming/gab/Вся расходка Китай РФ Cactus GG PR.xlsx;Лист1!r1378;d0488dd393f71b9cb95cf51390c2aba1ef902bcac7a8eb2f95247679cc1d25fc
1241;10.0x8.0x5.0;145.0;95.0;48.0;14.5x9.5x4.8;CS-PFI102Y;cactus;2;1;cactus,sakura;15.0;solutionsprint:33.0;2;0.4;0.661;-0.261;;;1;1;/opt/mp-analytics/incoming/gab/Вся расходка Китай РФ Cactus GG PR.xlsx;Лист1!r1377;d0488dd393f71b9cb95cf51390c2aba1ef902bcac7a8eb2f95247679cc1d25fc
1242;10.0x8.0x5.0;145.0;95.0;48.0;14.5x9.5x4.8;CS-PFI102MBK;cactus;2;1;cactus,sakura;15.0;solutionsprint:60.0;2;0.4;0.661;-0.261;;;1;1;/opt/mp-analytics/incoming/gab/Вся расходка Китай РФ Cactus GG PR.xlsx;Лист1!r1380;d0488dd393f71b9cb95cf51390c2aba1ef902bcac7a8eb2f95247679cc1d25fc
1873;10.0x8.0x5.0;145.0;95.0;48.0;14.5x9.5x4.8;CS-PFI107BK;cactus;2;2;cactus,sakura;0.0;solutionsprint:185.0;1;0.4;0.661;-0.261;;;7;7;/opt/mp-analytics/incoming/gab/Вся расходка Китай РФ Cactus GG PR.xlsx;Лист1!r1376;d0488dd393f71b9cb95cf51390c2aba1ef902bcac7a8eb2f95247679cc1d25fc
1874;10.0x8.0x5.0;145.0;95.0;48.0;14.5x9.5x4.8;CS-PFI107C;cactus;2;2;cactus,sakura;0.0;solutionsprint:185.0;1;0.4;0.661;-0.261;;;1;1;/opt/mp-analytics/incoming/gab/Вся расходка Китай РФ Cactus GG PR.xlsx;Лист1!r1373;d0488dd393f71b9cb95cf51390c2aba1ef902bcac7a8eb2f95247679cc1d25fc
1875;10.0x8.0x5.0;145.0;95.0;48.0;14.5x9.5x4.8;CS-PFI107M;cactus;2;2;cactus,sakura;0.0;solutionsprint:185.0;1;0.4;0.661;-0.261;;;1;1;/opt/mp-analytics/incoming/gab/Вся расходка Китай РФ Cactus GG PR.xlsx;Лист1!r1372;d0488dd393f71b9cb95cf51390c2aba1ef902bcac7a8eb2f95247679cc1d25fc
1876;10.0x8.0x5.0;145.0;95.0;48.0;14.5x9.5x4.8;CS-PFI107MBK;cactus;2;2;cactus,sakura;0.0;solutionsprint:185.0;1;0.4;0.661;-0.261;;;1;1;/opt/mp-analytics/incoming/gab/Вся расходка Китай РФ Cactus GG PR.xlsx;Лист1!r1374;d0488dd393f71b9cb95cf51390c2aba1ef902bcac7a8eb2f95247679cc1d25fc
1877;10.0x8.0x5.0;145.0;95.0;48.0;14.5x9.5x4.8;CS-PFI107Y;cactus;2;2;cactus,sakura;0.0;solutionsprint:185.0;1;0.4;0.661;-0.261;;;1;1;/opt/mp-analytics/incoming/gab/Вся расходка Китай РФ Cactus GG PR.xlsx;Лист1!r1371;d0488dd393f71b9cb95cf51390c2aba1ef902bcac7a8eb2f95247679cc1d25fc
3560;10.0x8.0x5.0;145.0;95.0;48.0;14.5x9.5x4.8;SI2884C001;sakura;2;2;cactus,sakura;0.0;solutionsprint:55.0;1;0.4;0.661;-0.261;;;1;1;/opt/mp-analytics/incoming/gab/САКУРА АБДУЛ 05.06.xlsx;Струйная Sakura!r167;ddbb1c580ba3ed878627b3d8dbea6c97710c4682804b2638b792149bf490915a
3561;10.0x8.0x5.0;145.0;95.0;48.0;14.5x9.5x4.8;GG-PFI120C;cactus;2;2;cactus,sakura;0.0;solutionsprint:185.0;1;0.4;0.661;-0.261;;;1;1;/opt/mp-analytics/incoming/gab/Вся расходка Китай РФ Cactus GG PR.xlsx;Лист1!r3828;d0488dd393f71b9cb95cf51390c2aba1ef902bcac7a8eb2f95247679cc1d25fc
3562;10.0x8.0x5.0;145.0;95.0;48.0;14.5x9.5x4.8;GG-PFI120M;cactus;2;2;cactus,sakura;0.0;solutionsprint:185.0;1;0.4;0.661;-0.261;;;1;1;/opt/mp-analytics/incoming/gab/Вся расходка Китай РФ Cactus GG PR.xlsx;Лист1!r3829;d0488dd393f71b9cb95cf51390c2aba1ef902bcac7a8eb2f95247679cc1d25fc
3563;10.0x8.0x5.0;145.0;95.0;48.0;14.5x9.5x4.8;GG-PFI120Y;cactus;2;2;cactus,sakura;0.0;solutionsprint:185.0;1;0.4;0.661;-0.261;;;1;1;/opt/mp-analytics/incoming/gab/Вся расходка Китай РФ Cactus GG PR.xlsx;Лист1!r3830;d0488dd393f71b9cb95cf51390c2aba1ef902bcac7a8eb2f95247679cc1d25fc
3882;15.0x10.0x8.0;270.0;130.0;40.0;27.0x13.0x4.0;IC-ET05A200;izi;2;1;izi,sakura;15.0;нет данных;2;1.2;1.404;-0.204;;;1;1;/opt/mp-analytics/incoming/gab/Изи.xlsx;Данные по картриджам!r1506;4064fa397384d687b0349dbae769c7d4a21c54bf65a712f6c31981a966b8f971
3883;15.0x10.0x8.0;270.0;130.0;40.0;27.0x13.0x4.0;IC-ET05A300;izi;2;1;izi,sakura;15.0;нет данных;2;1.2;1.404;-0.204;;;1;1;/opt/mp-analytics/incoming/gab/Изи.xlsx;Данные по картриджам!r1507;4064fa397384d687b0349dbae769c7d4a21c54bf65a712f6c31981a966b8f971
3884;15.0x10.0x8.0;270.0;130.0;40.0;27.0x13.0x4.0;IC-ET05A400;izi;2;1;izi,sakura;15.0;solutionsprint:65.0;2;1.2;1.404;-0.204;;;1;1;/opt/mp-analytics/incoming/gab/Изи.xlsx;Данные по картриджам!r1508;4064fa397384d687b0349dbae769c7d4a21c54bf65a712f6c31981a966b8f971
2860;10.0x8.0x5.0;155.0;90.0;40.0;15.5x9.0x4.0;CS-B3P23A;cactus;2;2;cactus,sakura;0.0;solutionsprint:57.0;1;0.4;0.558;-0.158;;;1;1;/opt/mp-analytics/incoming/gab/Вся расходка Китай РФ Cactus GG PR.xlsx;Лист1!r1863;d0488dd393f71b9cb95cf51390c2aba1ef902bcac7a8eb2f95247679cc1d25fc
2861;10.0x8.0x5.0;155.0;90.0;40.0;15.5x9.0x4.0;CS-B3P19A;cactus;2;2;cactus,sakura;0.0;solutionsprint:57.0;1;0.4;0.558;-0.158;;;1;1;/opt/mp-analytics/incoming/gab/Вся расходка Китай РФ Cactus GG PR.xlsx;Лист1!r1862;d0488dd393f71b9cb95cf51390c2aba1ef902bcac7a8eb2f95247679cc1d25fc
2862;10.0x8.0x5.0;155.0;90.0;40.0;15.5x9.0x4.0;CS-B3P20A;cactus;2;2;cactus,sakura;0.0;solutionsprint:57.0;1;0.4;0.558;-0.158;;;1;1;/opt/mp-analytics/incoming/gab/Вся расходка Китай РФ Cactus GG PR.xlsx;Лист1!r1861;d0488dd393f71b9cb95cf51390c2aba1ef902bcac7a8eb2f95247679cc1d25fc
2863;10.0x8.0x5.0;155.0;90.0;40.0;15.5x9.0x4.0;CS-B3P21A;cactus;2;2;cactus,sakura;0.0;solutionsprint:57.0;1;0.4;0.558;-0.158;;;1;1;/opt/mp-analytics/incoming/gab/Вся расходка Китай РФ Cactus GG PR.xlsx;Лист1!r1860;d0488dd393f71b9cb95cf51390c2aba1ef902bcac7a8eb2f95247679cc1d25fc
2864;10.0x8.0x5.0;155.0;90.0;40.0;15.5x9.0x4.0;CS-B3P24A;cactus;2;2;cactus,sakura;0.0;solutionsprint:57.0;1;0.4;0.558;-0.158;;;1;1;/opt/mp-analytics/incoming/gab/Вся расходка Китай РФ Cactus GG PR.xlsx;Лист1!r1859;d0488dd393f71b9cb95cf51390c2aba1ef902bcac7a8eb2f95247679cc1d25fc
4217;58.0x9.0x9.0;550.0;93.0;93.0;55.0x9.3x9.3;CS-IMC3500C;cactus;2;1;cactus,izi;13.0;нет данных;2;4.698;4.757;-0.059;;;1;1;/opt/mp-analytics/incoming/gab/Вся расходка Китай РФ Cactus GG PR.xlsx;Лист1!r2330;d0488dd393f71b9cb95cf51390c2aba1ef902bcac7a8eb2f95247679cc1d25fc
4218;58.0x9.0x9.0;550.0;93.0;93.0;55.0x9.3x9.3;CS-IMC3500M;cactus;2;1;cactus,izi;13.0;нет данных;2;4.698;4.757;-0.059;;;1;1;/opt/mp-analytics/incoming/gab/Вся расходка Китай РФ Cactus GG PR.xlsx;Лист1!r2331;d0488dd393f71b9cb95cf51390c2aba1ef902bcac7a8eb2f95247679cc1d25fc
4219;58.0x9.0x9.0;550.0;93.0;93.0;55.0x9.3x9.3;CS-IMC3500Y;cactus;2;1;cactus,izi;13.0;нет данных;2;4.698;4.757;-0.059;;;1;1;/opt/mp-analytics/incoming/gab/Вся расходка Китай РФ Cactus GG PR.xlsx;Лист1!r2332;d0488dd393f71b9cb95cf51390c2aba1ef902bcac7a8eb2f95247679cc1d25fc
1488;8.0x5.0x5.0;115.0;90.0;20.0;11.5x9.0x2.0;IC-CPGI-2400XL C;izi;2;1;cactus,izi;5.0;solutionsprint:55.0;2;0.2;0.207;-0.007;;;1;1;/opt/mp-analytics/incoming/gab/Изи.xlsx;Данные по картриджам!r1201;4064fa397384d687b0349dbae769c7d4a21c54bf65a712f6c31981a966b8f971
1489;8.0x5.0x5.0;115.0;90.0;20.0;11.5x9.0x2.0;IC-CPGI-2400XL M;izi;2;1;cactus,izi;5.0;solutionsprint:55.0;2;0.2;0.207;-0.007;;;1;1;/opt/mp-analytics/incoming/gab/Изи.xlsx;Данные по картриджам!r1202;4064fa397384d687b0349dbae769c7d4a21c54bf65a712f6c31981a966b8f971
1490;8.0x5.0x5.0;115.0;90.0;20.0;11.5x9.0x2.0;IC-CPGI-2400XL Y;izi;2;1;cactus,izi;5.0;solutionsprint:55.0;2;0.2;0.207;-0.007;;;1;1;/opt/mp-analytics/incoming/gab/Изи.xlsx;Данные по картриджам!r1203;4064fa397384d687b0349dbae769c7d4a21c54bf65a712f6c31981a966b8f971
0823;8.0x5.0x5.0;50.0;112.0;33.0;5.0x11.2x3.3;GG-PGI450XLBK;cactus;2;2;cactus,sakura;8.0;solutionsprint:58.0;2;0.2;0.185;-0.033;;;1;1;/opt/mp-analytics/incoming/gab/Вся расходка Китай РФ Cactus GG PR.xlsx;Лист1!r2763;d0488dd393f71b9cb95cf51390c2aba1ef902bcac7a8eb2f95247679cc1d25fc
2610;10.0x8.0x5.0;45.0;130.0;45.0;4.5x13.0x4.5;CS-T6644Y;cactus;2;2;cactus,sakura;15.0;solutionsprint:15.0;3;0.4;0.263;-0.068;;;1;1;/opt/mp-analytics/incoming/gab/Вся расходка Китай РФ Cactus GG PR.xlsx;Лист1!r3354;d0488dd393f71b9cb95cf51390c2aba1ef902bcac7a8eb2f95247679cc1d25fc
