vendorCode;oem;model;ean;children
0194;56;56;20102432;153
0018;E30;E30;20426095;122
2621;10N0217;10N0217;20338015;63
2108;100TD;100TD;20169688;47
2617;12A1980;12A1980;20138769;47
0182;PG40BK;PG40BK;20358648;46
4622;MK221;MK221;;44
2644;ERC11;ERC11;20198114;42
0306;78;78;20368388;38
3141;№100;№100;20101473;37
2353;013R00544;013R00544;20191221;36
0714;718 BK;718 BK;20338787;35
6552;Epson ERC-38BR / ERC38BR;Epson ERC-38BR / ERC38BR;20483630;35
0125;Panasonic KX-FA136A / FA136A;Panasonic KX-FA136A / FA136A;20149437;34
1520;Canon Cartridge M / CRG-M;Canon Cartridge M / CRG-M;20022860;34
2618;Lexmark 17G0050;Lexmark 17G0050;20137090;33
5334;Canon FX-9;Canon FX-9;20092184;31
0419;HP 92298X;HP 92298X;20071783;31
0303;HP 27 / C8727A;HP 27 / C8727A;20102104;29
3755;Canon GI-490PGBK;Canon GI-490PGBK;20033491;29
0485;Epson T013;Epson T013;20047702;29
0712;Sharp AR-202T;Sharp AR-202T;20169961;28
1475;Brother PC-72RF / PC72RF;Brother PC-72RF / PC72RF;20009687;27
4526;Sharp MX-61GTBA;Sharp MX-61GTBA;20386795;27
4599;Epson C13S015307BA / C13S015307;Epson C13S015307BA / C13S015307;20457815;25
1272;Lexmark 12A1970 / No. 70;Lexmark 12A1970 / No. 70;20138837;25
2612;Samsung INK-M40 / M40;Samsung INK-M40 / M40;20162603;25
0442;FX-3;FX-3;20023911;24
0947;№110;№110;20104597;24
3353;304RF;304RF;;24
5287;T1A;T1A;20454760;23
0528;FA85A;FA85A;20148621;22
0197;131;131;20319182;22
2312;650;650;20101466;21
2183;953XLBK;953XLBK;20103194;21
0525;FA76A;FA76A;20148065;21
2104;Type 410;Type 410;20156435;21
2624;UX6CR;UX6CR;20199159;21
4434;№112;№112;20512651;21
1069;AR152T;AR152T;20386641;21
3354;101RF;101RF;20199050;21
0648;16198000;16198000;20182441;21
0428;29;29;20313180;21
0289;T007;T007;20050733;21
1456;PG37BK;PG37BK;20033545;21
2645;SPC310BK;SPC310BK;20153137;20
2004;106B;106B;20116040;19
1678;A00W432;A00W432;20118051;19
5566;70C0P00;70C0P00;20391034;19
0318;82M;82M;20102326;19
4019;№831;№831;20478124;19
3615;FAT421A7;FAT421A7;20148638;18
4544;T003;T003;;18
6361;40GUSA;40GUSA;20373320;18
1971;CEXV36;CEXV36;20020316;17
1374;C4149A;C4149A;20072452;17
4909;C540H1KG;C540H1KG;20137465;17
1722;12A7362;12A7362;20139216;17
1743;C540A1KG;C540A1KG;20139773;17
1842;006R60387;006R60387;20180003;17
2484;D204L;D204L;20162542;17
2579;T051;T051;20048990;17
2587;T0601;T0601;20056889;17
4443;27XL;27XL;20046132;17
0970;88XLBK;88XLBK;20313289;17
3350;PC310H;PC310H;20150112;17
0195;57;57;20103583;17
2995;FX-4;FX-4;20027476;17
2661;MTII;MTII;;17
6830;58D5X00;58D5X00;20520366;16
2147;CLPK660B;CLPK660B;20166885;16
1461;18C0034;18C0034;20139148;16
0711;AR168LT;AR168LT;20169862;15
2007;TN113;TN113;20116057;15
6559;071;071;20545826;15
2672;TN3145;TN3145;20009427;15
3855;№774BK;№774BK;20512392;15
1911;T5961;T5961;20056216;15
1992;1015;1015;20116026;15
2102;3200D;3200D;20154950;15
4387;№912;№912;20106713;15
4554;LK2WBN;LK2WBN;20454852;15
1059;CLTK508S;CLTK508S;20163563;15
2434;NPG-9;NPG-9;20025021;15
2433;NPG-7;NPG-7;20025014;15
2431;NPG-4;NPG-4;20024994;15
2819;106BK;106BK;20033262;15
6848;TNB021;TNB021;20525293;15
6435;TN2421;TN2421;20479787;15
2936;VT-II-S;VT-II-S;;15
2938;893951;893951;;15
2106;610;610;;14
2117;1200E;1200E;;14
0427;20;20;20100636;14
1970;CEXV35;CEXV35;20520670;13
1982;006R01223;006R01223;20174125;13
0307;129;129;20318376;13
2372;MPC5502EK;MPC5502EK;20385910;13
2093;SPC220BK;SPC220BK;20553005;13
1833;1275;1275;20159290;13
1787;41963008;41963008;20143725;13
2035;TN511;TN511;20116354;13
2127;4590E;4590E;20171346;13
3177;№520Z;№520Z;20137243;13
3266;FO15CR;FO15CR;20199166;13
4513;841853;841853;20152215;13
2893;MP1350E;MP1350E;20151751;13
0985;01103402;01103402;20143428;13
1463;18C0781;18C0781;20139735;13
1271;10N0026;10N0026;20137045;13
0548;TK825K;TK825K;20134150;13
3359;991XL;991XL;20103767;13
1384;731H;731H;20319519;13
2438;CEXV39;CEXV39;20020347;13
0479;T026;T026;20319472;12
2370;SP4100;SP4100;20158781;12
4172;W9004WC;W9004WC;20556143;12
0478;T018;T018;20044954;12
0481;T036;T036;20044893;12
2437;CEXV28BK;CEXV28BK;20020101;12
6509;KM-8;KM-8;20502317;12
1738;C5222KH;C5222KH;20140779;11
1667;4152303;4152303;20117092;11
1669;4518812;4518812;20142988;11
2109;AR208T;AR208T;20386672;11
2123;2320E;2320E;20171162;11
2461;006R90168;006R90168;20180089;11
2462;113R00276;113R00276;20180096;11
2489;MLTR204;MLTR204;20162566;11
2581;T053;T053;20049140;11
3991;CE037A;CE037A;20103774;11
2926;VT-II-L;VT-II-L;20002459;11
2895;C430EK;C430EK;20552862;11
3098;X651H21E;X651H21E;20138455;11
1565;70;70;20364076;11
0320;82BK;82BK;20363925;11
2436;NPG16;NPG16;20024314;11
3619;724;724;20020590;11
4549;T101 /001;T101 /001;;11
2892;B0392214;B0392214;20151744;10
2520;TN310K;TN310K;20118242;10
2233;TN322;TN322;20549121;10
1054;CLTK506S;CLTK506S;20345679;10
2068;MPC2800;MPC2800;20385781;9
2125;2507E;2507E;20170837;9
2118;1350E;1350E;20170806;9
1071;310NT;310NT;20170370;9
2103;3205D;3205D;20153267;9
1412;8305BK;8305BK;20122560;9
1148;006R01237;006R01237;20387464;9
1068;AR270LT;AR270LT;20386658;9
1961;CEXV29BK;CEXV29BK;20020132;9
0686;CLP500K;CLP500K;20163495;9
0894;655BK;655BK;20322137;9
3817;CPC250HBK;CPC250HBK;20384852;9
1724;12S0300;12S0300;20139223;9
1679;A0V301H;A0V301H;20119867;9
1827;1240001;1240001;20144241;9
1766;45488802;45488802;20144166;9
1902;T5448;T5448;20046514;9
1955;CEXV17BK;CEXV17BK;20019976;9
1972;CEXV38;CEXV38;20020330;9
2003;104B;104B;20116248;9
2005;302B;302B;;9
2126;4530E;4530E;20170851;9
2140;C792BKR;C792BKR;20138967;9
2188;973XLBK;973XLBK;20363208;9
2208;IR40T;IR40T;20195823;9
2458;12A6835;12A6835;;9
2460;113R00005;113R00005;;9
3699;DQTU10J;DQTU10J;20147938;9
4013;CN705A;CN705A;;9
4428;№106;№106;20047023;9
4375;№651;№651;20103217;9
5669;PG50BK;PG50BK;20415204;9
2709;GC31KH;GC31KH;20156534;9
2814;T676XL1;T676XL1;20059613;9
1143;113R00247;113R00247;20171926;9
2236;Toshiba T-3520E;Toshiba T-3520E;20170844;9
2933;Ricoh JP-10-S / JP10S;Ricoh JP-10-S / JP10S;20152925;9
1720;Lexmark 08A0478;Lexmark 08A0478;20138714;9
2889;Konica Minolta TN-710 / 02XF;Konica Minolta TN-710 / 02XF;20116415;9
2668;Sharp SF-216T1;Sharp SF-216T1;;9
2929;Ricoh JP-50;Ricoh JP-50;20198947;8
2367;Sharp SF-226T;Sharp SF-226T;20170639;8
0529;Panasonic KX-FAD86A / FAD86A;Panasonic KX-FAD86A / FAD86A;20148287;8
1007;OKI 43324404;OKI 43324404;20146900;8
0281;HP 92274A;HP 92274A;20085674;8
0143;Epson T038;Epson T038;20045005;8
0469;Epson S050614;Epson S050614;20041755;8
2432;Canon NPG-5;Canon NPG-5;20025007;8
0505;Lexmark 13T0301;Lexmark 13T0301;20139483;7
1951;Canon C-EXV16BK / CEXV16BK;Canon C-EXV16BK / CEXV16BK;20022440;7
1767;OKI 44250724;OKI 44250724;20142926;7
3761;Brother TN-13;Brother TN-13;20009229;7
2791;SP-4400 DU;SP-4400 DU;20152529;7
1843;006R90280;006R90280;;7
1836;SP4400RX;SP4400RX;20155261;7
1765;1279001;1279001;20453244;7
1746;E360X11E;E360X11E;20140946;7
1948;EXV7DU;EXV7DU;;7
2045;TN-613K / A0TM150;TN-613K / A0TM150;20116835;7
2122;T-2060E;T-2060E;20171155;7
2132;TN-711K / A3VU150;TN-711K / A3VU150;20116439;7
2162;TNP-22B;TNP-22B;20118181;7
2211;S015290;S015290;20469184;7
2482;ML-5000D5;ML-5000D5;;7
3158;9004078;9004078;20145194;7
2553;T-1710E;T-1710E;;7
2582;T0561;T0561;20049157;7
2592;T0751;T0751;20049195;7
3153;EP-A;EP-A;20358167;7
3242;Epson T5431 / C13T543100;Epson T5431 / C13T543100;20054717;7
5321;Canon EP-87 Black;Canon EP-87 Black;20081607;7
2943;Riso GRA4;Riso GRA4;20199005;7
2928;Ricoh JP-30;Ricoh JP-30;20198930;7
2912;Toshiba T-FC55EK;Toshiba T-FC55EK;20170875;7
2793;Samsung MLT-K606S;Samsung MLT-K606S;20386276;7
1062;Samsung ML-4500D3;Samsung ML-4500D3;20162467;7
1460;Epson T1361BK;Epson T1361BK;20045777;7
2675;Canon BCI-1411K;Canon BCI-1411K;20037420;7
0827;Canon EP-P;Canon EP-P;20025427;7
3413;Canon T03 Black;Canon T03 Black;20023935;7
3572;Lexmark E352H11E;Lexmark E352H11E;;7
2878;Canon C-EXV31K;Canon C-EXV31K;20021771;7
1473;Brother LC-227XLBK;Brother LC-227XLBK;20017811;7
1760;OKI 9004391;OKI 9004391;;7
2714;Canon C-EXV26 Black (1660B006);Canon C-EXV26 Black (1660B006);20020040;6
5338;Canon 708 Black;Canon 708 Black;20435868;6
1994;Konica Minolta DR-114 (4021029701);Konica Minolta DR-114 (4021029701);20116576;6
2876;T1000;T1000;20330187;6
2944;RA/RC;RA/RC;20199012;6
2940;GRA3;GRA3;20198848;6
1332;ARM621;ARM621;20170660;6
2708;M-41;M-41;20161026;6
1426;43979302;43979302;20143473;6
1592;18CX032E;18CX032E;20137670;6
0544;TK510K;TK510K;20515706;6
0824;T028;T028;20047450;6
0473;S050630;S050630;20041885;6
1474;229XLBK;229XLBK;;6
2905;8200E;8200E;20152390;5
2326;1600E;1600E;20171193;5
0703;SCX5530;SCX5530;20162153;5
1172;TK1125;TK1125;20122195;5
5061;TN610K;TN610K;20116774;5
3965;46471108;46471108;20141356;5
2416;MPC5000K;MPC5000K;20152178;5
2023;TN312K;TN312K;20116514;5
2040;TN513;TN513;20116392;5
2096;SPC820BK;SPC820BK;20384937;5
3395;TN210K;TN210K;20116095;5
2060;MPC2051;MPC2051;20151737;5
1187;720;720;20023522;5
3656;C2500HBK;C2500HBK;20151461;5
5289;Deli T2A;Deli T2A;20454746;5
1715;TK-865K;TK-865K;20548391;5
3234;BCI-3PBK / BCI3PBK;BCI-3PBK / BCI3PBK;20494605;5
1658;C3900A;C3900A;20072544;5
1938;C4940A / HP 83 Black;C4940A / HP 83 Black;20104030;5
2049;TNP-24 / TNP24;TNP-24 / TNP24;20117955;5
1993;DR-113 / DR113;DR-113 / DR113;20119904;5
2034;TN-611K / TN611K;TN-611K / TN611K;20116316;5
2084;MPC4500EBk / MPC3500;MPC4500EBk / MPC3500;20152130;5
2088;MPC7501EK / MPC6501;MPC7501EK / MPC6501;20152253;5
2116;MXB20GT1;MXB20GT1;20386702;5
2119;1550E;1550E;20171087;5
4608;F45812;F45812;20196691;5
2530;4576211;4576211;20118280;5
1764;9004079;9004079;20143718;5
2556;Epson T003;Epson T003;20049065;5
2559;Epson T015;Epson T015;20049089;5
2567;T0331;T0331;20045388;5
2689;T6061 (C13T606100);T6061 (C13T606100);20054946;5
2939;JP-7-M / 817562;JP-7-M / 817562;20198992;5
3253;9002310;9002310;20344658;5
3675;X340A11G;X340A11G;20139728;5
5054;TN222;TN222;20116729;5
0501;12036SE;12036SE;20138073;5
5675;HP129;HP129;20415655;5
2935;JP-7-S;JP-7-S;20198961;5
2927;HQ90A3;HQ90A3;20198923;5
2918;DR-43;DR-43;20198879;5
0739;AR020T;AR020T;20169701;5
5180;5312R2;5312R2;20160807;5
1326;T-320;T-320;20157944;5
1033;1250D;1250D;20152451;5
2906;C830DNEK;C830DNEK;20152406;5
2325;SP5200HE;SP5200HE;20384746;5
3008;OKI 14ex;OKI 14ex;20145187;5
1002;OKI 43381908;OKI 43381908;20143251;5
1464;Lexmark 18C1528E;Lexmark 18C1528E;20139896;5
0532;Kyocera TK-65;Kyocera TK-65;20125745;5
3628;HP CF279X;HP CF279X;20061869;5
4314;HP W9060MC;HP W9060MC;20060268;5
2703;Epson T6128;Epson T6128;20053956;5
0837;Epson T050;Epson T050;20329600;5
0483;Epson T040 C13T04014010;Epson T040 C13T04014010;20319038;5
0834;Epson T019;Epson T019;20044008;5
0456;Epson S050229;Epson S050229;20041809;5
2945;Riso F30;Riso F30;;5
1522;EP25X;EP25X;20020248;5
2752;TN900K;TN900K;20420963;5
2917;DP650L;DP650L;;5
2597;T0761;T0761;20049249;4
2932;817612;817612;20198978;4
3629;1650D8;1650D8;20159740;4
0511;12A7410;12A7410;20139520;4
3838;TN618;TN618;20120566;4
2699;T6121;T6121;20055042;4
1188;714;714;20030438;4
2941;F37;F37;;4
2890;TNP40;TNP40;20118525;3
2121;1800E;1800E;20171056;3
1588;TNP27K;TNP27K;20117610;3
3655;407510;407510;20384760;3
2554;2505E;2505E;20170820;3
1061;SCX6345;SCX6345;20160739;3
0600;106R00442;106R00442;20179281;3
0309;132;132;20363338;3
3970;47095708;47095708;20383466;3
1828;43979218;43979218;20145583;3
0437;713;713;20425906;3
2720;5160BK;5160BK;20429959;3
2440;C930HK;C930HK;20140847;3
3618;719;719;20020576;3
1829;44059256;44059256;20144609;3
1751;W850H21G;W850H21G;20138691;3
1837;SP6330E;SP6330E;20159368;3
1867;113R00462;113R00462;20180041;3
2014;TN214K;TN214K;20119997;3
2120;1620E;1620E;20171216;3
2214;MD910;MD910;20196240;3
2220;PR4;PR4;20196271;3
3200;50F2X00;50F2X00;20140250;3
2228;S050652;S050652;20042073;3
2465;113R00195;113R00195;20180126;3
2477;016194700;016194700;20180195;3
2508;TK880K;TK880K;20121655;3
2515;TNP18K;TNP18K;20118204;3
2535;1710550;1710550;;3
2625;IFA501;IFA501;20149680;3
4001;№81;№81;20107659;3
3254;PR-4;PR-4;20196493;3
3255;HDP920;HDP920;20004231;3
3765;DR770;DR770;20437015;3
3919;001BK;001BK;20060084;3
3924;001BK;001BK;20060107;3
4450;T8581;T8581;20046439;3
4455;T8871;T8871;20450960;3
4934;X792X1KG;X792X1KG;20137717;3
4993;T7607;T7607;20046798;3
5013;T3241;T3241;20046996;3
5099;PU120;PU120;20122058;3
2924;DP630L;DP630L;20199029;3
2925;DR831L;DR831L;20198916;3
2919;DR-46;DR-46;20198886;3
2921;DRU55;DRU55;20198893;3
2643;L0201015;L0201015;20198091;3
0604;106R00462;106R00462;20179311;3
5181;152LT;152LT;20169954;3
2798;K607S;K607S;20160609;3
2900;C811K;C811K;20152338;3
3525;53604;53604;20151393;3
2547;1221601;1221601;20143831;3
2545;52113701;52113701;20143824;3
3001;20K1403BK;20K1403BK;20139360;3
1433;E450H21E;E450H21E;20139063;3
0540;TK520K;TK520K;20121365;3
2888;TN015;TN015;20120597;3
2757;TNP34;TNP34;20120320;3
4673;T02Q1;T02Q1;20451004;3
3827;SJIC26PBK;SJIC26PBK;20052607;3
1244;T0341;T0341;20051501;3
2555;T001;T001;20049058;3
5226;112;112;20554958;3
3832;SJIC30PBK;SJIC30PBK;20048686;3
2832;PFI207K;PFI207K;20035785;3
1498;29PBK;29PBK;20032869;3
3039;1000MBK;1000MBK;20031985;3
2235;1225401;1225401;;3
2387;TN2050;TN2050;20009847;3
6438;DV8550;DV8550;20479817;3
5685;;;20415587;3
5667;;;20415150;3
2920;DR700L;DR700L;;3
3630;5215BK;5215BK;20430054;2
2051;B0399640;B0399640;;2
2457;12A7310;12A7310;;2
2930;JP8500;JP8500;20199173;2
2947;CZB4;CZB4;20199081;2
2922;DRU85;DRU85;20456108;2
0509;12S0400;12S0400;20138561;2
1270;10N0016;10N0016;20137168;2
2867;№91;№91;20115548;2
0425;58;58;20101510;2
4782;T46S8;T46S8;20056025;2
4115;T6538;T6538;20055349;2
2697;T6148;T6148;20045531;2
1624;732BK;732BK;20022150;2
5687;HP650;HP650;20415662;2
2948;KZB4;KZB4;;2
2923;DCR11;DCR11;;2
5381;055;055;20351687;1
5363;729;729;20065119;1
5362;729;729;20064938;1
0042;CLPY300A;CLPY300A;20439880;1
1591;TNP27Y;TNP27Y;20117764;1
1590;TNP27M;TNP27M;20118594;1
1589;TNP27C;TNP27C;20471514;1
5322;EP-87;EP-87;20074234;1
1620;715;715;20019839;1
1802;44059105;44059105;20143442;1
1801;44059106;44059106;20552459;1
1984;006R01225;006R01225;20174224;1
1983;006R01224;006R01224;20174163;1
1985;006R01226;006R01226;20173913;1
2071;MPC2800;MPC2800;20151973;1
2070;MPC3300;MPC3300;20151966;1
2069;MPC2800;MPC2800;20151959;1
1953;CEXV16M;CEXV16M;20022495;1
1772;42804507;42804507;20144302;1
1773;42804506;42804506;20144319;1
1774;42804505;42804505;20144326;1
1771;42804508;42804508;20144296;1
1585;TNP22C;TNP22C;20117580;1
1586;TNP22M;TNP22M;20117597;1
1952;CEXV16C;CEXV16C;20019952;1
1954;CEXV16Y;CEXV16Y;20025359;1
3968;46471105;46471105;20383459;1
0316;11;11;20106171;1
5064;TN610Y;TN610Y;20116804;1
5063;TN610M;TN610M;20116798;1
5062;TN610C;TN610C;20116781;1
0380;920XLY;920XLY;20363512;1
0800;177LC;177LC;20368371;1
0797;177C;177C;20101152;1
0801;177LM;177LM;20102159;1
3967;46471106;46471106;20383442;1
0311;№136;№136;20100803;1
0924;T1303XL;T1303XL;20051815;1
3853;№101Y;№101Y;20415358;1
3851;№101C;№101C;20047290;1
0324;940XLY;940XLY;20102067;1
0323;940XLM;940XLM;20102036;1
0322;940XLC;940XLC;20102029;1
2186;953XLY;953XLY;20103071;1
3848;№103Y;№103Y;20511999;1
3846;№103C;№103C;20511975;1
2313;650;650;20103231;1
0315;11;11;20113162;1
0304;28;28;20102111;1
3966;46471107;46471107;20141394;1
0977;971XLM;971XLM;20100605;1
0978;971XLY;971XLY;20103354;1
0976;971XLC;971XLC;20104726;1
2880;CEXV31M;CEXV31M;20020217;1
2024;TN312M;TN312M;20116996;1
2025;TN312Y;TN312Y;20118396;1
2234;43502002;43502002;20143817;1
3514;CLTM503L;CLTM503L;20160067;1
3515;CLTY503L;CLTY503L;20160975;1
2418;MPC5000M;MPC5000M;20152192;1
3820;SPC250HY;SPC250HY;20384883;1
2429;MPC2011;MPC2011;20366308;1
3659;C2500HY;C2500HY;20552640;1
5332;TK6128;TK6128;20121044;1
2022;TN312C;TN312C;20116507;1
0697;CLPY350A;CLPY350A;20161194;1
2026;TN314C;TN314C;20116200;1
3819;SPC250HM;SPC250HM;20384876;1
3658;C2500HM;C2500HM;20151478;1
3657;C2500HC;C2500HC;20385286;1
1770;44250721;44250721;20142957;1
3818;SPC250HC;SPC250HC;20384869;1
3513;C503L;C503L;20529918;1
2417;MPC5000Y;MPC5000Y;20152208;1
1763;43501902;43501902;20141615;1
2419;MPC5000C;MPC5000C;20152185;1
2099;SPC820Y;SPC820Y;20152383;1
2098;SPC820M;SPC820M;20453510;1
2097;SPC820C;SPC820C;20453527;1
1947;EXV5DU;EXV5DU;20024819;1
1768;44250723;44250723;20142933;1
3396;TN210C;TN210C;20116088;1
3397;TN210M;TN210M;20116101;1
5518;E16;E16;20426088;1
6863;056;056;20527365;1
4514;841856;841856;20552787;1
4515;841855;841855;20152239;1
3971;47095707;47095707;20383473;1
3957;DK1100;DK1100;20134792;1
3972;47095706;47095706;20383480;1
3752;46861322;46861322;20552541;1
5361;729;729;20062408;1
6341;78C50M0;78C50M0;20371241;1
6340;78C50C0;78C50C0;20371234;1
6085;2200HY;2200HY;20460815;1
3751;46861323;46861323;20383558;1
4516;841854;841854;20152246;1
3973;47095705;47095705;20383497;1
6843;D4720A;D4720A;20522940;1
5379;055;055;20351625;1
6082;2200HBK;2200HBK;20460785;1
6084;2200HM;2200HM;20460808;1
6083;2200HC;2200HC;20460792;1
6468;78C50Y0;78C50Y0;20481339;1
3753;46861321;46861321;20552534;1
1997;DR411;DR411;20116620;1
0983;43979102;43979102;20141974;1
2092;SPC220M;SPC220M;20385002;1
2985;CLTR404;CLTR404;20517373;1
2058;MPC2530;MPC2530;20385729;1
1741;C5242YH;C5242YH;20140816;1
1015;43865721;43865721;20383763;1
1944;EXV50DU;EXV50DU;20024482;1
2061;MPC2051;MPC2051;20385750;1
0989;44973534;44973534;20383602;1
3188;051;051;20020514;1
1402;TK150M;TK150M;20128517;1
1740;C5242MH;C5242MH;20138660;1
2094;SPC220C;SPC220C;20553012;1
3708;041BK;041BK;20021429;1
3717;418481;418481;20384791;1
1419;44315307;44315307;20552350;1
1964;CEXV29Y;CEXV29Y;20369682;1
1962;CEXV29C;CEXV29C;20369668;1
1963;CEXV29M;CEXV29M;20369675;1
2062;MPC2051;MPC2051;20385767;1
2063;MPC2051;MPC2051;20151904;1
0570;DR8000;DR8000;20008758;1
2095;SPC220Y;SPC220Y;20553036;1
2631;CLTY809S;CLTY809S;20386542;1
2630;CLTM809S;CLTM809S;20160135;1
2443;C930HY;C930HY;20140861;1
2441;C930HC;C930HC;20140830;1
2442;C930HM;C930HM;20140854;1
3191;052;052;20020521;1
1739;C5242CH;C5242CH;20140786;1
1403;TK150Y;TK150Y;20128531;1
0925;T1304XL;T1304XL;20360191;1
3622;177;177;20100810;1
0799;177Y;177Y;20368357;1
2428;MPC2004;MPC2004;20385682;1
2984;CLTR407;CLTR407;20159924;1
1721;12026XW;12026XW;20327224;1
2971;049DU;049DU;20425630;1
7089;60GTCA;60GTCA;20554873;1
7088;60GTBA;60GTBA;20554866;1
7090;60GTMA;60GTMA;20554880;1
7091;60GTYA;60GTYA;20554897;1
4567;LK4WBW;LK4WBW;20454944;1
4565;LK4YBW;LK4YBW;;1
5984;K4KBM;K4KBM;20455668;1
4564;LK4TWN;LK4TWN;;1
5989;K4TKN;K4TKN;20455712;1
5971;BLK4WBA7;BLK4WBA7;20455538;1
5994;K5DBF;K5DBF;20455767;1
4572;LK5YBP;LK5YBP;20195748;1
4566;LK4TBW;LK4TBW;20195670;1
4556;LK3YBP;LK3YBP;20454876;1
1844;006R90281;006R90281;;1
1831;44059255;44059255;20143657;1
1846;006R90283;006R90283;;1
1830;44059253;44059253;20143626;1
1789;41963006;41963006;20143749;1
1754;X203H22G;X203H22G;20140403;1
1786;43324421;43324421;20141240;1
1788;41963007;41963007;20143732;1
1779;43324408;43324408;20453015;1
1790;41963005;41963005;20143756;1
1769;44250722;44250722;20142940;1
1709;TK855Y;TK855Y;20126148;1
1668;1100DR;1100DR;20452247;1
1716;TK865M;TK865M;20126209;1
1745;C540A1YG;C540A1YG;20140083;1
1744;C540A1MG;C540A1MG;20140090;1
1742;C540A1CG;C540A1CG;20140823;1
1682;A0V30HH;A0V30HH;20119393;1
1677;A00W332;A00W332;20118044;1
1672;8938622;8938622;;1
1680;A0V306H;A0V306H;20119379;1
1675;A00W132;A00W132;20118020;1
1676;A00W232;A00W232;20118037;1
1670;4519313;4519313;20118068;1
1681;A0V30CH;A0V30CH;20119386;1
1674;8938624;8938624;20120573;1
1003;43381907;43381907;20141561;1
1782;43381905;43381905;20147389;1
1780;43381907;43381907;20144333;1
1781;43381906;43381906;20147372;1
4558;LK3TBN;LK3TBN;20454890;1
1832;44059254;44059254;20143640;1
1845;006R90282;006R90282;;1
1890;PFI307B;PFI307B;;1
1893;PFI307G;PFI307G;;1
1894;307GY;307GY;;1
1897;307PC;307PC;;1
1898;307PGY;307PGY;;1
1899;307PM;307PM;;1
1900;PFI307R;PFI307R;;1
1904;T5652;T5652;20046538;1
1903;T5651;T5651;20046521;1
1905;T5653;T5653;20046545;1
1906;T5654;T5654;20044053;1
1907;T5655;T5655;20044060;1
1910;T5659;T5659;20044121;1
1909;T5657;T5657;20044107;1
1908;T5656;T5656;20044091;1
1912;T5962;T5962;20058821;1
1913;T5963;T5963;20052553;1
1917;T5967;T5967;20050993;1
1915;T5965;T5965;20051013;1
1916;T5966;T5966;20055554;1
1918;T5968;T5968;20050986;1
1919;T5969;T5969;20056186;1
1921;T596B;T596B;20046569;1
1920;T596A;T596A;20046552;1
1939;C4941A;C4941A;20104054;1
1940;C4942A;C4942A;20104078;1
1941;C4943A;C4943A;20104085;1
1942;C4944A;C4944A;20104092;1
1943;C4945A;C4945A;20104108;1
1956;CEXV17C;CEXV17C;20022600;1
1957;CEXV17M;CEXV17M;20022617;1
1958;CEXV17Y;CEXV17Y;20022624;1
1975;CEXV8C;CEXV8C;20020460;1
1976;CEXV8M;CEXV8M;20020477;1
1977;CEXV8Y;CEXV8Y;20020484;1
2000;DRP01;DRP01;20119812;1
2006;302B;302B;20117306;1
2013;TN214C;TN214C;20120009;1
2015;TN214M;TN214M;20120016;1
2016;TN214Y;TN214Y;20120061;1
2029;TN314Y;TN314Y;20119416;1
5738;;;20420390;1
4315;W9061MC;W9061MC;20451653;1
4317;W9063MC;W9063MC;20060329;1
2041;TN611C;TN611C;20117153;1
2042;TN611M;TN611M;20117160;1
2043;TN611Y;TN611Y;20117184;1
2044;TN613C;TN613C;20116460;1
2047;TN613Y;TN613Y;20119355;1
2046;TN613M;TN613M;20116408;1
2052;411844;411844;20385644;1
2086;MPC3500;MPC3500;20152154;1
2085;MPC3500;MPC3500;20152147;1
2087;MPC3500;MPC3500;20152161;1
2091;MPC6501;MPC6501;20152284;1
2089;MPC6501;MPC6501;20152260;1
2090;MPC6501;MPC6501;20152277;1
2130;C9153A;C9153A;20099350;1
2134;TN711Y;TN711Y;20116453;1
2133;TN711M;TN711M;20116446;1
2142;C792MR;C792MR;;1
2141;C792CR;C792CR;;1
2143;C792YR;C792YR;;1
2148;C660B;C660B;20163211;1
2191;973XLY;973XLY;20363239;1
2189;973XLC;973XLC;20103026;1
2190;973XLM;973XLM;20363222;1
2805;MLTR704;MLTR704;20386337;1
2398;CF365M;CF365M;20066673;1
2509;TK880C;TK880C;20121662;1
2511;TK880Y;TK880Y;20121631;1
2510;TK880M;TK880M;20121686;1
2516;TNP18C;TNP18C;20118211;1
2517;TNP18M;TNP18M;20118228;1
2518;TNP18Y;TNP18Y;20118235;1
2521;TN310C;TN310C;20118259;1
2522;TN310M;TN310M;20118266;1
2523;TN310Y;TN310Y;20118273;1
2531;4576511;4576511;20118297;1
2533;4576311;4576311;20118310;1
2532;4576411;4576411;20118303;1
2536;1710550;1710550;20118327;1
2538;1710550;1710550;20118341;1
2537;1710550;1710550;20118334;1
2541;A0DK452;A0DK452;20119249;1
2542;A0DK352;A0DK352;20117634;1
2543;A0DK252;A0DK252;20119270;1
2558;T003T005;T003T005;20444020;1
2557;T005;T005;20049072;1
2560;T016;T016;20049096;1
2568;T0332;T0332;20327200;1
2569;T0333;T0333;20057466;1
2570;T0334;T0334;20044299;1
2571;T0335;T0335;20058739;1
2572;T0336;T0336;20059699;1
2583;T0562;T0562;20049164;1
2584;T0563;T0563;20049171;1
2585;T0564;T0564;20049188;1
2588;T0602;T0602;20057220;1
2589;T0603;T0603;20058463;1
2590;T0604;T0604;20059705;1
2593;T0752;T0752;20049201;1
2594;T0753;T0753;20049218;1
2595;T0754;T0754;20049225;1
2599;T0763;T0763;20049263;1
2598;T0762;T0762;20049256;1
2600;T0764;T0764;20049270;1
2602;T2601;T2601;20058555;1
2619;17G0060;17G0060;20138776;1
2622;10N0227;10N0227;20328771;1
2626;CE270X;CE270X;;1
2694;T6066;T6066;20045845;1
3190;D205U;D205U;;1
3235;BCI3PM;BCI3PM;20494629;1
3236;BCI3PC;BCI3PC;20494636;1
3243;T5432;T5432;20054724;1
3244;T5433;T5433;20352257;1
3247;T5436;T5436;20054809;1
3245;T5434;T5434;20352264;1
3246;T5435;T5435;20054786;1
3248;T5437;T5437;20054816;1
3249;T5438;T5438;20054823;1
1621;717C;717C;;1
3612;№12;№12;20107840;1
3702;EP85C;EP85C;20063498;1
3703;EP85M;EP85M;20078362;1
3704;EP85Y;EP85Y;20072537;1
3725;T1598;T1598;20045968;1
3724;T1597;T1597;20045951;1
3905;1000GY;1000GY;20039332;1
3923;GA001Y;GA001Y;20060046;1
3928;GB001W;GB001W;20060091;1
3948;976YM;976YM;20101664;1
3949;976YY;976YY;20101688;1
3986;CE039A;CE039A;20103781;1
3987;CE040A;CE040A;20103804;1
3990;CE042A;CE042A;20103828;1
3992;CE044A;CE044A;20103835;1
3993;CE038A;CE038A;20104382;1
4010;CN706A;CN706A;;1
4011;CN707A;CN707A;;1
4012;CN708A;CN708A;;1
4014;CN709A;CN709A;;1
4016;№831;№831;20478131;1
4017;№831;№831;20478117;1
4018;№831;№831;20478148;1
4020;№831;№831;20478155;1
4021;№831;№831;20478162;1
4038;PFI206C;PFI206C;;1
4039;PFI206M;PFI206M;;1
4040;PFI206Y;PFI206Y;;1
4041;206BK;206BK;;1
4042;206MBK;206MBK;;1
4355;653;653;20101367;1
4367;№46;№46;20101398;1
4376;№651;№651;20451189;1
4382;122;122;;1
4385;№22;№22;20106683;1
4446;27XL;27XL;20046163;1
4448;27XXL;27XXL;20046187;1
4457;T8873;T8873;20450984;1
4456;T8872;T8872;20450977;1
4458;T8874;T8874;20450991;1
4822;TL410L;TL410L;;1
4864;TN712K;TN712K;20117313;1
4933;X792X1CG;X792X1CG;20137694;1
4935;X792X1MG;X792X1MG;20137731;1
4936;X792X1YG;X792X1YG;20137755;1
4987;T7601;T7601;20046729;1
4989;T7603;T7603;20046743;1
4988;T7602;T7602;20046736;1
4991;T7605;T7605;20046767;1
4992;T7606;T7606;20046781;1
4994;T7608;T7608;20046811;1
4995;T7609;T7609;20046835;1
5012;T3240;T3240;20046989;1
5014;T3242;T3242;20047009;1
5017;T3247;T3247;20047092;1
5018;T3248;T3248;20047115;1
5037;;;20104344;1
5038;;;20104351;1
6205;№62XL;№62XL;20487140;1
6024;TZES741;TZES741;20456061;1
5677;HP134;HP134;20415709;1
5684;;;20501068;1
5686;;;20415617;1
5690;;;20501020;1
5688;HP650;HP650;20415693;1
5674;121123;121123;20415624;1
5323;EP-87;EP-87;20081621;1
5324;EP-87;EP-87;20060862;1
5371;TN117;TN117;;1
5372;TN119;TN119;;1
4111;T6537;T6537;20055332;1
4044;206PM;206PM;20345570;1
4046;206PGY;206PGY;;1
2931;CPMT10;CPMT10;20198954;1
2869;№91;№91;20115524;1
5661;Epson Dye LM;Epson Dye LM;20494674;1
5972;BLK5WBA11;BLK5WBA11;20455545;1
5975;BLK6YBA14;BLK6YBA14;20455576;1
5978;HSE631;HSE631;20455606;1
5982;K4GBP;K4GBP;20455644;1
5985;K4LBP;K4LBP;20455675;1
2751;DR3170;DR3170;20010973;1
5359;CB435X;CB435X;20060930;1
2934;JP12S;JP12S;20199180;1
2937;JP12M;JP12M;20456122;1
5298;S0720920;S0720920;20198749;1
2745;;;20455361;1
4557;LK3WBN;LK3WBN;20454883;1
4555;LK3RBP;LK3RBP;20454869;1
1182;113R00762;113R00762;20387167;1
0651;16197900;16197900;20182489;1
0650;16197800;16197800;20182472;1
2915;FC55EY;FC55EY;20170899;1
2914;FC55EM;FC55EM;20170882;1
2913;FC55EC;FC55EC;20170868;1
2368;D106L;D106L;20168100;1
1055;C506S;C506S;20165970;1
1056;CLTM506S;CLTM506S;20165956;1
1057;CLTY506S;CLTY506S;20165963;1
2806;MLTR707;MLTR707;20453879;1
0693;CLPY600A;CLPY600A;20163556;1
0692;CLPM600A;CLPM600A;20163549;1
0700;CLP510M;CLP510M;20163532;1
0689;CLP500Y;CLP500Y;20163525;1
0688;CLP500M;CLP500M;20163518;1
0687;CLP500C;CLP500C;20163501;1
0699;CLP510C;CLP510C;20163112;1
0701;CLP510Y;CLP510Y;20160227;1
2803;MLTR309;MLTR309;20386177;1
3868;407900;407900;20385156;1
2897;C430EM;C430EM;20472054;1
2896;C430EC;C430EC;20524050;1
2712;GC31Y;GC31Y;20156558;1
2711;GC31M;GC31M;20156541;1
2710;GC31C;GC31C;20156527;1
2648;SPC310Y;SPC310Y;20156329;1
2647;SPC310M;SPC310M;20552855;1
2646;SPC310C;SPC310C;20153366;1
3869;407901;407901;20152598;1
2909;C830DNEY;C830DNEY;20152437;1
2908;C830DNEM;C830DNEM;20152420;1
2907;C830DNEC;C830DNEC;20152413;1
2902;C811M;C811M;20152321;1
2901;C811C;C811C;20152307;1
2903;C811Y;C811Y;20152314;1
4222;841579;841579;20151997;1
4509;842080;842080;20151942;1
4510;842081;842081;20154523;1
3870;407902;407902;20153250;1
3528;53603;53603;20151386;1
3526;53601;53601;20151362;1
3527;53602;53602;20151355;1
0526;FA78A;FA78A;20148072;1
1008;43324403;43324403;;1
1030;43487733;43487733;;1
1029;43487734;43487734;;1
3556;1239901;1239901;20145958;1
1028;43487735;43487735;;1
1010;43324401;43324401;20144029;1
1005;43381905;43381905;20143275;1
1004;43381906;43381906;20143268;1
0519;42127405;42127405;20143176;1
0520;42127406;42127406;20143169;1
0518;42127407;42127407;20143152;1
1009;43324402;43324402;20142971;1
5997;TZE445;TZE445;20455798;1
1014;43865722;43865722;20142315;1
2776;X746A1CG;X746A1CG;20140991;1
2777;X746A1MG;X746A1MG;20141004;1
1273;15M0120;15M0120;20140007;1
1465;18C1529E;18C1529E;20140021;1
3003;20K1401M;20K1401M;20139384;1
3004;20K1402Y;20K1402Y;20139391;1
3002;20K1400C;20K1400C;20139377;1
1462;18C0035;18C0035;;1
3394;E450H11E;E450H11E;20137908;1
1595;18C0035E;18C0035E;20137311;1
2778;X746A1YG;X746A1YG;20137182;1
0550;TK825M;TK825M;20134174;1
0549;TK825C;TK825C;20134167;1
0551;TK825Y;TK825Y;20133689;1
0545;TK510C;TK510C;20515713;1
0547;TK510Y;TK510Y;20124861;1
0546;TK510M;TK510M;20503109;1
0543;TK520Y;TK520Y;20121396;1
0541;TK520C;TK520C;20121372;1
0542;TK520M;TK520M;20121389;1
2382;TN318Y;TN318Y;20117917;1
2381;TN318M;TN318M;20117894;1
2380;TN318C;TN318C;20117856;1
3007;4174303;4174303;20117108;1
3398;TN210Y;TN210Y;20117146;1
2872;№91;№91;20115562;1
0846;№901;№901;20111298;1
2862;T2500;T2500;20105679;1
1568;70;70;20364106;1
1566;70;70;20364083;1
1567;70;70;20364090;1
1564;70;70;20364069;1
1571;;;20364038;1
2874;№91;№91;20104184;1
2873;№91;№91;20104177;1
2871;№91;№91;20104160;1
2870;№91;№91;20104153;1
2868;№91;№91;20104146;1
3358;991XL;991XL;20103750;1
3357;991XL;991XL;20103743;1
2864;№727;№727;20105716;1
1570;70;70;20364120;1
0971;88XLC;88XLC;20102593;1
0312;138;138;20102531;1
0965;T1708;T1708;20102524;1
0964;T1200;T1200;20102500;1
0319;82Y;82Y;20102395;1
0317;82C;82C;20103125;1
0967;72GY;72GY;20102210;1
0314;11;11;20102197;1
1569;70;70;20101435;1
5683;;;20501051;1
3558;123XXL;123XXL;20101015;1
3624;№140;№140;20316105;1
3625;№141;№141;20316129;1
0966;72Y;72Y;20452070;1
0972;88XLM;88XLM;20100704;1
3356;991XL;991XL;20103736;1
0973;88XLY;88XLY;20100377;1
3422;Q7516X;Q7516X;20069865;1
3419;CE403X;CE403X;20067915;1
3420;CE402X;CE402X;20067885;1
3418;CE401X;CE401X;20067854;1
3415;CE253X;CE253X;20067397;1
3416;CE252X;CE252X;20067373;1
3414;CE251X;CE251X;20067366;1
3609;C4127A;C4127A;20064761;1
2397;CF364Y;CF364Y;20063207;1
0754;CB436X;CB436X;20061616;1
4316;W9062MC;W9062MC;20451677;1
3829;SJIC26PM;SJIC26PM;20058708;1
1246;T0343;T0343;20057749;1
4676;T02Q4;T02Q4;20451035;1
4675;T02Q3;T02Q3;20451028;1
4674;T02Q2;T02Q2;20451011;1
3828;SJIC26PC;SJIC26PC;20056827;1
3835;SJIC30PY;SJIC30PY;20056711;1
1245;T0342;T0342;20056346;1
4106;T6533;T6533;20055271;1
3834;SJIC30PM;SJIC30PM;20055479;1
4105;T6532;T6532;20055257;1
4114;T653B;T653B;20055387;1
4113;T653A;T653A;20055370;1
4112;T6539;T6539;20055363;1
4110;T6536;T6536;20055318;1
4109;T6535;T6535;20055295;1
4107;T6534;T6534;20055288;1
4108;T6531;T6531;20055240;1
2695;T6067;T6067;20055028;1
6023;TZES731;TZES731;20456054;1
0835;T020;T020;20329419;1
2854;T6034;T6034;20052621;1
6025;TZES931;TZES931;20456078;1
0486;T014;T014;20495756;1
1250;T0347;T0347;20051662;1
3833;SJIC30PC;SJIC30PC;20051600;1
0290;T008;T008;20319533;1
0480;T027;T027;20324469;1
5227;112;112;20512057;1
5225;112;112;20512040;1
2700;T6122;T6122;20048754;1
2702;T6124;T6124;20048747;1
1251;T0348;T0348;20048600;1
2816;T676XL3;T676XL3;20048549;1
1247;T0344;T0344;20048495;1
1249;T0346;T0346;20048419;1
2856;T6036;T6036;20047078;1
2701;T6123;T6123;20046682;1
2855;T6035;T6035;20046590;1
2690;T6062;T6062;20046170;1
2691;T6063;T6063;20046125;1
1539;T1634;T1634;20046019;1
2687;T1599;T1599;20045975;1
1537;T1632;T1632;20046477;1
1538;T1633;T1633;20046002;1
2685;T1594;T1594;20045937;1
2693;T6065;T6065;20045920;1
2684;T1592;T1592;20045906;1
2686;T1593;T1593;20045913;1
2683;T1590;T1590;20045883;1
2815;T676XL2;T676XL2;20045654;1
2696;T6069;T6069;20045609;1
0488;T067;T067;20045944;1
2852;T6032;T6032;20044862;1
4552;T101 /001;T101 /001;20003661;1
0477;T017;T017;20044138;1
0923;T1302XL;T1302XL;20043995;1
2817;T676XL4;T676XL4;20043872;1
1248;T0345;T0345;20043803;1
3830;SJIC26PY;SJIC26PY;20043735;1
4847;T46SD;T46SD;20043650;1
4846;T46S9;T46S9;20043643;1
4845;T46S7;T46S7;20043629;1
4844;T46S6;T46S6;20043612;1
4843;T46S5;T46S5;20043582;1
4842;T46S4;T46S4;20043551;1
4841;T46S3;T46S3;20043537;1
4840;T46S2;T46S2;20043483;1
4839;T46S1;T46S1;20043469;1
0836;T029;T029;20043209;1
0482;T037;T037;20043193;1
0484;T041;T041;20319052;1
0470;S050611;S050611;20042271;1
0476;S050627;S050627;20041793;1
0475;S050628;S050628;20041786;1
0474;S050629;S050629;20041779;1
0472;S050613;S050613;20041427;1
0471;S050612;S050612;20041311;1
3037;1000CO;1000CO;20038625;1
3044;1000R;1000R;20038106;1
2680;1411Y;1411Y;20037475;1
2679;1411PM;1411PM;20037468;1
2678;1411PC;1411PC;20037451;1
2676;1411C;1411C;20037437;1
2677;1411M;1411M;20037444;1
2835;207MK;207MK;20036669;1
3043;1000PM;1000PM;20036201;1
3042;1000PGY;1000PGY;20035723;1
1482;CLI526C;CLI526C;20034436;1
3041;1000PC;1000PC;20034375;1
2825;106MBK;106MBK;20033569;1
2823;106GY;106GY;20033552;1
3040;1000PBK;1000PBK;20033484;1
1501;PGI29R;PGI29R;20032906;1
1502;PGI29Y;PGI29Y;20032913;1
1500;PGI29PM;PGI29PM;20032883;1
1499;PGI29PC;PGI29PC;20032876;1
1497;29MBK;29MBK;20032852;1
1495;29LGY;29LGY;20032838;1
1496;PGI29M;PGI29M;20032845;1
1492;PGI29CO;PGI29CO;20032807;1
1493;29DGY;29DGY;20032814;1
1494;PGI29GY;PGI29GY;20032821;1
1491;PGI29C;PGI29C;20032784;1
1628;732Y;732Y;20028688;1
2992;701Y;701Y;20027452;1
2990;701C;701C;20027438;1
1627;732M;732M;20027162;1
3011;CEXV28C;CEXV28C;20450151;1
2830;PFI106Y;PFI106Y;20025465;1
1521;EP25A;EP25A;20469429;1
4047;PFI206R;PFI206R;;1
4043;206PC;206PC;;1
1471;225XLM;225XLM;20019013;1
2801;MLTY607S;MLTY607S;;1
2829;PFI106R;PFI106R;20022143;1
2828;106PM;106PM;20022136;1
2827;106PGY;106PGY;20022129;1
2824;PFI106M;PFI106M;20022105;1
2826;106PC;106PC;20022112;1
2822;PFI106G;PFI106G;20022099;1
2821;PFI106C;PFI106C;20022082;1
2820;PFI106B;PFI106B;20022051;1
1626;732HBK;732HBK;20021627;1
5224;057;057;20358051;1
5236;069;069;20020866;1
5235;069;069;20024123;1
5234;069;069;20020828;1
2881;CEXV31Y;CEXV31Y;20020224;1
2879;CEXV31C;CEXV31C;20020200;1
3012;CEXV28M;CEXV28M;20020118;1
2717;CEXV26Y;CEXV26Y;20020095;1
2716;CEXV26M;CEXV26M;20020088;1
2715;CEXV26C;CEXV26C;20020057;1
1472;225XLY;225XLY;20019242;1
1470;225XLC;225XLC;20018856;1
2753;TN900C;TN900C;20015978;1
2755;TN900Y;TN900Y;20010300;1
2754;TN900M;TN900M;20008963;1
4550;T101 /001;T101 /001;20003678;1
2844;706MK;706MK;20037987;1
2837;PFI207;PFI207;20447267;1
4551;T101 /001;T101 /001;20003685;1
6157;универсальные пигментные Epson 100 мл;универсальные пигментные Epson 100 мл;20459093;1
5682;HP178;HP178;20501044;1
5650;универсальные Epson LС 100 мл.;универсальные Epson LС 100 мл.;20469245;1
2857;T6038;T6038;;1
6855;CF226XL;CF226XL;20526115;1
6437;TN2424;TN2424;20479800;1
6436;DR2401;DR2401;20479794;1
6078;№110;№110;20458010;1
6026;TZES941;TZES941;20456085;1
6022;TZES541;TZES541;20456047;1
6021;TZES531;TZES531;20456030;1
6020;TZES441;TZES441;20456023;1
6019;TZES431;TZES431;20456016;1
6017;TZEM941;TZEM941;20455996;1
6015;TZEFX731;TZEFX731;20455972;1
6012;TZEFX531;TZEFX531;20455941;1
6011;TZEFX431;TZEFX431;20455934;1
6009;TZEFX131;TZEFX131;20455910;1
6008;TZED31;TZED31;20455903;1
6003;TZE841;TZE841;20455859;1
6002;TZE831;TZE831;20455842;1
6000;TZE632;TZE632;20455828;1
6001;TZE745;TZE745;20455835;1
5999;TZE545;TZE545;20455811;1
5995;K5YBF;K5YBF;20455774;1
5991;K4TRN;K4TRN;20455736;1
5990;K4TLW;K4TLW;20455729;1
5988;K4RWP;K4RWP;20455705;1
5987;K4PBP;K4PBP;20455699;1
5986;K4LWV;K4LWV;20455682;1
5983;K4GWP;K4GWP;20455651;1
5976;C53S655014;C53S655014;20455583;1
5974;BLK6WBA14;BLK6WBA14;20455569;1
5973;BLK5YBA11;BLK5YBA11;20455552;1
5673;HP121;HP121;20415570;1
5658;универсальные HP Y 100 мл.;универсальные HP Y 100 мл.;20435363;1
5680;HP178;HP178;20501013;1
5689;;;20501006;1
5676;HP131;HP131;20415686;1
5657;универсальные HP M 100 мл.;универсальные HP M 100 мл.;20435356;1
5653;универсальные Epson Y 100 мл.;универсальные Epson Y 100 мл.;20469214;1
5694;E-110 Bk;E-110 Bk;;1
5655;универсальные HP BK 100 мл.;универсальные HP BK 100 мл.;20415600;1
5649;универсальные Epson С 100 мл.;универсальные Epson С 100 мл.;20415396;1
5660;универсальные пигментные HP BK 100 мл.;универсальные пигментные HP BK 100 мл.;20415556;1
5648;универсальные Epson BK 100 мл.;универсальные Epson BK 100 мл.;20415365;1
5642;универсальные водные Canon BK 100 мл.;универсальные водные Canon BK 100 мл.;;1
5647;универсальные пигментные Canon BK 100 мл.;универсальные пигментные Canon BK 100 мл.;20473150;1
5645;универсальные водные Canon Y 100 мл.;универсальные водные Canon Y 100 мл.;;1
5644;универсальные водные Canon M 100 мл.;универсальные водные Canon M 100 мл.;;1
5643;универсальные водные Canon C 100 мл.;универсальные водные Canon C 100 мл.;;1
5671;;;20415181;1
4546;T003;T003;;1
4545;T003;T003;;1
4049;PFI206B;PFI206B;;1
4045;206GY;206GY;;1
4048;PFI206G;PFI206G;;1
3611;№12;№12;;1
3610;№12;№12;;1
2946;CVB4;CVB4;;1
2942;CVA4;CVA4;;1
2799;C607S;C607S;;1
5579;070;070;20425876;1
5485;069 Y;069 Y;20425173;1
5486;069 M;069 M;20425166;1
5487;069 C;069 C;20425111;1
5488;069 BK;069 BK;20425104;1
5476;BCI6EY;BCI6EY;20358839;1
4577;LK5SBE;LK5SBE;20455033;1
4562;LK4WRN;LK4WRN;;1
2669;1340E;1340E;;1
1623;717Y;717Y;;1
1622;717M;717M;;1
1348;016168500;016168500;;1
1346;016165800;016165800;;1
7146;;;;0
7013;CTLR2100HC;CTLR2100HC;20547288;0
7012;CTLR2100HK;CTLR2100HK;20547271;0
7015;CTLR2100HY;CTLR2100HY;20547301;0
7014;CTLR2100HM;CTLR2100HM;20547295;0
7138;;;20555702;0
7139;;;20555719;0
7137;;;20555696;0
7128;;;;0
7123;;;;0
2580;DS T052 цветной;DS T052 цветной;;0
