vendorCode;oem;ранг;карточек;выручка_год_₽
4751;PG-460XL-CL-461XL;1;2;1248828
0280;MLT-D104S;2;17;1219497
1032;KX-FAT410A;3;5;1075237
3770;W2070X-W2073X;4;2;691677
3262;PC-211EV;5;20;461770
0851;TN-2375;6;17;435000
5443;LC-472XLBK;7;2;421140
0274;MLT-D101S;8;11;386223
1042;MLT-D111S;9;9;351050
2312;650;10;8;335910
5624;TK-5370;11;2;300391
2287;CLT-406S;12;2;276424
6384;TL-R5220X;13;2;246852
6404;W2300A-W2303A;14;2;224278
1718;TK-1150;15;9;216589
4485;CTL-1100XK;16;2;197416
2393;KP-108;17;2;196891
3208;CF360A-CF363A;18;2;194999
5634;TK-5440;19;2;194865
0018;E30;20;15;177159
0721;CLT-407;21;2;176966
2415;TK-8115;22;2;174402
2365;TK-1200;23;9;171638
4312;TN-328K-TN-328C;24;1;169378
5340;106R01159;25;6;167220
3441;T9651;26;3;163069
2315;TN-1095;27;6;156396
2286;106R01634-106r01631;28;2;148116
2139;TK-5240;29;2;147728
4268;006R01701-006R01704;30;2;145963
0306;;31;7;144254
2986;CLT-R406;32;2;142317
0171;CLP-300;33;2;140049
5339;Q7553A;34;5;138896
1285;TN-3480;35;10;135927
4147;№963XL;36;2;135023
0005;CLT-404S;37;2;133126
1170;TN-1075;38;11;130637
0328;178XL;39;22;122080
5848;W1580X;40;4;119901
2404;TK-5270;41;1;117040
0333;21XL-22XL;42;2;114266
6413;TK-5450;43;2;113874
1222;LC529XL-LC525XL;44;2;112275
0720;CLT-409;45;2;111549
1325;SP150HE;46;6;107631
5438;006R01828;47;2;106520
3370;T8651;48;4;104518
0335;45-78;49;2;102560
6297;BPGT20BA-BPGT20YA;50;2;100626
2187;№953XL;51;2;100019
4640;652XL;52;2;97108
0110;MLT-D108S;53;6;94065
0034;PGI-1400XL;54;2;91105
5544;DR-421CL;55;2;88350
5629;TK-5380;56;2;88239
3435;TN-217;57;2;87614
3754;46861324-46861321;58;1;85475
3087;903XL;59;2;85218
3360;№991XL;60;1;84536
2392;TN-423;61;2;84244
5597;W1510X;62;4;82255
3681;PFI-710;63;1;79586
0343;178XL;64;2;79276
0275;MLT-D105S;65;4;77903
1945;DK-170;66;2;77617
4481;CTL-1100XK;67;5;76847
2803;MLT-R309;68;1;75936
6248;PG-37/CL-38;69;2;75853
1851;013R00662;70;2;73078
5771;W2300X-W2303X;71;1;71828
2171;TK-5220;72;2;70431
4745;CL-461XL;73;2;69080
0194;;74;17;69037
2490;CLT-R409;75;1;68167
1053;CLT-504S;76;2;67631
4650;TK-8545;77;1;66953
0337;140XL-141XL;78;2;65989
4476;730CMYKGY;79;1;63018
5482;TK-1248;80;2;61728
2965;DK-1150;81;2;61339
4671;CTL-1100HK;82;2;60580
5519;W1420A;83;7;58966
0905;LC-1240;84;2;58716
5287;T1A;85;4;58200
0338;121XL;86;2;57547
3075;728XL;87;2;56906
0004;Q2613A;88;2;56448
1215;60F5H0E;89;5;56020
0667;113R00723;90;1;55440
4146;№963XL;91;4;54970
2642;TN-324;92;2;54238
3069;T9451-T9454;93;2;53815
2266;TK-590;94;2;53558
0237;TK-1140;95;5;53446
3516;CLT-503L;96;1;52422
0952;951XL;97;2;49994
6575;PGI-35Bk-CLI-36;98;2;49984
6691;;99;1;49099
1308;50F5X00;100;4;48065
1441;TK-8305;101;1;48016
0501;12036SE;102;4;47722
6576;131-135;103;2;47702
0429;C4129X;104;3;47563
5545;W1106X;105;2;47182
0849;LC-1100;106;2;46992
0991;44973541-44973544;107;2;46824
2240;TN-241-TN-245;108;1;46517
0374;707;109;1;46183
3216;TN-421;110;2;45799
5791;DV-1140;111;2;45443
4530;MX-61GTBA;112;1;45059
0777;CE740A;113;4;44908
6263;№62XL;114;1;44566
2298;PG40-CL41;115;2;44262
4355;653;116;2;44045
2250;CLI-451;117;2;43726
3902;№912XL;118;2;43223
5065;TN-610;119;1;43074
5631;TK-5440K;120;2;41846
1293;TN-116;121;5;41651
0197;131;122;9;41105
6289;PJIC1;123;1;40745
2031;TN-321;124;1;40607
4159;TL-5120H;125;7;40210
1372;106R03623;126;4;39584
3108;CLT-506L;127;2;39099
0863;TK-3100;128;4;38982
4932;74C5SKE-74C5SYE;129;2;38305
0342;920XL;130;1;38262
2300;PG50-CL51;131;2;38150
6418;TK-5490;132;1;37912
6112;KC-36IP;133;3;37832
4247;006R01529-006R01532;134;1;37126
5530;W1510X;135;2;36516
4830;W1104A;136;2;36423
1946;DK-150;137;2;36354
5089;DR-214K;138;2;36247
3669;106R03765;139;2;36077
0038;PGI-2400XL;140;2;35942
3083;903XL;141;5;35589
0848;LC-1000;142;3;35336
5521;071H;143;1;34926
3821;SPC250H;144;2;34235
4320;T6932;145;1;33993
0666;113R00724;146;1;33025
5584;X-15000;147;2;33003
0826;MLT-D117S;148;5;32622
0182;PG-40BK;149;8;32468
4164;006R01754-006R01757;150;1;32312
4248;006R01754;151;1;31886
0664;113R00726;152;1;31840
0341;940XL;153;2;31583
3766;W2070X;154;2;31528
0025;Q7551A;155;1;31507
2705;123XL;156;3;31442
0665;113R00725;157;1;31430
1999;DR-512K;158;2;31226
5730;W1520X;159;3;31142
5430;305XL;160;2;31078
3366;TK-8525;161;2;31052
0101;27-28;162;2;30997
0787;106R01634;163;5;30748
4137;W1120A;164;2;30516
3670;106R03768;165;2;30021
4734;TN-227;166;2;29676
1444;CLI-471XL;167;2;29563
6117;;168;1;29508
3405;E260X22G;169;3;29236
3522;T9441-T9444;170;1;29201
5426;DR-316;171;1;28816
0932;T2621XL-T2634XL;172;2;28700
1328;CLT-K404S;173;4;28604
3671;106R03767;174;2;28594
0506;E260A21E;175;3;28251
1216;SP101E;176;2;27692
0058;PGI-9;177;1;27676
5546;067BK;178;3;27595
5348;109R00748;179;2;27497
4382;122;180;1;27406
4542;W1106XL;181;1;27294
2152;CF540A;182;2;27130
3486;PG-445XL;183;1;27005
3709;TN-321;184;1;26977
0740;Q6000A;185;6;26913
3169;106R03941;186;3;26789
4266;006R01703;187;1;26582
0817;№177XL;188;2;26227
3855;№774BK;189;7;26167
5969;TN-2510XL;190;2;26140
1214;TK-895;191;2;25958
0195;;192;6;25913
2213;LX-350;193;4;25704
1319;45807106;194;4;25549
1864;106R01582;195;1;25396
3553;TN-514;196;1;25188
0303;;197;6;25160
3560;PFI-120MBK;198;2;24629
0099;56-57;199;2;24622
3265;PC-110H;200;6;24553
2764;TK-8335;201;1;24268
1306;50F5H00;202;3;24255
2049;TNP-24;203;4;24105
1156;CF360X-CF363X;204;1;24023
6405;TN-116/TN-118;205;3;23970
5715;TK-7235;206;3;23877
1112;106R02612-106R02609;207;2;23843
0121;TK-420;208;5;23839
4367;;209;3;23761
5527;W1450X;210;3;23620
4802;PC-211EV;211;3;23369
3412;TK-8800;212;2;23352
1384;731H;213;4;23268
3769;W2072X;214;2;23020
6659;;215;1;22878
2769;TK-8345;216;2;22513
